#options: 640x360 fps=25/1 timebase=1/25 bitdepth=8 cabac=1 ref=1 deblock=1:0:0 analyse=0x1:0 me=dia subme=2 psy=1 psy_rd=1.00:0.00 mixed_ref=0 me_range=16 chroma_me=1 trellis=0 8x8dct=0 cqm=0 deadzone=21,11 fast_pskip=1 chroma_qp_offset=0 threads=11 lookahead_threads=2 sliced_threads=0 nr=0 decimate=1 interlaced=0 bluray_compat=0 constrained_intra=0 bframes=3 b_pyramid=2 b_adapt=1 b_bias=0 direct=1 weightb=1 open_gop=0 weightp=2 keyint=250 keyint_min=25 scenecut=40 intra_refresh=0 rc_lookahead=40 rc=abr mbtree=1 bitrate=420 ratetol=1.0 qcomp=0.60 qpmin=0 qpmax=69 qpstep=4 ip_ratio=1.40 aq=1:1.00
in:0 out:0 type:I dur:2 cpbdur:2 q:35.37 aq:28.28 tex:69971 mv:18749 misc:120 imb:920 pmb:0 smb:0 d:- ref:;
in:4 out:1 type:P dur:2 cpbdur:2 q:36.28 aq:29.57 tex:14939 mv:3651 misc:858 imb:116 pmb:380 smb:424 d:- ref:0 ;
in:2 out:2 type:B dur:2 cpbdur:2 q:36.28 aq:30.58 tex:2033 mv:1691 misc:620 imb:19 pmb:168 smb:733 d:- ref:0 ;
in:1 out:3 type:b dur:2 cpbdur:2 q:36.28 aq:26.50 tex:115 mv:77 misc:256 imb:0 pmb:34 smb:886 d:- ref:0 ;
in:3 out:4 type:b dur:2 cpbdur:2 q:36.28 aq:36.04 tex:1599 mv:1473 misc:400 imb:9 pmb:126 smb:785 d:- ref:0 ;
in:8 out:5 type:P dur:2 cpbdur:2 q:36.06 aq:28.85 tex:16545 mv:3666 misc:869 imb:79 pmb:363 smb:478 d:- ref:0 ;
in:6 out:6 type:B dur:2 cpbdur:2 q:36.17 aq:35.85 tex:2522 mv:2398 misc:568 imb:13 pmb:185 smb:722 d:- ref:0 ;
in:5 out:7 type:b dur:2 cpbdur:2 q:36.22 aq:33.32 tex:1297 mv:1368 misc:367 imb:3 pmb:99 smb:818 d:- ref:0 ;
in:7 out:8 type:b dur:2 cpbdur:2 q:36.11 aq:36.79 tex:937 mv:1057 misc:374 imb:2 pmb:95 smb:823 d:- ref:0 ;
in:12 out:9 type:P dur:2 cpbdur:2 q:35.81 aq:29.12 tex:11548 mv:2782 misc:878 imb:59 pmb:321 smb:540 d:- ref:0 ;
in:10 out:10 type:B dur:2 cpbdur:2 q:35.93 aq:33.74 tex:1321 mv:1356 misc:395 imb:4 pmb:105 smb:811 d:- ref:0 ;
in:9 out:11 type:b dur:2 cpbdur:2 q:35.99 aq:30.72 tex:283 mv:628 misc:249 imb:0 pmb:49 smb:871 d:- ref:0 ;
in:11 out:12 type:b dur:2 cpbdur:2 q:35.87 aq:28.96 tex:695 mv:660 misc:333 imb:3 pmb:63 smb:854 d:- ref:0 ;
in:16 out:13 type:P dur:2 cpbdur:2 q:39.81 aq:36.83 tex:4722 mv:1956 misc:506 imb:81 pmb:131 smb:708 d:- ref:0 ;
in:14 out:14 type:B dur:2 cpbdur:2 q:37.81 aq:32.77 tex:870 mv:1294 misc:460 imb:15 pmb:119 smb:786 d:- ref:0 ;
in:13 out:15 type:b dur:2 cpbdur:2 q:36.81 aq:29.28 tex:168 mv:443 misc:229 imb:1 pmb:31 smb:888 d:- ref:0 ;
in:15 out:16 type:b dur:2 cpbdur:2 q:38.81 aq:36.93 tex:1112 mv:1513 misc:439 imb:16 pmb:121 smb:783 d:- ref:0 ;
in:18 out:17 type:P dur:2 cpbdur:2 q:36.28 aq:30.41 tex:11671 mv:2785 misc:704 imb:92 pmb:242 smb:586 d:- ref:0 ;
in:17 out:18 type:b dur:2 cpbdur:2 q:38.04 aq:34.26 tex:1099 mv:1336 misc:293 imb:18 pmb:90 smb:812 d:- ref:0 ;
in:20 out:19 type:P dur:2 cpbdur:2 q:34.40 aq:28.22 tex:26128 mv:3837 misc:827 imb:119 pmb:407 smb:394 d:- ref:0 ;
in:19 out:20 type:b dur:2 cpbdur:2 q:35.34 aq:33.21 tex:2093 mv:1672 misc:451 imb:4 pmb:143 smb:773 d:- ref:0 ;
in:24 out:21 type:P dur:2 cpbdur:2 q:33.57 aq:28.19 tex:21373 mv:3650 misc:793 imb:54 pmb:399 smb:467 d:- ref:0 ;
in:22 out:22 type:B dur:2 cpbdur:2 q:33.98 aq:32.30 tex:7359 mv:2825 misc:488 imb:5 pmb:210 smb:705 d:- ref:0 ;
in:21 out:23 type:b dur:2 cpbdur:2 q:34.19 aq:34.40 tex:1705 mv:1791 misc:496 imb:2 pmb:150 smb:768 d:- ref:0 ;
in:23 out:24 type:b dur:2 cpbdur:2 q:33.78 aq:34.64 tex:1613 mv:1575 misc:412 imb:1 pmb:130 smb:789 d:- ref:0 ;
in:28 out:25 type:P dur:2 cpbdur:2 q:31.30 aq:25.70 tex:42120 mv:4450 misc:774 imb:146 pmb:496 smb:278 d:- ref:0 ;
in:26 out:26 type:B dur:2 cpbdur:2 q:32.44 aq:29.45 tex:11215 mv:3581 misc:484 imb:50 pmb:193 smb:677 d:- ref:0 ;
in:25 out:27 type:b dur:2 cpbdur:2 q:33.00 aq:25.97 tex:99 mv:156 misc:385 imb:1 pmb:78 smb:841 d:- ref:0 ;
in:27 out:28 type:b dur:2 cpbdur:2 q:31.87 aq:28.77 tex:3551 mv:2275 misc:494 imb:13 pmb:176 smb:731 d:- ref:0 ;
in:32 out:29 type:P dur:2 cpbdur:2 q:30.22 aq:24.25 tex:34249 mv:3875 misc:900 imb:102 pmb:523 smb:295 d:- ref:0 ;
in:30 out:30 type:B dur:2 cpbdur:2 q:30.76 aq:26.83 tex:4845 mv:2397 misc:558 imb:8 pmb:166 smb:746 d:- ref:0 ;
in:29 out:31 type:b dur:2 cpbdur:2 q:31.03 aq:22.42 tex:1564 mv:1561 misc:307 imb:3 pmb:95 smb:822 d:- ref:0 ;
in:31 out:32 type:b dur:2 cpbdur:2 q:30.49 aq:23.09 tex:1285 mv:1049 misc:330 imb:3 pmb:84 smb:833 d:- ref:0 ;
in:36 out:33 type:P dur:2 cpbdur:2 q:30.82 aq:28.28 tex:14218 mv:2463 misc:543 imb:58 pmb:201 smb:661 d:- ref:0 ;
in:34 out:34 type:B dur:2 cpbdur:2 q:30.52 aq:27.91 tex:3938 mv:2005 misc:505 imb:5 pmb:185 smb:730 d:- ref:0 ;
in:33 out:35 type:b dur:2 cpbdur:2 q:30.37 aq:24.74 tex:998 mv:906 misc:336 imb:2 pmb:79 smb:839 d:- ref:0 ;
in:35 out:36 type:b dur:2 cpbdur:2 q:30.67 aq:32.90 tex:2576 mv:1808 misc:368 imb:4 pmb:116 smb:800 d:- ref:0 ;
in:40 out:37 type:P dur:2 cpbdur:2 q:30.87 aq:29.67 tex:22508 mv:2990 misc:462 imb:123 pmb:195 smb:602 d:- ref:0 ;
in:38 out:38 type:B dur:2 cpbdur:2 q:30.84 aq:30.93 tex:11819 mv:3635 misc:418 imb:26 pmb:238 smb:656 d:- ref:0 ;
in:37 out:39 type:b dur:2 cpbdur:2 q:30.83 aq:31.77 tex:5420 mv:3075 misc:449 imb:18 pmb:196 smb:706 d:- ref:0 ;
in:39 out:40 type:b dur:2 cpbdur:2 q:30.85 aq:30.37 tex:3874 mv:2460 misc:426 imb:7 pmb:155 smb:758 d:- ref:0 ;
in:41 out:41 type:P dur:2 cpbdur:2 q:30.44 aq:31.81 tex:11570 mv:2640 misc:454 imb:30 pmb:254 smb:636 d:- ref:0 ;
in:42 out:42 type:I dur:2 cpbdur:2 q:29.71 aq:19.29 tex:21585 mv:8311 misc:112 imb:920 pmb:0 smb:0 d:- ref:;
in:43 out:43 type:P dur:2 cpbdur:2 q:30.24 aq:18.72 tex:13675 mv:4071 misc:318 imb:259 pmb:184 smb:477 d:- ref:0 ;
in:44 out:44 type:P dur:2 cpbdur:2 q:30.23 aq:18.55 tex:18040 mv:3682 misc:310 imb:381 pmb:170 smb:369 d:- ref:0 ;
in:45 out:45 type:P dur:2 cpbdur:2 q:30.13 aq:17.77 tex:22636 mv:3261 misc:279 imb:151 pmb:157 smb:612 d:- ref:0 ;
in:46 out:46 type:P dur:2 cpbdur:2 q:30.00 aq:17.16 tex:27020 mv:3378 misc:242 imb:431 pmb:172 smb:317 d:- ref:0 ;
in:47 out:47 type:P dur:2 cpbdur:2 q:29.93 aq:15.79 tex:18685 mv:2578 misc:313 imb:85 pmb:195 smb:640 d:- ref:0 ;
in:49 out:48 type:P dur:2 cpbdur:2 q:29.99 aq:14.66 tex:21453 mv:2669 misc:334 imb:88 pmb:187 smb:645 d:- ref:0 ;
in:48 out:49 type:b dur:2 cpbdur:2 q:29.96 aq:25.42 tex:998 mv:2217 misc:449 imb:21 pmb:149 smb:750 d:- ref:0 ;
in:51 out:50 type:P dur:2 cpbdur:2 q:29.98 aq:13.97 tex:24808 mv:2668 misc:340 imb:245 pmb:168 smb:507 d:- ref:0 ;
in:50 out:51 type:b dur:2 cpbdur:2 q:29.99 aq:21.12 tex:617 mv:2301 misc:402 imb:10 pmb:160 smb:750 d:- ref:0 ;
in:55 out:52 type:P dur:2 cpbdur:2 q:29.81 aq:12.35 tex:20811 mv:2419 misc:314 imb:82 pmb:174 smb:664 d:- ref:0 ;
in:53 out:53 type:B dur:2 cpbdur:2 q:29.89 aq:18.54 tex:1394 mv:2022 misc:424 imb:15 pmb:148 smb:757 d:- ref:0 ;
in:52 out:54 type:b dur:2 cpbdur:2 q:29.94 aq:24.12 tex:199 mv:1249 misc:376 imb:9 pmb:98 smb:813 d:- ref:0 ;
in:54 out:55 type:b dur:2 cpbdur:2 q:29.85 aq:28.38 tex:326 mv:986 misc:360 imb:1 pmb:89 smb:830 d:- ref:0 ;
in:59 out:56 type:P dur:2 cpbdur:2 q:29.79 aq:12.10 tex:16877 mv:2143 misc:324 imb:209 pmb:165 smb:546 d:- ref:0 ;
in:57 out:57 type:B dur:2 cpbdur:2 q:29.80 aq:25.97 tex:1247 mv:1719 misc:426 imb:8 pmb:143 smb:769 d:- ref:0 ;
in:56 out:58 type:b dur:2 cpbdur:2 q:29.80 aq:27.77 tex:754 mv:1275 misc:403 imb:3 pmb:124 smb:793 d:- ref:0 ;
in:58 out:59 type:b dur:2 cpbdur:2 q:29.79 aq:21.29 tex:407 mv:627 misc:334 imb:8 pmb:53 smb:859 d:- ref:0 ;
in:63 out:60 type:P dur:2 cpbdur:2 q:29.77 aq:13.40 tex:13948 mv:1803 misc:361 imb:227 pmb:167 smb:526 d:- ref:0 ;
in:61 out:61 type:B dur:2 cpbdur:2 q:29.78 aq:26.53 tex:1060 mv:1384 misc:396 imb:7 pmb:108 smb:805 d:- ref:0 ;
in:60 out:62 type:b dur:2 cpbdur:2 q:29.78 aq:28.25 tex:151 mv:749 misc:324 imb:5 pmb:60 smb:855 d:- ref:0 ;
in:62 out:63 type:b dur:2 cpbdur:2 q:29.78 aq:25.25 tex:158 mv:345 misc:249 imb:0 pmb:36 smb:884 d:- ref:0 ;
in:67 out:64 type:P dur:2 cpbdur:2 q:29.42 aq:13.80 tex:12779 mv:1358 misc:319 imb:36 pmb:164 smb:720 d:- ref:0 ;
in:65 out:65 type:B dur:2 cpbdur:2 q:29.60 aq:25.89 tex:499 mv:826 misc:347 imb:3 pmb:71 smb:846 d:- ref:0 ;
in:64 out:66 type:b dur:2 cpbdur:2 q:29.69 aq:25.84 tex:104 mv:263 misc:225 imb:0 pmb:23 smb:897 d:- ref:0 ;
in:66 out:67 type:b dur:2 cpbdur:2 q:29.51 aq:24.01 tex:129 mv:436 misc:299 imb:0 pmb:53 smb:867 d:- ref:0 ;
in:71 out:68 type:P dur:2 cpbdur:2 q:28.74 aq:14.04 tex:11951 mv:1066 misc:327 imb:40 pmb:160 smb:720 d:- ref:0 ;
in:69 out:69 type:B dur:2 cpbdur:2 q:29.08 aq:22.17 tex:326 mv:389 misc:277 imb:1 pmb:35 smb:884 d:- ref:0 ;
in:68 out:70 type:b dur:2 cpbdur:2 q:29.25 aq:24.15 tex:96 mv:19 misc:157 imb:0 pmb:3 smb:917 d:- ref:0 ;
in:70 out:71 type:b dur:2 cpbdur:2 q:28.91 aq:23.19 tex:272 mv:81 misc:223 imb:1 pmb:13 smb:906 d:- ref:0 ;
in:75 out:72 type:P dur:2 cpbdur:2 q:27.95 aq:12.80 tex:11134 mv:943 misc:339 imb:42 pmb:149 smb:729 d:- ref:0 ;
in:73 out:73 type:B dur:2 cpbdur:2 q:28.35 aq:22.40 tex:240 mv:72 misc:200 imb:1 pmb:8 smb:911 d:- ref:0 ;
in:72 out:74 type:b dur:2 cpbdur:2 q:28.54 aq:20.25 tex:39 mv:6 misc:139 imb:0 pmb:1 smb:919 d:- ref:0 ;
in:74 out:75 type:b dur:2 cpbdur:2 q:28.15 aq:13.00 tex:0 mv:0 misc:128 imb:0 pmb:0 smb:920 d:- ref:0 ;
in:79 out:76 type:P dur:2 cpbdur:2 q:27.20 aq:19.43 tex:3767 mv:265 misc:392 imb:6 pmb:84 smb:830 d:- ref:0 ;
in:77 out:77 type:B dur:2 cpbdur:2 q:27.58 aq:19.69 tex:382 mv:88 misc:242 imb:1 pmb:16 smb:903 d:- ref:0 ;
in:76 out:78 type:b dur:2 cpbdur:2 q:27.77 aq:13.00 tex:3 mv:6 misc:143 imb:0 pmb:1 smb:919 d:- ref:0 ;
in:78 out:79 type:b dur:2 cpbdur:2 q:27.39 aq:16.47 tex:25 mv:2 misc:141 imb:0 pmb:1 smb:919 d:- ref:0 ;
in:83 out:80 type:P dur:2 cpbdur:2 q:26.35 aq:18.63 tex:1987 mv:166 misc:383 imb:3 pmb:54 smb:863 d:- ref:0 ;
in:81 out:81 type:B dur:2 cpbdur:2 q:26.78 aq:22.35 tex:1942 mv:449 misc:313 imb:6 pmb:80 smb:834 d:- ref:0 ;
in:80 out:82 type:b dur:2 cpbdur:2 q:26.99 aq:12.00 tex:3 mv:6 misc:143 imb:0 pmb:1 smb:919 d:- ref:0 ;
in:82 out:83 type:b dur:2 cpbdur:2 q:26.57 aq:12.00 tex:0 mv:0 misc:128 imb:0 pmb:0 smb:920 d:- ref:0 ;
in:84 out:84 type:P dur:2 cpbdur:2 q:25.53 aq:11.54 tex:4806 mv:455 misc:411 imb:20 pmb:96 smb:804 d:- ref:0 ;
in:88 out:85 type:P dur:2 cpbdur:2 q:25.30 aq:13.72 tex:2126 mv:312 misc:370 imb:10 pmb:55 smb:855 d:- ref:0 ;
in:86 out:86 type:B dur:2 cpbdur:2 q:25.41 aq:20.78 tex:1188 mv:232 misc:300 imb:3 pmb:46 smb:871 d:- ref:0 ;
in:85 out:87 type:b dur:2 cpbdur:2 q:25.47 aq:16.37 tex:66 mv:8 misc:150 imb:0 pmb:2 smb:918 d:- ref:0 ;
in:87 out:88 type:b dur:2 cpbdur:2 q:25.36 aq:11.29 tex:246 mv:23 misc:179 imb:1 pmb:6 smb:913 d:- ref:0 ;
in:91 out:89 type:P dur:2 cpbdur:2 q:24.48 aq:21.27 tex:2148 mv:637 misc:431 imb:11 pmb:102 smb:807 d:- ref:0 ;
in:89 out:90 type:B dur:2 cpbdur:2 q:25.02 aq:14.47 tex:822 mv:348 misc:302 imb:2 pmb:51 smb:867 d:- ref:0 ;
in:90 out:91 type:b dur:2 cpbdur:2 q:24.75 aq:14.77 tex:1157 mv:524 misc:311 imb:9 pmb:62 smb:849 d:- ref:0 ;
in:92 out:92 type:I dur:2 cpbdur:2 q:24.70 aq:16.24 tex:81530 mv:9275 misc:115 imb:920 pmb:0 smb:0 d:- ref:;
in:95 out:93 type:P dur:2 cpbdur:2 q:25.13 aq:16.25 tex:25687 mv:3096 misc:889 imb:393 pmb:252 smb:275 d:- ref:0 ;
in:93 out:94 type:B dur:2 cpbdur:2 q:25.13 aq:16.72 tex:2372 mv:457 misc:691 imb:5 pmb:133 smb:782 d:- ref:0 ;
in:94 out:95 type:b dur:2 cpbdur:2 q:25.13 aq:20.93 tex:471 mv:325 misc:644 imb:1 pmb:122 smb:797 d:- ref:0 ;
in:99 out:96 type:P dur:2 cpbdur:2 q:24.74 aq:18.28 tex:18104 mv:3237 misc:939 imb:202 pmb:285 smb:433 d:- ref:0 ;
in:97 out:97 type:B dur:2 cpbdur:2 q:24.94 aq:18.44 tex:8151 mv:3376 misc:985 imb:49 pmb:356 smb:515 d:- ref:0 ;
in:96 out:98 type:b dur:2 cpbdur:2 q:25.03 aq:21.44 tex:3810 mv:1317 misc:697 imb:10 pmb:166 smb:744 d:- ref:0 ;
in:98 out:99 type:b dur:2 cpbdur:2 q:24.84 aq:18.79 tex:1372 mv:640 misc:580 imb:7 pmb:96 smb:817 d:- ref:0 ;
in:101 out:100 type:P dur:2 cpbdur:2 q:24.23 aq:18.87 tex:15838 mv:2748 misc:966 imb:211 pmb:243 smb:466 d:- ref:0 ;
in:100 out:101 type:b dur:2 cpbdur:2 q:24.48 aq:22.16 tex:4474 mv:1853 misc:721 imb:44 pmb:185 smb:691 d:- ref:0 ;
in:102 out:102 type:P dur:2 cpbdur:2 q:24.03 aq:17.49 tex:20139 mv:3088 misc:853 imb:388 pmb:235 smb:297 d:- ref:0 w:6,63,2 ;
in:103 out:103 type:P dur:2 cpbdur:2 q:23.63 aq:16.34 tex:41366 mv:4481 misc:345 imb:635 pmb:255 smb:30 d:- ref:0 w:7,121,10 ;
in:107 out:104 type:P dur:2 cpbdur:2 q:23.78 aq:15.48 tex:27468 mv:5482 misc:282 imb:859 pmb:53 smb:8 d:- ref:0 w:6,45,48,7,111,17,102,26 ;
in:105 out:105 type:B dur:2 cpbdur:2 q:23.70 aq:14.90 tex:38533 mv:8162 misc:193 imb:780 pmb:140 smb:0 d:- ref:0 ;
in:104 out:106 type:b dur:2 cpbdur:2 q:23.66 aq:16.21 tex:16345 mv:4597 misc:858 imb:238 pmb:418 smb:264 d:- ref:0 ;
in:106 out:107 type:b dur:2 cpbdur:2 q:23.74 aq:15.78 tex:13511 mv:5878 misc:819 imb:301 pmb:412 smb:207 d:- ref:0 ;
in:111 out:108 type:P dur:2 cpbdur:2 q:23.36 aq:16.75 tex:20602 mv:6324 misc:250 imb:819 pmb:101 smb:0 d:- ref:0 w:6,51,18,7,126,3,111,17 ;
in:109 out:109 type:B dur:2 cpbdur:2 q:23.57 aq:15.98 tex:17853 mv:5530 misc:505 imb:409 pmb:447 smb:64 d:- ref:0 ;
in:108 out:110 type:b dur:2 cpbdur:2 q:23.67 aq:16.41 tex:9112 mv:2750 misc:898 imb:180 pmb:453 smb:287 d:- ref:0 ;
in:110 out:111 type:b dur:2 cpbdur:2 q:23.47 aq:16.67 tex:10893 mv:3822 misc:813 imb:183 pmb:528 smb:209 d:- ref:0 ;
in:112 out:112 type:P dur:2 cpbdur:2 q:22.91 aq:16.68 tex:12944 mv:7625 misc:311 imb:454 pmb:445 smb:21 d:- ref:0 w:7,123,1 ;
in:113 out:113 type:P dur:2 cpbdur:2 q:22.96 aq:15.72 tex:18428 mv:6327 misc:181 imb:818 pmb:102 smb:0 d:- ref:0 ;
in:114 out:114 type:P dur:2 cpbdur:2 q:23.25 aq:16.56 tex:14488 mv:7312 misc:256 imb:618 pmb:299 smb:3 d:- ref:0 w:5,31,0,6,69,-10,69,-10 ;
in:115 out:115 type:P dur:2 cpbdur:2 q:23.44 aq:16.75 tex:15520 mv:7359 misc:257 imb:612 pmb:302 smb:6 d:- ref:0 w:6,63,-3,6,71,-14,71,-14 ;
in:116 out:116 type:P dur:2 cpbdur:2 q:23.87 aq:17.63 tex:17958 mv:7009 misc:153 imb:716 pmb:204 smb:0 d:- ref:0 ;
in:117 out:117 type:I dur:2 cpbdur:2 q:22.01 aq:15.99 tex:24411 mv:13092 misc:113 imb:920 pmb:0 smb:0 d:- ref:;
in:119 out:118 type:P dur:2 cpbdur:2 q:24.27 aq:18.80 tex:31181 mv:7292 misc:175 imb:797 pmb:123 smb:0 d:- ref:0 ;
in:118 out:119 type:b dur:2 cpbdur:2 q:24.27 aq:18.10 tex:7688 mv:2580 misc:940 imb:182 pmb:340 smb:398 d:- ref:0 ;
in:120 out:120 type:P dur:2 cpbdur:2 q:24.60 aq:19.60 tex:31879 mv:7596 misc:261 imb:647 pmb:270 smb:3 d:- ref:0 w:4,17,-16,6,75,-22,74,-20 ;
in:121 out:121 type:P dur:2 cpbdur:2 q:24.71 aq:19.88 tex:47996 mv:8583 misc:245 imb:674 pmb:246 smb:0 d:- ref:0 w:5,35,-19,6,75,-22,84,-42 ;
in:122 out:122 type:P dur:2 cpbdur:2 q:24.92 aq:20.16 tex:53802 mv:8220 misc:242 imb:522 pmb:392 smb:6 d:- ref:0 w:4,17,-10,5,35,-12,35,-12 ;
in:123 out:123 type:P dur:2 cpbdur:2 q:25.13 aq:20.61 tex:72618 mv:7488 misc:254 imb:504 pmb:414 smb:2 d:- ref:0 w:6,69,-11,6,69,-10,71,-14 ;
in:124 out:124 type:P dur:2 cpbdur:2 q:25.36 aq:22.37 tex:113177 mv:6636 misc:203 imb:510 pmb:396 smb:14 d:- ref:0 ;
in:125 out:125 type:i dur:2 cpbdur:2 q:21.97 aq:14.32 tex:232393 mv:31631 misc:136 imb:920 pmb:0 smb:0 d:- ref:;
in:129 out:126 type:P dur:2 cpbdur:2 q:27.59 aq:20.00 tex:14278 mv:2261 misc:933 imb:55 pmb:378 smb:487 d:- ref:0 ;
in:127 out:127 type:B dur:2 cpbdur:2 q:27.59 aq:22.12 tex:725 mv:618 misc:529 imb:5 pmb:92 smb:823 d:- ref:0 ;
in:126 out:128 type:b dur:2 cpbdur:2 q:27.59 aq:16.01 tex:90 mv:171 misc:355 imb:2 pmb:51 smb:867 d:- ref:0 ;
in:128 out:129 type:b dur:2 cpbdur:2 q:27.59 aq:25.99 tex:512 mv:301 misc:299 imb:7 pmb:29 smb:884 d:- ref:0 ;
in:133 out:130 type:P dur:2 cpbdur:2 q:27.61 aq:21.42 tex:17539 mv:3431 misc:862 imb:35 pmb:587 smb:298 d:- ref:0 ;
in:131 out:131 type:B dur:2 cpbdur:2 q:27.60 aq:23.10 tex:949 mv:529 misc:506 imb:2 pmb:85 smb:833 d:- ref:0 ;
in:130 out:132 type:b dur:2 cpbdur:2 q:27.60 aq:20.37 tex:598 mv:237 misc:293 imb:8 pmb:24 smb:888 d:- ref:0 ;
in:132 out:133 type:b dur:2 cpbdur:2 q:27.61 aq:25.45 tex:729 mv:280 misc:303 imb:6 pmb:31 smb:883 d:- ref:0 ;
in:137 out:134 type:P dur:2 cpbdur:2 q:28.37 aq:22.15 tex:22788 mv:3784 misc:868 imb:38 pmb:599 smb:283 d:- ref:0 ;
in:135 out:135 type:B dur:2 cpbdur:2 q:27.99 aq:25.62 tex:2386 mv:1227 misc:571 imb:5 pmb:125 smb:790 d:- ref:0 ;
in:134 out:136 type:b dur:2 cpbdur:2 q:27.80 aq:27.01 tex:905 mv:454 misc:345 imb:10 pmb:40 smb:870 d:- ref:0 ;
in:136 out:137 type:b dur:2 cpbdur:2 q:28.18 aq:25.15 tex:806 mv:422 misc:316 imb:11 pmb:35 smb:874 d:- ref:0 ;
in:141 out:138 type:P dur:2 cpbdur:2 q:28.61 aq:22.74 tex:17267 mv:3226 misc:923 imb:36 pmb:460 smb:424 d:- ref:0 ;
in:139 out:139 type:B dur:2 cpbdur:2 q:28.49 aq:25.18 tex:1552 mv:837 misc:571 imb:6 pmb:110 smb:804 d:- ref:0 ;
in:138 out:140 type:b dur:2 cpbdur:2 q:28.43 aq:23.26 tex:73 mv:127 misc:256 imb:1 pmb:27 smb:892 d:- ref:0 ;
in:140 out:141 type:b dur:2 cpbdur:2 q:28.55 aq:24.44 tex:326 mv:403 misc:343 imb:2 pmb:52 smb:866 d:- ref:0 ;
in:145 out:142 type:P dur:2 cpbdur:2 q:28.23 aq:22.64 tex:11861 mv:2776 misc:955 imb:37 pmb:454 smb:429 d:- ref:0 ;
in:143 out:143 type:B dur:2 cpbdur:2 q:28.42 aq:25.58 tex:1096 mv:778 misc:750 imb:10 pmb:165 smb:745 d:- ref:0 ;
in:142 out:144 type:b dur:2 cpbdur:2 q:28.51 aq:21.31 tex:41 mv:84 misc:211 imb:0 pmb:19 smb:901 d:- ref:0 ;
in:144 out:145 type:b dur:2 cpbdur:2 q:28.32 aq:25.49 tex:327 mv:479 misc:466 imb:3 pmb:73 smb:844 d:- ref:0 ;
in:149 out:146 type:P dur:2 cpbdur:2 q:27.84 aq:22.01 tex:17490 mv:3717 misc:873 imb:59 pmb:559 smb:302 d:- ref:0 ;
in:147 out:147 type:B dur:2 cpbdur:2 q:28.04 aq:24.47 tex:1840 mv:886 misc:690 imb:2 pmb:142 smb:776 d:- ref:0 ;
in:146 out:148 type:b dur:2 cpbdur:2 q:28.13 aq:22.67 tex:222 mv:165 misc:349 imb:2 pmb:49 smb:869 d:- ref:0 ;
in:148 out:149 type:b dur:2 cpbdur:2 q:27.94 aq:25.88 tex:954 mv:373 misc:369 imb:7 pmb:44 smb:869 d:- ref:0 ;
in:153 out:150 type:P dur:2 cpbdur:2 q:27.48 aq:22.67 tex:17511 mv:3647 misc:890 imb:52 pmb:518 smb:350 d:- ref:0 ;
in:151 out:151 type:B dur:2 cpbdur:2 q:27.66 aq:25.00 tex:2643 mv:1062 misc:599 imb:4 pmb:121 smb:795 d:- ref:0 ;
in:150 out:152 type:b dur:2 cpbdur:2 q:27.75 aq:20.66 tex:114 mv:252 misc:474 imb:0 pmb:78 smb:842 d:- ref:0 ;
in:152 out:153 type:b dur:2 cpbdur:2 q:27.57 aq:26.80 tex:1204 mv:583 misc:445 imb:9 pmb:62 smb:849 d:- ref:0 ;
in:157 out:154 type:P dur:2 cpbdur:2 q:27.06 aq:23.89 tex:4894 mv:2158 misc:884 imb:33 pmb:317 smb:570 d:- ref:0 ;
in:155 out:155 type:B dur:2 cpbdur:2 q:27.27 aq:24.23 tex:3364 mv:1071 misc:765 imb:6 pmb:175 smb:739 d:- ref:0 ;
in:154 out:156 type:b dur:2 cpbdur:2 q:27.37 aq:25.99 tex:795 mv:623 misc:478 imb:10 pmb:74 smb:836 d:- ref:0 ;
in:156 out:157 type:b dur:2 cpbdur:2 q:27.16 aq:23.87 tex:783 mv:575 misc:538 imb:5 pmb:85 smb:830 d:- ref:0 ;
in:158 out:158 type:P dur:2 cpbdur:2 q:26.63 aq:25.04 tex:2608 mv:1325 misc:811 imb:25 pmb:207 smb:688 d:- ref:0 ;
in:159 out:159 type:I dur:2 cpbdur:2 q:24.30 aq:15.99 tex:191276 mv:29634 misc:146 imb:920 pmb:0 smb:0 d:- ref:;
in:163 out:160 type:P dur:2 cpbdur:2 q:27.47 aq:19.79 tex:13344 mv:2893 misc:939 imb:36 pmb:522 smb:362 d:- ref:0 ;
in:161 out:161 type:B dur:2 cpbdur:2 q:27.47 aq:24.06 tex:760 mv:1288 misc:728 imb:1 pmb:176 smb:743 d:- ref:0 ;
in:160 out:162 type:b dur:2 cpbdur:2 q:27.47 aq:26.36 tex:451 mv:691 misc:498 imb:0 pmb:83 smb:837 d:- ref:0 ;
in:162 out:163 type:b dur:2 cpbdur:2 q:27.47 aq:23.23 tex:628 mv:631 misc:485 imb:3 pmb:76 smb:841 d:- ref:0 ;
in:167 out:164 type:P dur:2 cpbdur:2 q:27.20 aq:19.76 tex:23879 mv:4154 misc:743 imb:61 pmb:617 smb:242 d:- ref:0 ;
in:165 out:165 type:B dur:2 cpbdur:2 q:27.33 aq:22.92 tex:1535 mv:1648 misc:817 imb:8 pmb:215 smb:697 d:- ref:0 ;
in:164 out:166 type:b dur:2 cpbdur:2 q:27.40 aq:20.43 tex:143 mv:251 misc:478 imb:0 pmb:80 smb:840 d:- ref:0 ;
in:166 out:167 type:b dur:2 cpbdur:2 q:27.27 aq:21.95 tex:371 mv:393 misc:428 imb:3 pmb:60 smb:857 d:- ref:0 ;
in:171 out:168 type:P dur:2 cpbdur:2 q:26.91 aq:20.13 tex:35838 mv:5128 misc:690 imb:84 pmb:633 smb:203 d:- ref:0 ;
in:169 out:169 type:B dur:2 cpbdur:2 q:27.06 aq:22.82 tex:1690 mv:2285 misc:833 imb:7 pmb:213 smb:700 d:- ref:0 ;
in:168 out:170 type:b dur:2 cpbdur:2 q:27.13 aq:20.36 tex:271 mv:226 misc:511 imb:1 pmb:84 smb:835 d:- ref:0 ;
in:170 out:171 type:b dur:2 cpbdur:2 q:26.99 aq:22.22 tex:1169 mv:1350 misc:785 imb:8 pmb:191 smb:721 d:- ref:0 ;
in:175 out:172 type:P dur:2 cpbdur:2 q:26.99 aq:19.90 tex:33308 mv:4865 misc:707 imb:83 pmb:653 smb:184 d:- ref:0 ;
in:173 out:173 type:B dur:2 cpbdur:2 q:26.95 aq:22.92 tex:3344 mv:2461 misc:891 imb:6 pmb:304 smb:610 d:- ref:0 ;
in:172 out:174 type:b dur:2 cpbdur:2 q:26.93 aq:19.30 tex:278 mv:257 misc:601 imb:1 pmb:108 smb:811 d:- ref:0 ;
in:174 out:175 type:b dur:2 cpbdur:2 q:26.97 aq:24.23 tex:1645 mv:1649 misc:770 imb:10 pmb:205 smb:705 d:- ref:0 ;
in:179 out:176 type:P dur:2 cpbdur:2 q:26.77 aq:19.74 tex:37312 mv:5001 misc:639 imb:98 pmb:688 smb:134 d:- ref:0 ;
in:177 out:177 type:B dur:2 cpbdur:2 q:26.88 aq:22.86 tex:2036 mv:2387 misc:905 imb:11 pmb:295 smb:614 d:- ref:0 ;
in:176 out:178 type:b dur:2 cpbdur:2 q:26.93 aq:20.60 tex:162 mv:135 misc:335 imb:0 pmb:44 smb:876 d:- ref:0 ;
in:178 out:179 type:b dur:2 cpbdur:2 q:26.83 aq:24.49 tex:1434 mv:1360 misc:798 imb:2 pmb:192 smb:726 d:- ref:0 ;
in:183 out:180 type:P dur:2 cpbdur:2 q:26.64 aq:19.76 tex:35170 mv:4852 misc:626 imb:91 pmb:680 smb:149 d:- ref:0 ;
in:181 out:181 type:B dur:2 cpbdur:2 q:26.71 aq:23.83 tex:2366 mv:2200 misc:986 imb:10 pmb:298 smb:612 d:- ref:0 ;
in:180 out:182 type:b dur:2 cpbdur:2 q:26.74 aq:23.29 tex:1236 mv:1312 misc:756 imb:5 pmb:174 smb:741 d:- ref:0 ;
in:182 out:183 type:b dur:2 cpbdur:2 q:26.67 aq:23.90 tex:1059 mv:1140 misc:745 imb:3 pmb:163 smb:754 d:- ref:0 ;
in:187 out:184 type:P dur:2 cpbdur:2 q:26.55 aq:20.66 tex:25860 mv:4626 misc:762 imb:53 pmb:602 smb:265 d:- ref:0 ;
in:185 out:185 type:B dur:2 cpbdur:2 q:26.60 aq:22.08 tex:3198 mv:2592 misc:922 imb:10 pmb:286 smb:624 d:- ref:0 ;
in:184 out:186 type:b dur:2 cpbdur:2 q:26.62 aq:24.54 tex:819 mv:869 misc:800 imb:0 pmb:203 smb:717 d:- ref:0 ;
in:186 out:187 type:b dur:2 cpbdur:2 q:26.58 aq:26.44 tex:1177 mv:1554 misc:709 imb:4 pmb:173 smb:743 d:- ref:0 ;
in:191 out:188 type:P dur:2 cpbdur:2 q:26.47 aq:20.76 tex:24574 mv:4715 misc:847 imb:79 pmb:623 smb:218 d:- ref:0 ;
in:189 out:189 type:B dur:2 cpbdur:2 q:26.51 aq:22.49 tex:2960 mv:2304 misc:960 imb:8 pmb:320 smb:592 d:- ref:0 ;
in:188 out:190 type:b dur:2 cpbdur:2 q:26.53 aq:19.47 tex:274 mv:447 misc:639 imb:1 pmb:135 smb:784 d:- ref:0 ;
in:190 out:191 type:b dur:2 cpbdur:2 q:26.49 aq:23.62 tex:1332 mv:1531 misc:785 imb:3 pmb:212 smb:705 d:- ref:0 ;
in:195 out:192 type:P dur:2 cpbdur:2 q:26.60 aq:22.54 tex:15148 mv:4130 misc:930 imb:66 pmb:526 smb:328 d:- ref:0 ;
in:193 out:193 type:B dur:2 cpbdur:2 q:26.54 aq:23.74 tex:4429 mv:2740 misc:991 imb:10 pmb:373 smb:537 d:- ref:0 ;
in:192 out:194 type:b dur:2 cpbdur:2 q:26.50 aq:21.15 tex:407 mv:543 misc:714 imb:0 pmb:160 smb:760 d:- ref:0 ;
in:194 out:195 type:b dur:2 cpbdur:2 q:26.57 aq:26.89 tex:1733 mv:1713 misc:786 imb:2 pmb:228 smb:690 d:- ref:0 ;
in:197 out:196 type:P dur:2 cpbdur:2 q:26.41 aq:24.34 tex:2346 mv:1060 misc:826 imb:14 pmb:204 smb:702 d:- ref:0 ;
in:196 out:197 type:b dur:2 cpbdur:2 q:26.50 aq:24.18 tex:413 mv:542 misc:613 imb:2 pmb:128 smb:790 d:- ref:0 ;
in:198 out:198 type:I dur:2 cpbdur:2 q:23.86 aq:17.94 tex:220795 mv:35138 misc:163 imb:920 pmb:0 smb:0 d:- ref:;
in:202 out:199 type:P dur:2 cpbdur:2 q:27.47 aq:21.59 tex:33195 mv:4643 misc:802 imb:37 pmb:619 smb:264 d:- ref:0 ;
in:200 out:200 type:B dur:2 cpbdur:2 q:27.47 aq:26.13 tex:4451 mv:2861 misc:864 imb:1 pmb:292 smb:627 d:- ref:0 ;
in:199 out:201 type:b dur:2 cpbdur:2 q:27.47 aq:26.66 tex:1141 mv:1335 misc:684 imb:2 pmb:174 smb:744 d:- ref:0 ;
in:201 out:202 type:b dur:2 cpbdur:2 q:27.47 aq:22.87 tex:95 mv:628 misc:669 imb:1 pmb:156 smb:763 d:- ref:0 ;
in:206 out:203 type:P dur:2 cpbdur:2 q:27.19 aq:21.06 tex:52895 mv:5296 misc:545 imb:52 pmb:749 smb:119 d:- ref:0 ;
in:204 out:204 type:B dur:2 cpbdur:2 q:27.33 aq:26.86 tex:3732 mv:3088 misc:900 imb:5 pmb:304 smb:611 d:- ref:0 ;
in:203 out:205 type:b dur:2 cpbdur:2 q:27.40 aq:28.13 tex:1191 mv:1480 misc:681 imb:0 pmb:185 smb:735 d:- ref:0 ;
in:205 out:206 type:b dur:2 cpbdur:2 q:27.26 aq:28.97 tex:1751 mv:1695 misc:706 imb:1 pmb:181 smb:738 d:- ref:0 ;
in:210 out:207 type:P dur:2 cpbdur:2 q:27.27 aq:21.59 tex:44067 mv:5385 misc:620 imb:57 pmb:730 smb:133 d:- ref:0 ;
in:208 out:208 type:B dur:2 cpbdur:2 q:27.23 aq:25.62 tex:3941 mv:3235 misc:912 imb:6 pmb:308 smb:606 d:- ref:0 ;
in:207 out:209 type:b dur:2 cpbdur:2 q:27.21 aq:28.97 tex:1038 mv:1698 misc:776 imb:2 pmb:194 smb:724 d:- ref:0 ;
in:209 out:210 type:b dur:2 cpbdur:2 q:27.25 aq:28.14 tex:1496 mv:2242 misc:782 imb:2 pmb:211 smb:707 d:- ref:0 ;
in:213 out:211 type:P dur:2 cpbdur:2 q:27.32 aq:21.75 tex:40285 mv:4319 misc:588 imb:30 pmb:744 smb:146 d:- ref:0 ;
in:211 out:212 type:B dur:2 cpbdur:2 q:27.29 aq:28.20 tex:916 mv:1903 misc:845 imb:1 pmb:236 smb:683 d:- ref:0 ;
in:212 out:213 type:b dur:2 cpbdur:2 q:27.30 aq:29.02 tex:1358 mv:1365 misc:629 imb:3 pmb:144 smb:773 d:- ref:0 ;
in:217 out:214 type:P dur:2 cpbdur:2 q:27.34 aq:21.81 tex:42586 mv:5385 misc:565 imb:63 pmb:748 smb:109 d:- ref:0 ;
in:215 out:215 type:B dur:2 cpbdur:2 q:27.33 aq:27.08 tex:2943 mv:3098 misc:967 imb:4 pmb:342 smb:574 d:- ref:0 ;
in:214 out:216 type:b dur:2 cpbdur:2 q:27.32 aq:30.00 tex:3 mv:3 misc:130 imb:0 pmb:1 smb:919 d:- ref:0 ;
in:216 out:217 type:b dur:2 cpbdur:2 q:27.33 aq:27.98 tex:624 mv:1336 misc:728 imb:1 pmb:165 smb:754 d:- ref:0 ;
in:221 out:218 type:P dur:2 cpbdur:2 q:27.15 aq:22.08 tex:34671 mv:4793 misc:728 imb:36 pmb:682 smb:202 d:- ref:0 ;
in:219 out:219 type:B dur:2 cpbdur:2 q:27.25 aq:27.06 tex:1862 mv:2093 misc:765 imb:0 pmb:217 smb:703 d:- ref:0 ;
in:218 out:220 type:b dur:2 cpbdur:2 q:27.29 aq:24.45 tex:45 mv:258 misc:569 imb:0 pmb:134 smb:786 d:- ref:0 ;
in:220 out:221 type:b dur:2 cpbdur:2 q:27.20 aq:29.93 tex:601 mv:1193 misc:678 imb:0 pmb:157 smb:763 d:- ref:0 ;
in:225 out:222 type:P dur:2 cpbdur:2 q:27.30 aq:23.04 tex:22272 mv:3996 misc:844 imb:29 pmb:629 smb:262 d:- ref:0 ;
in:223 out:223 type:B dur:2 cpbdur:2 q:27.23 aq:28.84 tex:1446 mv:1740 misc:750 imb:0 pmb:212 smb:708 d:- ref:0 ;
in:222 out:224 type:b dur:2 cpbdur:2 q:27.19 aq:23.00 tex:26 mv:204 misc:602 imb:0 pmb:141 smb:779 d:- ref:0 ;
in:224 out:225 type:b dur:2 cpbdur:2 q:27.26 aq:26.88 tex:623 mv:1497 misc:744 imb:2 pmb:178 smb:740 d:- ref:0 ;
in:229 out:226 type:P dur:2 cpbdur:2 q:27.21 aq:24.44 tex:14573 mv:3872 misc:947 imb:40 pmb:548 smb:332 d:- ref:0 ;
in:227 out:227 type:B dur:2 cpbdur:2 q:27.25 aq:28.14 tex:1135 mv:1794 misc:799 imb:0 pmb:221 smb:699 d:- ref:0 ;
in:226 out:228 type:b dur:2 cpbdur:2 q:27.28 aq:17.80 tex:81 mv:464 misc:663 imb:0 pmb:156 smb:764 d:- ref:0 ;
in:228 out:229 type:b dur:2 cpbdur:2 q:27.23 aq:28.04 tex:1146 mv:1413 misc:713 imb:3 pmb:169 smb:748 d:- ref:0 ;
in:232 out:230 type:P dur:2 cpbdur:2 q:27.01 aq:27.22 tex:3488 mv:1986 misc:894 imb:23 pmb:282 smb:615 d:- ref:0 ;
in:230 out:231 type:B dur:2 cpbdur:2 q:27.14 aq:25.18 tex:1157 mv:1319 misc:764 imb:2 pmb:185 smb:733 d:- ref:0 ;
in:231 out:232 type:b dur:2 cpbdur:2 q:27.08 aq:27.48 tex:690 mv:1202 misc:756 imb:0 pmb:188 smb:732 d:- ref:0 ;
in:233 out:233 type:I dur:2 cpbdur:2 q:24.25 aq:17.59 tex:203140 mv:33702 misc:150 imb:920 pmb:0 smb:0 d:- ref:;
in:237 out:234 type:P dur:2 cpbdur:2 q:27.51 aq:20.90 tex:19390 mv:3396 misc:950 imb:19 pmb:538 smb:363 d:- ref:0 ;
in:235 out:235 type:B dur:2 cpbdur:2 q:27.51 aq:27.18 tex:1874 mv:1883 misc:739 imb:1 pmb:223 smb:696 d:- ref:0 ;
in:234 out:236 type:b dur:2 cpbdur:2 q:27.51 aq:31.69 tex:219 mv:1170 misc:587 imb:0 pmb:136 smb:784 d:- ref:0 ;
in:236 out:237 type:b dur:2 cpbdur:2 q:27.51 aq:26.44 tex:399 mv:1049 misc:576 imb:0 pmb:126 smb:794 d:- ref:0 ;
in:241 out:238 type:P dur:2 cpbdur:2 q:27.28 aq:21.38 tex:29013 mv:4190 misc:725 imb:24 pmb:691 smb:205 d:- ref:0 ;
in:239 out:239 type:B dur:2 cpbdur:2 q:27.39 aq:27.37 tex:1401 mv:1520 misc:879 imb:3 pmb:285 smb:632 d:- ref:0 ;
in:238 out:240 type:b dur:2 cpbdur:2 q:27.45 aq:25.13 tex:37 mv:105 misc:258 imb:0 pmb:26 smb:894 d:- ref:0 ;
in:240 out:241 type:b dur:2 cpbdur:2 q:27.34 aq:30.00 tex:828 mv:1736 misc:740 imb:5 pmb:194 smb:721 d:- ref:0 ;
in:245 out:242 type:P dur:2 cpbdur:2 q:27.06 aq:21.62 tex:29085 mv:4091 misc:792 imb:41 pmb:628 smb:251 d:- ref:0 ;
in:243 out:243 type:B dur:2 cpbdur:2 q:27.17 aq:26.15 tex:2456 mv:2578 misc:870 imb:6 pmb:299 smb:615 d:- ref:0 ;
in:242 out:244 type:b dur:2 cpbdur:2 q:27.23 aq:22.07 tex:115 mv:439 misc:598 imb:3 pmb:107 smb:810 d:- ref:0 ;
in:244 out:245 type:b dur:2 cpbdur:2 q:27.12 aq:29.31 tex:1375 mv:1909 misc:740 imb:2 pmb:223 smb:695 d:- ref:0 ;
in:249 out:246 type:P dur:2 cpbdur:2 q:27.07 aq:20.97 tex:87879 mv:5205 misc:204 imb:139 pmb:769 smb:12 d:- ref:0 ;
in:247 out:247 type:B dur:2 cpbdur:2 q:27.06 aq:23.31 tex:4315 mv:3062 misc:991 imb:13 pmb:423 smb:484 d:- ref:0 ;
in:246 out:248 type:b dur:2 cpbdur:2 q:27.06 aq:20.30 tex:147 mv:425 misc:516 imb:0 pmb:96 smb:824 d:- ref:0 ;
in:248 out:249 type:b dur:2 cpbdur:2 q:27.07 aq:26.48 tex:1168 mv:1048 misc:696 imb:4 pmb:174 smb:742 d:- ref:0 ;
in:253 out:250 type:P dur:2 cpbdur:2 q:27.04 aq:21.55 tex:27016 mv:3759 misc:729 imb:32 pmb:704 smb:184 d:- ref:0 ;
in:251 out:251 type:B dur:2 cpbdur:2 q:27.06 aq:24.25 tex:1811 mv:2045 misc:920 imb:2 pmb:290 smb:628 d:- ref:0 ;
in:250 out:252 type:b dur:2 cpbdur:2 q:27.06 aq:21.19 tex:116 mv:553 misc:627 imb:0 pmb:129 smb:791 d:- ref:0 ;
in:252 out:253 type:b dur:2 cpbdur:2 q:27.05 aq:28.59 tex:525 mv:838 misc:669 imb:1 pmb:132 smb:787 d:- ref:0 ;
in:257 out:254 type:P dur:2 cpbdur:2 q:26.94 aq:21.64 tex:30844 mv:3990 misc:622 imb:29 pmb:729 smb:162 d:- ref:0 ;
in:255 out:255 type:B dur:2 cpbdur:2 q:26.99 aq:23.50 tex:2237 mv:2215 misc:868 imb:6 pmb:291 smb:623 d:- ref:0 ;
in:254 out:256 type:b dur:2 cpbdur:2 q:27.02 aq:29.11 tex:722 mv:1327 misc:695 imb:1 pmb:168 smb:751 d:- ref:0 ;
in:256 out:257 type:b dur:2 cpbdur:2 q:26.97 aq:29.07 tex:611 mv:999 misc:622 imb:1 pmb:125 smb:794 d:- ref:0 ;
in:261 out:258 type:P dur:2 cpbdur:2 q:27.09 aq:22.80 tex:17960 mv:3541 misc:875 imb:35 pmb:566 smb:319 d:- ref:0 ;
in:259 out:259 type:B dur:2 cpbdur:2 q:27.02 aq:27.39 tex:2169 mv:2689 misc:918 imb:3 pmb:325 smb:592 d:- ref:0 ;
in:258 out:260 type:b dur:2 cpbdur:2 q:26.98 aq:29.70 tex:621 mv:1374 misc:661 imb:0 pmb:149 smb:771 d:- ref:0 ;
in:260 out:261 type:b dur:2 cpbdur:2 q:27.05 aq:26.15 tex:696 mv:1146 misc:622 imb:1 pmb:151 smb:768 d:- ref:0 ;
in:263 out:262 type:P dur:2 cpbdur:2 q:26.93 aq:22.57 tex:30874 mv:4004 misc:674 imb:59 pmb:724 smb:137 d:- ref:0 ;
in:262 out:263 type:b dur:2 cpbdur:2 q:27.01 aq:24.60 tex:712 mv:875 misc:605 imb:6 pmb:116 smb:798 d:- ref:0 ;
in:267 out:264 type:P dur:2 cpbdur:2 q:26.86 aq:24.77 tex:11433 mv:2902 misc:977 imb:32 pmb:469 smb:419 d:- ref:0 ;
in:265 out:265 type:B dur:2 cpbdur:2 q:26.90 aq:25.97 tex:1929 mv:2122 misc:877 imb:1 pmb:273 smb:646 d:- ref:0 ;
in:264 out:266 type:b dur:2 cpbdur:2 q:26.91 aq:21.82 tex:174 mv:281 misc:641 imb:1 pmb:147 smb:772 d:- ref:0 ;
in:266 out:267 type:b dur:2 cpbdur:2 q:26.88 aq:27.89 tex:913 mv:935 misc:656 imb:0 pmb:130 smb:790 d:- ref:0 ;
in:269 out:268 type:P dur:2 cpbdur:2 q:26.74 aq:26.88 tex:2475 mv:961 misc:756 imb:8 pmb:204 smb:708 d:- ref:0 ;
in:268 out:269 type:b dur:2 cpbdur:2 q:26.80 aq:19.94 tex:130 mv:254 misc:512 imb:0 pmb:107 smb:813 d:- ref:0 ;
in:270 out:270 type:I dur:2 cpbdur:2 q:24.12 aq:17.51 tex:211089 mv:38546 misc:141 imb:920 pmb:0 smb:0 d:- ref:;
in:274 out:271 type:P dur:2 cpbdur:2 q:27.53 aq:21.12 tex:16375 mv:2712 misc:945 imb:9 pmb:531 smb:380 d:- ref:0 ;
in:272 out:272 type:B dur:2 cpbdur:2 q:27.53 aq:25.56 tex:1103 mv:1116 misc:669 imb:0 pmb:156 smb:764 d:- ref:0 ;
in:271 out:273 type:b dur:2 cpbdur:2 q:27.53 aq:20.00 tex:49 mv:308 misc:443 imb:0 pmb:86 smb:834 d:- ref:0 ;
in:273 out:274 type:b dur:2 cpbdur:2 q:27.53 aq:27.83 tex:476 mv:842 misc:498 imb:1 pmb:98 smb:821 d:- ref:0 ;
in:278 out:275 type:P dur:2 cpbdur:2 q:27.40 aq:21.39 tex:40918 mv:4542 misc:580 imb:32 pmb:781 smb:107 d:- ref:0 ;
in:276 out:276 type:B dur:2 cpbdur:2 q:27.47 aq:25.25 tex:3302 mv:2464 misc:906 imb:1 pmb:290 smb:629 d:- ref:0 ;
in:275 out:277 type:b dur:2 cpbdur:2 q:27.50 aq:20.17 tex:75 mv:470 misc:567 imb:0 pmb:124 smb:796 d:- ref:0 ;
in:277 out:278 type:b dur:2 cpbdur:2 q:27.43 aq:27.45 tex:643 mv:935 misc:638 imb:0 pmb:154 smb:766 d:- ref:0 ;
in:282 out:279 type:P dur:2 cpbdur:2 q:27.24 aq:21.52 tex:33993 mv:3783 misc:720 imb:31 pmb:715 smb:174 d:- ref:0 ;
in:280 out:280 type:B dur:2 cpbdur:2 q:27.32 aq:26.51 tex:2563 mv:2347 misc:858 imb:2 pmb:273 smb:645 d:- ref:0 ;
in:279 out:281 type:b dur:2 cpbdur:2 q:27.36 aq:27.63 tex:732 mv:1095 misc:565 imb:0 pmb:129 smb:791 d:- ref:0 ;
in:281 out:282 type:b dur:2 cpbdur:2 q:27.28 aq:27.32 tex:1072 mv:1310 misc:642 imb:0 pmb:159 smb:761 d:- ref:0 ;
in:286 out:283 type:P dur:2 cpbdur:2 q:27.20 aq:22.45 tex:24960 mv:3657 misc:863 imb:21 pmb:638 smb:261 d:- ref:0 ;
in:284 out:284 type:B dur:2 cpbdur:2 q:27.22 aq:25.17 tex:1984 mv:1864 misc:856 imb:0 pmb:238 smb:682 d:- ref:0 ;
in:283 out:285 type:b dur:2 cpbdur:2 q:27.23 aq:29.23 tex:837 mv:933 misc:598 imb:0 pmb:140 smb:780 d:- ref:0 ;
in:285 out:286 type:b dur:2 cpbdur:2 q:27.21 aq:24.64 tex:151 mv:545 misc:600 imb:1 pmb:124 smb:795 d:- ref:0 ;
in:288 out:287 type:P dur:2 cpbdur:2 q:27.08 aq:22.52 tex:13849 mv:2463 misc:968 imb:10 pmb:568 smb:342 d:- ref:0 ;
in:287 out:288 type:b dur:2 cpbdur:2 q:27.14 aq:24.36 tex:240 mv:221 misc:339 imb:0 pmb:38 smb:882 d:- ref:0 ;
in:292 out:289 type:P dur:2 cpbdur:2 q:26.95 aq:23.73 tex:13963 mv:3146 misc:963 imb:17 pmb:559 smb:344 d:- ref:0 ;
in:290 out:290 type:B dur:2 cpbdur:2 q:27.02 aq:28.06 tex:1056 mv:1402 misc:726 imb:0 pmb:170 smb:750 d:- ref:0 ;
in:289 out:291 type:b dur:2 cpbdur:2 q:27.05 aq:20.40 tex:68 mv:246 misc:550 imb:0 pmb:120 smb:800 d:- ref:0 ;
in:291 out:292 type:b dur:2 cpbdur:2 q:26.99 aq:25.77 tex:774 mv:1336 misc:706 imb:1 pmb:169 smb:750 d:- ref:0 ;
in:295 out:293 type:P dur:2 cpbdur:2 q:27.03 aq:25.66 tex:5622 mv:2108 misc:886 imb:20 pmb:322 smb:578 d:- ref:0 ;
in:293 out:294 type:B dur:2 cpbdur:2 q:26.98 aq:19.00 tex:49 mv:316 misc:531 imb:0 pmb:108 smb:812 d:- ref:0 ;
in:294 out:295 type:b dur:2 cpbdur:2 q:27.00 aq:28.47 tex:833 mv:1230 misc:633 imb:1 pmb:144 smb:775 d:- ref:0 ;
in:296 out:296 type:I dur:2 cpbdur:2 q:24.23 aq:14.79 tex:274267 mv:24274 misc:131 imb:920 pmb:0 smb:0 d:- ref:;
in:299 out:297 type:P dur:2 cpbdur:2 q:27.93 aq:17.88 tex:10937 mv:1359 misc:896 imb:65 pmb:216 smb:639 d:- ref:0 ;
in:297 out:298 type:B dur:2 cpbdur:2 q:27.93 aq:22.65 tex:575 mv:78 misc:227 imb:1 pmb:17 smb:902 d:- ref:0 ;
in:298 out:299 type:b dur:2 cpbdur:2 q:27.93 aq:23.00 tex:127 mv:71 misc:234 imb:0 pmb:22 smb:898 d:- ref:0 ;
in:301 out:300 type:P dur:2 cpbdur:2 q:27.74 aq:17.32 tex:11420 mv:1199 misc:981 imb:37 pmb:271 smb:612 d:- ref:0 ;
in:300 out:301 type:b dur:2 cpbdur:2 q:27.83 aq:21.28 tex:566 mv:75 misc:255 imb:0 pmb:23 smb:897 d:- ref:0 ;
in:305 out:302 type:P dur:2 cpbdur:2 q:27.41 aq:17.74 tex:20875 mv:1029 misc:1032 imb:32 pmb:373 smb:515 d:- ref:0 ;
in:303 out:303 type:B dur:2 cpbdur:2 q:27.57 aq:19.19 tex:783 mv:139 misc:374 imb:1 pmb:41 smb:878 d:- ref:0 ;
in:302 out:304 type:b dur:2 cpbdur:2 q:27.66 aq:20.64 tex:441 mv:90 misc:381 imb:0 pmb:47 smb:873 d:- ref:0 ;
in:304 out:305 type:b dur:2 cpbdur:2 q:27.49 aq:20.56 tex:431 mv:123 misc:326 imb:1 pmb:37 smb:882 d:- ref:0 ;
in:309 out:306 type:P dur:2 cpbdur:2 q:27.11 aq:17.66 tex:10791 mv:850 misc:999 imb:28 pmb:291 smb:601 d:- ref:0 ;
in:307 out:307 type:B dur:2 cpbdur:2 q:27.26 aq:19.41 tex:545 mv:145 misc:398 imb:1 pmb:49 smb:870 d:- ref:0 ;
in:306 out:308 type:b dur:2 cpbdur:2 q:27.33 aq:20.12 tex:264 mv:62 misc:274 imb:0 pmb:26 smb:894 d:- ref:0 ;
in:308 out:309 type:b dur:2 cpbdur:2 q:27.19 aq:19.76 tex:253 mv:56 misc:259 imb:1 pmb:21 smb:898 d:- ref:0 ;
in:311 out:310 type:P dur:2 cpbdur:2 q:27.01 aq:17.05 tex:8975 mv:865 misc:920 imb:38 pmb:230 smb:652 d:- ref:0 ;
in:310 out:311 type:b dur:2 cpbdur:2 q:27.06 aq:18.16 tex:253 mv:102 misc:301 imb:1 pmb:31 smb:888 d:- ref:0 ;
in:315 out:312 type:P dur:2 cpbdur:2 q:26.91 aq:17.61 tex:9026 mv:929 misc:973 imb:33 pmb:268 smb:619 d:- ref:0 ;
in:313 out:313 type:B dur:2 cpbdur:2 q:26.96 aq:17.91 tex:512 mv:149 misc:395 imb:0 pmb:48 smb:872 d:- ref:0 ;
in:312 out:314 type:b dur:2 cpbdur:2 q:26.98 aq:19.88 tex:353 mv:69 misc:330 imb:0 pmb:36 smb:884 d:- ref:0 ;
in:314 out:315 type:b dur:2 cpbdur:2 q:26.93 aq:20.10 tex:348 mv:53 misc:319 imb:0 pmb:34 smb:886 d:- ref:0 ;
in:319 out:316 type:P dur:2 cpbdur:2 q:26.72 aq:17.91 tex:11278 mv:925 misc:917 imb:41 pmb:237 smb:642 d:- ref:0 ;
in:317 out:317 type:B dur:2 cpbdur:2 q:26.81 aq:18.37 tex:804 mv:171 misc:417 imb:2 pmb:61 smb:857 d:- ref:0 ;
in:316 out:318 type:b dur:2 cpbdur:2 q:26.86 aq:18.73 tex:353 mv:111 misc:352 imb:1 pmb:46 smb:873 d:- ref:0 ;
in:318 out:319 type:b dur:2 cpbdur:2 q:26.76 aq:18.13 tex:272 mv:52 misc:292 imb:0 pmb:27 smb:893 d:- ref:0 ;
in:322 out:320 type:P dur:2 cpbdur:2 q:26.46 aq:16.16 tex:47304 mv:2487 misc:777 imb:102 pmb:622 smb:196 d:- ref:0 ;
in:320 out:321 type:B dur:2 cpbdur:2 q:26.63 aq:18.36 tex:1511 mv:318 misc:579 imb:6 pmb:97 smb:817 d:- ref:0 ;
in:321 out:322 type:b dur:2 cpbdur:2 q:26.55 aq:20.93 tex:1409 mv:291 misc:388 imb:2 pmb:52 smb:866 d:- ref:0 ;
in:326 out:323 type:P dur:2 cpbdur:2 q:26.42 aq:15.63 tex:14800 mv:918 misc:938 imb:33 pmb:276 smb:611 d:- ref:0 ;
in:324 out:324 type:B dur:2 cpbdur:2 q:26.44 aq:18.79 tex:913 mv:175 misc:408 imb:1 pmb:50 smb:869 d:- ref:0 ;
in:323 out:325 type:b dur:2 cpbdur:2 q:26.45 aq:18.03 tex:252 mv:55 misc:277 imb:0 pmb:25 smb:895 d:- ref:0 ;
in:325 out:326 type:b dur:2 cpbdur:2 q:26.43 aq:17.53 tex:282 mv:66 misc:308 imb:0 pmb:32 smb:888 d:- ref:0 ;
in:328 out:327 type:P dur:2 cpbdur:2 q:26.20 aq:15.99 tex:11460 mv:1021 misc:959 imb:40 pmb:263 smb:617 d:- ref:0 ;
in:327 out:328 type:b dur:2 cpbdur:2 q:26.31 aq:19.04 tex:356 mv:109 misc:303 imb:2 pmb:31 smb:887 d:- ref:0 ;
in:332 out:329 type:P dur:2 cpbdur:2 q:26.08 aq:15.30 tex:11612 mv:1017 misc:867 imb:41 pmb:217 smb:662 d:- ref:0 ;
in:330 out:330 type:B dur:2 cpbdur:2 q:26.14 aq:17.60 tex:570 mv:204 misc:426 imb:3 pmb:52 smb:865 d:- ref:0 ;
in:329 out:331 type:b dur:2 cpbdur:2 q:26.17 aq:17.96 tex:313 mv:66 misc:301 imb:0 pmb:30 smb:890 d:- ref:0 ;
in:331 out:332 type:b dur:2 cpbdur:2 q:26.11 aq:19.89 tex:442 mv:107 misc:379 imb:0 pmb:48 smb:872 d:- ref:0 ;
in:336 out:333 type:P dur:2 cpbdur:2 q:25.95 aq:15.89 tex:14478 mv:1072 misc:1018 imb:44 pmb:332 smb:544 d:- ref:0 ;
in:334 out:334 type:B dur:2 cpbdur:2 q:26.01 aq:18.37 tex:1368 mv:266 misc:566 imb:0 pmb:102 smb:818 d:- ref:0 ;
in:333 out:335 type:b dur:2 cpbdur:2 q:26.05 aq:18.28 tex:276 mv:39 misc:261 imb:0 pmb:22 smb:898 d:- ref:0 ;
in:335 out:336 type:b dur:2 cpbdur:2 q:25.98 aq:20.20 tex:260 mv:109 misc:319 imb:0 pmb:33 smb:887 d:- ref:0 ;
in:340 out:337 type:P dur:2 cpbdur:2 q:25.71 aq:15.88 tex:17921 mv:1076 misc:1027 imb:42 pmb:429 smb:449 d:- ref:0 ;
in:338 out:338 type:B dur:2 cpbdur:2 q:25.83 aq:16.74 tex:865 mv:186 misc:525 imb:0 pmb:89 smb:831 d:- ref:0 ;
in:337 out:339 type:b dur:2 cpbdur:2 q:25.89 aq:19.90 tex:331 mv:65 misc:308 imb:0 pmb:34 smb:886 d:- ref:0 ;
in:339 out:340 type:b dur:2 cpbdur:2 q:25.77 aq:18.02 tex:125 mv:34 misc:209 imb:0 pmb:13 smb:907 d:- ref:0 ;
in:344 out:341 type:P dur:2 cpbdur:2 q:25.57 aq:17.26 tex:10732 mv:820 misc:944 imb:27 pmb:266 smb:627 d:- ref:0 ;
in:342 out:342 type:B dur:2 cpbdur:2 q:25.64 aq:16.68 tex:1226 mv:224 misc:550 imb:4 pmb:88 smb:828 d:- ref:0 ;
in:341 out:343 type:b dur:2 cpbdur:2 q:25.68 aq:17.62 tex:286 mv:120 misc:306 imb:2 pmb:29 smb:889 d:- ref:0 ;
in:343 out:344 type:b dur:2 cpbdur:2 q:25.61 aq:16.92 tex:116 mv:38 misc:230 imb:0 pmb:15 smb:905 d:- ref:0 ;
in:348 out:345 type:P dur:2 cpbdur:2 q:25.34 aq:15.80 tex:24742 mv:1898 misc:992 imb:82 pmb:399 smb:439 d:- ref:0 ;
in:346 out:346 type:B dur:2 cpbdur:2 q:25.45 aq:17.54 tex:2180 mv:476 misc:776 imb:7 pmb:177 smb:736 d:- ref:0 ;
in:345 out:347 type:b dur:2 cpbdur:2 q:25.51 aq:18.53 tex:388 mv:240 misc:468 imb:2 pmb:70 smb:848 d:- ref:0 ;
in:347 out:348 type:b dur:2 cpbdur:2 q:25.40 aq:18.96 tex:354 mv:86 misc:336 imb:0 pmb:37 smb:883 d:- ref:0 ;
in:352 out:349 type:P dur:2 cpbdur:2 q:25.15 aq:14.90 tex:48052 mv:2151 misc:845 imb:102 pmb:591 smb:227 d:- ref:0 ;
in:350 out:350 type:B dur:2 cpbdur:2 q:25.24 aq:18.31 tex:1737 mv:458 misc:677 imb:4 pmb:144 smb:772 d:- ref:0 ;
in:349 out:351 type:b dur:2 cpbdur:2 q:25.29 aq:18.20 tex:723 mv:207 misc:494 imb:2 pmb:79 smb:839 d:- ref:0 ;
in:351 out:352 type:b dur:2 cpbdur:2 q:25.19 aq:17.76 tex:535 mv:209 misc:472 imb:2 pmb:81 smb:837 d:- ref:0 ;
in:356 out:353 type:P dur:2 cpbdur:2 q:25.02 aq:14.86 tex:16428 mv:1002 misc:1026 imb:33 pmb:344 smb:543 d:- ref:0 ;
in:354 out:354 type:B dur:2 cpbdur:2 q:25.08 aq:17.62 tex:1706 mv:154 misc:412 imb:0 pmb:53 smb:867 d:- ref:0 ;
in:353 out:355 type:b dur:2 cpbdur:2 q:25.11 aq:19.00 tex:716 mv:141 misc:311 imb:1 pmb:34 smb:885 d:- ref:0 ;
in:355 out:356 type:b dur:2 cpbdur:2 q:25.05 aq:18.09 tex:421 mv:122 misc:409 imb:0 pmb:54 smb:866 d:- ref:0 ;
in:359 out:357 type:P dur:2 cpbdur:2 q:24.84 aq:14.74 tex:13576 mv:666 misc:950 imb:25 pmb:273 smb:622 d:- ref:0 ;
in:357 out:358 type:B dur:2 cpbdur:2 q:24.96 aq:17.80 tex:169 mv:82 misc:261 imb:0 pmb:22 smb:898 d:- ref:0 ;
in:358 out:359 type:b dur:2 cpbdur:2 q:24.90 aq:18.49 tex:165 mv:63 misc:252 imb:0 pmb:22 smb:898 d:- ref:0 ;
in:361 out:360 type:P dur:2 cpbdur:2 q:24.75 aq:14.29 tex:23915 mv:1657 misc:1028 imb:59 pmb:463 smb:398 d:- ref:0 ;
in:360 out:361 type:b dur:2 cpbdur:2 q:24.80 aq:19.28 tex:211 mv:100 misc:321 imb:0 pmb:33 smb:887 d:- ref:0 ;
in:365 out:362 type:P dur:2 cpbdur:2 q:24.67 aq:14.25 tex:11285 mv:845 misc:982 imb:18 pmb:309 smb:593 d:- ref:0 ;
in:363 out:363 type:B dur:2 cpbdur:2 q:24.71 aq:17.23 tex:1025 mv:215 misc:464 imb:2 pmb:59 smb:859 d:- ref:0 ;
in:362 out:364 type:b dur:2 cpbdur:2 q:24.73 aq:18.14 tex:218 mv:69 misc:297 imb:0 pmb:29 smb:891 d:- ref:0 ;
in:364 out:365 type:b dur:2 cpbdur:2 q:24.69 aq:18.41 tex:115 mv:38 misc:223 imb:0 pmb:14 smb:906 d:- ref:0 ;
in:369 out:366 type:P dur:2 cpbdur:2 q:24.46 aq:14.29 tex:25352 mv:1451 misc:1013 imb:46 pmb:461 smb:413 d:- ref:0 ;
in:367 out:367 type:B dur:2 cpbdur:2 q:24.57 aq:16.44 tex:1486 mv:365 misc:645 imb:2 pmb:128 smb:790 d:- ref:0 ;
in:366 out:368 type:b dur:2 cpbdur:2 q:24.62 aq:17.89 tex:303 mv:144 misc:457 imb:0 pmb:67 smb:853 d:- ref:0 ;
in:368 out:369 type:b dur:2 cpbdur:2 q:24.52 aq:17.09 tex:164 mv:47 misc:237 imb:0 pmb:17 smb:903 d:- ref:0 ;
in:373 out:370 type:P dur:2 cpbdur:2 q:24.28 aq:14.47 tex:14668 mv:855 misc:1021 imb:27 pmb:337 smb:556 d:- ref:0 ;
in:371 out:371 type:B dur:2 cpbdur:2 q:24.37 aq:16.18 tex:1627 mv:227 misc:522 imb:0 pmb:82 smb:838 d:- ref:0 ;
in:370 out:372 type:b dur:2 cpbdur:2 q:24.42 aq:18.35 tex:203 mv:73 misc:260 imb:0 pmb:25 smb:895 d:- ref:0 ;
in:372 out:373 type:b dur:2 cpbdur:2 q:24.33 aq:17.35 tex:259 mv:79 misc:294 imb:0 pmb:30 smb:890 d:- ref:0 ;
in:377 out:374 type:P dur:2 cpbdur:2 q:24.05 aq:14.52 tex:19965 mv:782 misc:1021 imb:25 pmb:376 smb:519 d:- ref:0 ;
in:375 out:375 type:B dur:2 cpbdur:2 q:24.16 aq:17.94 tex:1512 mv:154 misc:486 imb:0 pmb:69 smb:851 d:- ref:0 ;
in:374 out:376 type:b dur:2 cpbdur:2 q:24.22 aq:18.07 tex:1196 mv:123 misc:369 imb:0 pmb:49 smb:871 d:- ref:0 ;
in:376 out:377 type:b dur:2 cpbdur:2 q:24.11 aq:18.08 tex:352 mv:73 misc:295 imb:0 pmb:32 smb:888 d:- ref:0 ;
in:381 out:378 type:P dur:2 cpbdur:2 q:23.87 aq:13.46 tex:62192 mv:2256 misc:696 imb:102 pmb:673 smb:145 d:- ref:0 ;
in:379 out:379 type:B dur:2 cpbdur:2 q:23.96 aq:16.28 tex:1951 mv:376 misc:681 imb:0 pmb:141 smb:779 d:- ref:0 ;
in:378 out:380 type:b dur:2 cpbdur:2 q:24.00 aq:20.11 tex:1394 mv:262 misc:464 imb:1 pmb:73 smb:846 d:- ref:0 ;
in:380 out:381 type:b dur:2 cpbdur:2 q:23.91 aq:18.60 tex:1254 mv:176 misc:330 imb:0 pmb:41 smb:879 d:- ref:0 ;
in:385 out:382 type:P dur:2 cpbdur:2 q:23.82 aq:13.62 tex:22786 mv:876 misc:1050 imb:26 pmb:452 smb:442 d:- ref:0 ;
in:383 out:383 type:B dur:2 cpbdur:2 q:23.84 aq:17.04 tex:1563 mv:228 misc:393 imb:0 pmb:51 smb:869 d:- ref:0 ;
in:382 out:384 type:b dur:2 cpbdur:2 q:23.86 aq:17.40 tex:229 mv:63 misc:252 imb:0 pmb:23 smb:897 d:- ref:0 ;
in:384 out:385 type:b dur:2 cpbdur:2 q:23.83 aq:18.82 tex:424 mv:89 misc:287 imb:0 pmb:30 smb:890 d:- ref:0 ;
in:389 out:386 type:P dur:2 cpbdur:2 q:23.66 aq:13.85 tex:21354 mv:925 misc:1017 imb:22 pmb:419 smb:479 d:- ref:0 ;
in:387 out:387 type:B dur:2 cpbdur:2 q:23.74 aq:17.33 tex:1086 mv:221 misc:445 imb:1 pmb:59 smb:860 d:- ref:0 ;
in:386 out:388 type:b dur:2 cpbdur:2 q:23.78 aq:17.91 tex:281 mv:88 misc:295 imb:0 pmb:33 smb:887 d:- ref:0 ;
in:388 out:389 type:b dur:2 cpbdur:2 q:23.70 aq:17.95 tex:219 mv:90 misc:275 imb:1 pmb:24 smb:895 d:- ref:0 ;
in:393 out:390 type:P dur:2 cpbdur:2 q:23.59 aq:13.34 tex:22720 mv:885 misc:1027 imb:29 pmb:427 smb:464 d:- ref:0 ;
in:391 out:391 type:B dur:2 cpbdur:2 q:23.63 aq:15.77 tex:590 mv:166 misc:420 imb:0 pmb:57 smb:863 d:- ref:0 ;
in:390 out:392 type:b dur:2 cpbdur:2 q:23.64 aq:20.37 tex:716 mv:141 misc:263 imb:0 pmb:29 smb:891 d:- ref:0 ;
in:392 out:393 type:b dur:2 cpbdur:2 q:23.61 aq:17.73 tex:205 mv:54 misc:229 imb:0 pmb:17 smb:903 d:- ref:0 ;
in:397 out:394 type:P dur:2 cpbdur:2 q:23.41 aq:13.69 tex:16527 mv:894 misc:1035 imb:24 pmb:345 smb:551 d:- ref:0 ;
in:395 out:395 type:B dur:2 cpbdur:2 q:23.50 aq:15.11 tex:551 mv:215 misc:434 imb:1 pmb:57 smb:862 d:- ref:0 ;
in:394 out:396 type:b dur:2 cpbdur:2 q:23.55 aq:18.06 tex:359 mv:107 misc:334 imb:0 pmb:39 smb:881 d:- ref:0 ;
in:396 out:397 type:b dur:2 cpbdur:2 q:23.45 aq:17.95 tex:297 mv:93 misc:314 imb:1 pmb:30 smb:889 d:- ref:0 ;
in:401 out:398 type:P dur:2 cpbdur:2 q:23.20 aq:14.15 tex:20676 mv:998 misc:990 imb:33 pmb:355 smb:532 d:- ref:0 ;
in:399 out:399 type:B dur:2 cpbdur:2 q:23.30 aq:16.09 tex:1819 mv:225 misc:524 imb:0 pmb:90 smb:830 d:- ref:0 ;
in:398 out:400 type:b dur:2 cpbdur:2 q:23.35 aq:16.60 tex:316 mv:76 misc:304 imb:0 pmb:34 smb:886 d:- ref:0 ;
in:400 out:401 type:b dur:2 cpbdur:2 q:23.25 aq:17.50 tex:1033 mv:193 misc:438 imb:0 pmb:70 smb:850 d:- ref:0 ;
in:403 out:402 type:P dur:2 cpbdur:2 q:22.96 aq:13.54 tex:13931 mv:498 misc:1019 imb:7 pmb:328 smb:585 d:- ref:0 ;
in:402 out:403 type:b dur:2 cpbdur:2 q:23.08 aq:16.88 tex:251 mv:79 misc:294 imb:0 pmb:31 smb:889 d:- ref:0 ;
in:404 out:404 type:P dur:2 cpbdur:2 q:22.85 aq:13.85 tex:15932 mv:551 misc:957 imb:15 pmb:296 smb:609 d:- ref:0 ;
in:405 out:405 type:P dur:2 cpbdur:2 q:22.85 aq:13.21 tex:10244 mv:325 misc:879 imb:6 pmb:211 smb:703 d:- ref:0 ;
in:408 out:406 type:P dur:2 cpbdur:2 q:22.82 aq:12.64 tex:52845 mv:1409 misc:842 imb:56 pmb:637 smb:227 d:- ref:0 ;
in:406 out:407 type:B dur:2 cpbdur:2 q:22.84 aq:18.34 tex:735 mv:149 misc:348 imb:0 pmb:39 smb:881 d:- ref:0 ;
in:407 out:408 type:b dur:2 cpbdur:2 q:22.83 aq:17.48 tex:670 mv:223 misc:411 imb:4 pmb:56 smb:860 d:- ref:0 ;
in:411 out:409 type:P dur:2 cpbdur:2 q:22.82 aq:12.45 tex:26106 mv:1030 misc:1008 imb:34 pmb:374 smb:512 d:- ref:0 ;
in:409 out:410 type:B dur:2 cpbdur:2 q:22.82 aq:16.62 tex:1700 mv:190 misc:366 imb:3 pmb:40 smb:877 d:- ref:0 ;
in:410 out:411 type:b dur:2 cpbdur:2 q:22.82 aq:19.60 tex:1582 mv:252 misc:366 imb:0 pmb:52 smb:868 d:- ref:0 ;
in:415 out:412 type:P dur:2 cpbdur:2 q:22.70 aq:12.60 tex:16431 mv:609 misc:1016 imb:19 pmb:323 smb:578 d:- ref:0 ;
in:413 out:413 type:B dur:2 cpbdur:2 q:22.76 aq:14.95 tex:896 mv:150 misc:410 imb:0 pmb:52 smb:868 d:- ref:0 ;
in:412 out:414 type:b dur:2 cpbdur:2 q:22.79 aq:17.32 tex:236 mv:84 misc:272 imb:0 pmb:26 smb:894 d:- ref:0 ;
in:414 out:415 type:b dur:2 cpbdur:2 q:22.73 aq:20.76 tex:238 mv:59 misc:215 imb:0 pmb:15 smb:905 d:- ref:0 ;
in:419 out:416 type:P dur:2 cpbdur:2 q:22.52 aq:12.64 tex:24621 mv:1022 misc:1021 imb:28 pmb:370 smb:522 d:- ref:0 ;
in:417 out:417 type:B dur:2 cpbdur:2 q:22.61 aq:15.26 tex:1896 mv:311 misc:561 imb:1 pmb:96 smb:823 d:- ref:0 ;
in:416 out:418 type:b dur:2 cpbdur:2 q:22.66 aq:16.23 tex:321 mv:151 misc:344 imb:1 pmb:46 smb:873 d:- ref:0 ;
in:418 out:419 type:b dur:2 cpbdur:2 q:22.57 aq:21.45 tex:1327 mv:116 misc:253 imb:0 pmb:21 smb:899 d:- ref:0 ;
in:423 out:420 type:P dur:2 cpbdur:2 q:22.38 aq:12.67 tex:19665 mv:785 misc:982 imb:21 pmb:332 smb:567 d:- ref:0 ;
in:421 out:421 type:B dur:2 cpbdur:2 q:22.45 aq:15.60 tex:3085 mv:349 misc:486 imb:1 pmb:72 smb:847 d:- ref:0 ;
in:420 out:422 type:b dur:2 cpbdur:2 q:22.49 aq:19.41 tex:1296 mv:201 misc:335 imb:2 pmb:39 smb:879 d:- ref:0 ;
in:422 out:423 type:b dur:2 cpbdur:2 q:22.42 aq:17.11 tex:271 mv:86 misc:315 imb:0 pmb:30 smb:890 d:- ref:0 ;
in:427 out:424 type:P dur:2 cpbdur:2 q:22.18 aq:12.80 tex:26595 mv:948 misc:993 imb:36 pmb:367 smb:517 d:- ref:0 ;
in:425 out:425 type:B dur:2 cpbdur:2 q:22.28 aq:15.27 tex:2690 mv:350 misc:552 imb:2 pmb:96 smb:822 d:- ref:0 ;
in:424 out:426 type:b dur:2 cpbdur:2 q:22.33 aq:18.47 tex:1663 mv:232 misc:409 imb:0 pmb:59 smb:861 d:- ref:0 ;
in:426 out:427 type:b dur:2 cpbdur:2 q:22.23 aq:16.66 tex:255 mv:97 misc:312 imb:0 pmb:33 smb:887 d:- ref:0 ;
in:431 out:428 type:P dur:2 cpbdur:2 q:22.04 aq:13.08 tex:20694 mv:695 misc:955 imb:15 pmb:292 smb:613 d:- ref:0 ;
in:429 out:429 type:B dur:2 cpbdur:2 q:22.11 aq:15.26 tex:2281 mv:282 misc:477 imb:0 pmb:76 smb:844 d:- ref:0 ;
in:428 out:430 type:b dur:2 cpbdur:2 q:22.14 aq:19.07 tex:1416 mv:145 misc:311 imb:0 pmb:36 smb:884 d:- ref:0 ;
in:430 out:431 type:b dur:2 cpbdur:2 q:22.07 aq:18.54 tex:1389 mv:144 misc:339 imb:0 pmb:41 smb:879 d:- ref:0 ;
in:435 out:432 type:P dur:2 cpbdur:2 q:21.88 aq:13.58 tex:18444 mv:525 misc:999 imb:11 pmb:366 smb:543 d:- ref:0 ;
in:433 out:433 type:B dur:2 cpbdur:2 q:21.96 aq:15.67 tex:1369 mv:208 misc:599 imb:0 pmb:94 smb:826 d:- ref:0 ;
in:432 out:434 type:b dur:2 cpbdur:2 q:22.00 aq:16.76 tex:175 mv:110 misc:267 imb:0 pmb:25 smb:895 d:- ref:0 ;
in:434 out:435 type:b dur:2 cpbdur:2 q:21.92 aq:17.22 tex:294 mv:70 misc:252 imb:0 pmb:21 smb:899 d:- ref:0 ;
in:439 out:436 type:P dur:2 cpbdur:2 q:21.73 aq:12.26 tex:71804 mv:2094 misc:686 imb:110 pmb:672 smb:138 d:- ref:0 ;
in:437 out:437 type:B dur:2 cpbdur:2 q:21.81 aq:13.95 tex:2290 mv:480 misc:782 imb:5 pmb:183 smb:732 d:- ref:0 ;
in:436 out:438 type:b dur:2 cpbdur:2 q:21.84 aq:17.16 tex:426 mv:161 misc:501 imb:0 pmb:86 smb:834 d:- ref:0 ;
in:438 out:439 type:b dur:2 cpbdur:2 q:21.77 aq:16.25 tex:330 mv:95 misc:327 imb:0 pmb:33 smb:887 d:- ref:0 ;
in:443 out:440 type:P dur:2 cpbdur:2 q:21.73 aq:12.69 tex:28841 mv:1301 misc:1018 imb:61 pmb:442 smb:417 d:- ref:0 ;
in:441 out:441 type:B dur:2 cpbdur:2 q:21.73 aq:16.19 tex:1472 mv:305 misc:615 imb:0 pmb:131 smb:789 d:- ref:0 ;
in:440 out:442 type:b dur:2 cpbdur:2 q:21.73 aq:16.74 tex:776 mv:254 misc:418 imb:2 pmb:80 smb:838 d:- ref:0 ;
in:442 out:443 type:b dur:2 cpbdur:2 q:21.73 aq:14.34 tex:563 mv:87 misc:366 imb:0 pmb:46 smb:874 d:- ref:0 ;
in:447 out:444 type:P dur:2 cpbdur:2 q:21.54 aq:13.51 tex:21313 mv:922 misc:1029 imb:26 pmb:395 smb:499 d:- ref:0 ;
in:445 out:445 type:B dur:2 cpbdur:2 q:21.64 aq:14.91 tex:883 mv:251 misc:498 imb:0 pmb:81 smb:839 d:- ref:0 ;
in:444 out:446 type:b dur:2 cpbdur:2 q:21.69 aq:14.19 tex:505 mv:140 misc:363 imb:0 pmb:50 smb:870 d:- ref:0 ;
in:446 out:447 type:b dur:2 cpbdur:2 q:21.59 aq:15.45 tex:432 mv:117 misc:355 imb:0 pmb:44 smb:876 d:- ref:0 ;
in:451 out:448 type:P dur:2 cpbdur:2 q:21.40 aq:11.61 tex:115885 mv:4174 misc:285 imb:345 pmb:555 smb:20 d:- ref:0 ;
in:449 out:449 type:B dur:2 cpbdur:2 q:21.47 aq:15.08 tex:2943 mv:590 misc:875 imb:4 pmb:270 smb:646 d:- ref:0 ;
in:448 out:450 type:b dur:2 cpbdur:2 q:21.51 aq:16.04 tex:445 mv:100 misc:343 imb:0 pmb:40 smb:880 d:- ref:0 ;
in:450 out:451 type:b dur:2 cpbdur:2 q:21.44 aq:16.71 tex:4506 mv:1318 misc:896 imb:22 pmb:296 smb:602 d:- ref:0 ;
in:455 out:452 type:P dur:2 cpbdur:2 q:21.56 aq:11.99 tex:38928 mv:1049 misc:863 imb:27 pmb:640 smb:253 d:- ref:0 ;
in:453 out:453 type:B dur:2 cpbdur:2 q:21.48 aq:13.61 tex:1231 mv:262 misc:587 imb:0 pmb:94 smb:826 d:- ref:0 ;
in:452 out:454 type:b dur:2 cpbdur:2 q:21.44 aq:14.80 tex:390 mv:145 misc:369 imb:0 pmb:43 smb:877 d:- ref:0 ;
in:454 out:455 type:b dur:2 cpbdur:2 q:21.52 aq:16.89 tex:355 mv:94 misc:311 imb:0 pmb:30 smb:890 d:- ref:0 ;
in:459 out:456 type:P dur:2 cpbdur:2 q:21.47 aq:11.75 tex:41118 mv:1337 misc:945 imb:53 pmb:582 smb:285 d:- ref:0 ;
in:457 out:457 type:B dur:2 cpbdur:2 q:21.51 aq:14.92 tex:1587 mv:373 misc:712 imb:1 pmb:138 smb:781 d:- ref:0 ;
in:456 out:458 type:b dur:2 cpbdur:2 q:21.54 aq:15.00 tex:603 mv:189 misc:448 imb:1 pmb:69 smb:850 d:- ref:0 ;
in:458 out:459 type:b dur:2 cpbdur:2 q:21.49 aq:15.39 tex:303 mv:101 misc:308 imb:0 pmb:29 smb:891 d:- ref:0 ;
in:460 out:460 type:P dur:2 cpbdur:2 q:21.53 aq:11.28 tex:19307 mv:480 misc:1005 imb:10 pmb:342 smb:568 d:- ref:0 ;
in:464 out:461 type:P dur:2 cpbdur:2 q:21.51 aq:11.46 tex:34756 mv:1140 misc:1048 imb:42 pmb:485 smb:393 d:- ref:0 ;
in:462 out:462 type:B dur:2 cpbdur:2 q:21.52 aq:14.49 tex:3180 mv:339 misc:657 imb:0 pmb:123 smb:797 d:- ref:0 ;
in:461 out:463 type:b dur:2 cpbdur:2 q:21.52 aq:16.16 tex:1265 mv:300 misc:459 imb:2 pmb:71 smb:847 d:- ref:0 ;
in:463 out:464 type:b dur:2 cpbdur:2 q:21.52 aq:21.64 tex:1016 mv:87 misc:225 imb:0 pmb:17 smb:903 d:- ref:0 ;
in:468 out:465 type:P dur:2 cpbdur:2 q:21.39 aq:10.65 tex:65337 mv:1083 misc:852 imb:46 pmb:662 smb:212 d:- ref:0 ;
in:466 out:466 type:B dur:2 cpbdur:2 q:21.45 aq:13.01 tex:1614 mv:281 misc:665 imb:0 pmb:120 smb:800 d:- ref:0 ;
in:465 out:467 type:b dur:2 cpbdur:2 q:21.48 aq:17.51 tex:738 mv:145 misc:301 imb:0 pmb:29 smb:891 d:- ref:0 ;
in:467 out:468 type:b dur:2 cpbdur:2 q:21.42 aq:19.03 tex:422 mv:80 misc:242 imb:0 pmb:19 smb:901 d:- ref:0 ;
in:472 out:469 type:P dur:2 cpbdur:2 q:21.42 aq:11.37 tex:21318 mv:752 misc:970 imb:20 pmb:314 smb:586 d:- ref:0 ;
in:470 out:470 type:B dur:2 cpbdur:2 q:21.41 aq:14.58 tex:1779 mv:284 misc:529 imb:1 pmb:81 smb:838 d:- ref:0 ;
in:469 out:471 type:b dur:2 cpbdur:2 q:21.40 aq:16.36 tex:496 mv:100 misc:292 imb:0 pmb:29 smb:891 d:- ref:0 ;
in:471 out:472 type:b dur:2 cpbdur:2 q:21.41 aq:15.02 tex:422 mv:128 misc:346 imb:0 pmb:36 smb:884 d:- ref:0 ;
in:476 out:473 type:P dur:2 cpbdur:2 q:21.27 aq:11.69 tex:17323 mv:694 misc:991 imb:18 pmb:309 smb:593 d:- ref:0 ;
in:474 out:474 type:B dur:2 cpbdur:2 q:21.34 aq:12.79 tex:656 mv:183 misc:473 imb:0 pmb:63 smb:857 d:- ref:0 ;
in:473 out:475 type:b dur:2 cpbdur:2 q:21.38 aq:16.05 tex:236 mv:104 misc:276 imb:0 pmb:22 smb:898 d:- ref:0 ;
in:475 out:476 type:b dur:2 cpbdur:2 q:21.30 aq:15.67 tex:258 mv:98 misc:316 imb:0 pmb:32 smb:888 d:- ref:0 ;
in:480 out:477 type:P dur:2 cpbdur:2 q:21.12 aq:12.06 tex:14607 mv:459 misc:950 imb:10 pmb:281 smb:629 d:- ref:0 ;
in:478 out:478 type:B dur:2 cpbdur:2 q:21.19 aq:14.13 tex:766 mv:171 misc:463 imb:0 pmb:61 smb:859 d:- ref:0 ;
in:477 out:479 type:b dur:2 cpbdur:2 q:21.23 aq:19.20 tex:232 mv:69 misc:235 imb:0 pmb:19 smb:901 d:- ref:0 ;
in:479 out:480 type:b dur:2 cpbdur:2 q:21.16 aq:15.88 tex:181 mv:75 misc:264 imb:0 pmb:20 smb:900 d:- ref:0 ;
in:482 out:481 type:P dur:2 cpbdur:2 q:20.90 aq:12.25 tex:11615 mv:485 misc:908 imb:11 pmb:221 smb:688 d:- ref:0 ;
in:481 out:482 type:b dur:2 cpbdur:2 q:21.01 aq:15.61 tex:429 mv:115 misc:336 imb:0 pmb:36 smb:884 d:- ref:0 ;
in:486 out:483 type:P dur:2 cpbdur:2 q:20.79 aq:12.08 tex:28881 mv:1314 misc:957 imb:53 pmb:345 smb:522 d:- ref:0 ;
in:484 out:484 type:B dur:2 cpbdur:2 q:20.85 aq:13.73 tex:9706 mv:1122 misc:820 imb:31 pmb:215 smb:674 d:- ref:0 ;
in:483 out:485 type:b dur:2 cpbdur:2 q:20.88 aq:16.04 tex:872 mv:289 misc:551 imb:0 pmb:112 smb:808 d:- ref:0 ;
in:485 out:486 type:b dur:2 cpbdur:2 q:20.82 aq:16.55 tex:2814 mv:345 misc:577 imb:1 pmb:130 smb:789 d:- ref:0 ;
in:490 out:487 type:P dur:2 cpbdur:2 q:20.65 aq:12.00 tex:21567 mv:827 misc:990 imb:20 pmb:307 smb:593 d:- ref:0 ;
in:488 out:488 type:B dur:2 cpbdur:2 q:20.72 aq:15.12 tex:3634 mv:249 misc:533 imb:0 pmb:90 smb:830 d:- ref:0 ;
in:487 out:489 type:b dur:2 cpbdur:2 q:20.76 aq:16.88 tex:1827 mv:150 misc:351 imb:0 pmb:40 smb:880 d:- ref:0 ;
in:489 out:490 type:b dur:2 cpbdur:2 q:20.69 aq:16.09 tex:1757 mv:151 misc:292 imb:0 pmb:30 smb:890 d:- ref:0 ;
in:494 out:491 type:P dur:2 cpbdur:2 q:20.50 aq:11.97 tex:24027 mv:829 misc:1000 imb:22 pmb:371 smb:527 d:- ref:0 ;
in:492 out:492 type:B dur:2 cpbdur:2 q:20.58 aq:16.70 tex:2129 mv:293 misc:570 imb:0 pmb:102 smb:818 d:- ref:0 ;
in:491 out:493 type:b dur:2 cpbdur:2 q:20.62 aq:16.01 tex:932 mv:156 misc:328 imb:0 pmb:41 smb:879 d:- ref:0 ;
in:493 out:494 type:b dur:2 cpbdur:2 q:20.54 aq:18.07 tex:217 mv:105 misc:334 imb:0 pmb:33 smb:887 d:- ref:0 ;
in:496 out:495 type:P dur:2 cpbdur:2 q:20.39 aq:12.24 tex:11877 mv:557 misc:830 imb:17 pmb:175 smb:728 d:- ref:0 ;
in:495 out:496 type:b dur:2 cpbdur:2 q:20.45 aq:15.30 tex:1091 mv:166 misc:327 imb:0 pmb:37 smb:883 d:- ref:0 ;
in:500 out:497 type:P dur:2 cpbdur:2 q:20.29 aq:13.08 tex:14500 mv:807 misc:781 imb:31 pmb:164 smb:725 d:- ref:0 ;
in:498 out:498 type:B dur:2 cpbdur:2 q:20.34 aq:14.18 tex:4227 mv:339 misc:594 imb:2 pmb:113 smb:805 d:- ref:0 ;
in:497 out:499 type:b dur:2 cpbdur:2 q:20.37 aq:13.92 tex:354 mv:166 misc:424 imb:0 pmb:57 smb:863 d:- ref:0 ;
in:499 out:500 type:b dur:2 cpbdur:2 q:20.32 aq:14.81 tex:1555 mv:146 misc:363 imb:0 pmb:45 smb:875 d:- ref:0 ;
in:503 out:501 type:P dur:2 cpbdur:2 q:20.06 aq:15.58 tex:5176 mv:289 misc:447 imb:7 pmb:54 smb:859 d:- ref:0 ;
in:501 out:502 type:B dur:2 cpbdur:2 q:20.22 aq:15.53 tex:2237 mv:150 misc:309 imb:0 pmb:30 smb:890 d:- ref:0 ;
in:502 out:503 type:b dur:2 cpbdur:2 q:20.14 aq:13.77 tex:331 mv:116 misc:313 imb:0 pmb:34 smb:886 d:- ref:0 ;
in:504 out:504 type:I dur:2 cpbdur:2 q:17.89 aq:7.70 tex:239940 mv:30917 misc:143 imb:920 pmb:0 smb:0 d:- ref:;
in:508 out:505 type:P dur:2 cpbdur:2 q:21.06 aq:11.66 tex:11580 mv:760 misc:844 imb:20 pmb:217 smb:683 d:- ref:0 ;
in:506 out:506 type:B dur:2 cpbdur:2 q:21.06 aq:13.58 tex:1413 mv:309 misc:446 imb:3 pmb:71 smb:846 d:- ref:0 ;
in:505 out:507 type:b dur:2 cpbdur:2 q:21.06 aq:15.43 tex:166 mv:110 misc:300 imb:0 pmb:34 smb:886 d:- ref:0 ;
in:507 out:508 type:b dur:2 cpbdur:2 q:21.06 aq:14.05 tex:500 mv:176 misc:284 imb:0 pmb:28 smb:892 d:- ref:0 ;
in:510 out:509 type:P dur:2 cpbdur:2 q:20.91 aq:11.76 tex:10136 mv:624 misc:784 imb:11 pmb:193 smb:716 d:- ref:0 ;
in:509 out:510 type:b dur:2 cpbdur:2 q:20.99 aq:14.98 tex:215 mv:111 misc:322 imb:0 pmb:35 smb:885 d:- ref:0 ;
in:511 out:511 type:P dur:2 cpbdur:2 q:20.83 aq:10.53 tex:33549 mv:1753 misc:882 imb:19 pmb:610 smb:291 d:- ref:0 ;
in:515 out:512 type:P dur:2 cpbdur:2 q:20.86 aq:10.75 tex:39420 mv:1938 misc:978 imb:58 pmb:413 smb:449 d:- ref:0 ;
in:513 out:513 type:B dur:2 cpbdur:2 q:20.84 aq:14.83 tex:6029 mv:1134 misc:701 imb:5 pmb:228 smb:687 d:- ref:0 ;
in:512 out:514 type:b dur:2 cpbdur:2 q:20.83 aq:14.74 tex:276 mv:129 misc:299 imb:0 pmb:37 smb:883 d:- ref:0 ;
in:514 out:515 type:b dur:2 cpbdur:2 q:20.85 aq:15.45 tex:1047 mv:533 misc:500 imb:0 pmb:88 smb:832 d:- ref:0 ;
in:519 out:516 type:P dur:2 cpbdur:2 q:20.56 aq:11.18 tex:38230 mv:2163 misc:927 imb:57 pmb:369 smb:494 d:- ref:0 ;
in:517 out:517 type:B dur:2 cpbdur:2 q:20.71 aq:15.21 tex:6426 mv:1518 misc:664 imb:5 pmb:227 smb:688 d:- ref:0 ;
in:516 out:518 type:b dur:2 cpbdur:2 q:20.78 aq:17.76 tex:1902 mv:544 misc:402 imb:1 pmb:91 smb:828 d:- ref:0 ;
in:518 out:519 type:b dur:2 cpbdur:2 q:20.63 aq:16.41 tex:1745 mv:633 misc:438 imb:2 pmb:92 smb:826 d:- ref:0 ;
in:523 out:520 type:P dur:2 cpbdur:2 q:20.38 aq:11.18 tex:61053 mv:3521 misc:754 imb:146 pmb:578 smb:196 d:- ref:0 ;
in:521 out:521 type:B dur:2 cpbdur:2 q:20.47 aq:14.33 tex:7791 mv:1933 misc:812 imb:12 pmb:316 smb:592 d:- ref:0 ;
in:520 out:522 type:b dur:2 cpbdur:2 q:20.51 aq:15.91 tex:3183 mv:1022 misc:611 imb:6 pmb:170 smb:744 d:- ref:0 ;
in:522 out:523 type:b dur:2 cpbdur:2 q:20.42 aq:14.68 tex:3423 mv:1082 misc:575 imb:7 pmb:164 smb:749 d:- ref:0 ;
in:525 out:524 type:P dur:2 cpbdur:2 q:20.48 aq:11.22 tex:33303 mv:2358 misc:851 imb:76 pmb:385 smb:459 d:- ref:0 ;
in:524 out:525 type:b dur:2 cpbdur:2 q:20.43 aq:15.65 tex:3313 mv:1015 misc:544 imb:3 pmb:159 smb:758 d:- ref:0 ;
in:527 out:526 type:P dur:2 cpbdur:2 q:20.43 aq:11.85 tex:33074 mv:2852 misc:850 imb:122 pmb:422 smb:376 d:- ref:0 ;
in:526 out:527 type:b dur:2 cpbdur:2 q:20.46 aq:14.84 tex:886 mv:533 misc:597 imb:3 pmb:153 smb:764 d:- ref:0 ;
in:528 out:528 type:P dur:2 cpbdur:2 q:20.51 aq:11.90 tex:18041 mv:1731 misc:972 imb:42 pmb:374 smb:504 d:- ref:0 ;
in:530 out:529 type:P dur:2 cpbdur:2 q:20.50 aq:11.92 tex:33969 mv:2833 misc:918 imb:89 pmb:495 smb:336 d:- ref:0 ;
in:529 out:530 type:b dur:2 cpbdur:2 q:20.51 aq:13.60 tex:1190 mv:402 misc:536 imb:2 pmb:132 smb:786 d:- ref:0 ;
in:533 out:531 type:P dur:2 cpbdur:2 q:20.60 aq:12.32 tex:50846 mv:3212 misc:846 imb:96 pmb:529 smb:295 d:- ref:0 ;
in:531 out:532 type:B dur:2 cpbdur:2 q:20.53 aq:14.67 tex:6405 mv:1793 misc:802 imb:19 pmb:266 smb:635 d:- ref:0 ;
in:532 out:533 type:b dur:2 cpbdur:2 q:20.57 aq:15.10 tex:3016 mv:1295 misc:649 imb:7 pmb:173 smb:740 d:- ref:0 ;
in:535 out:534 type:P dur:2 cpbdur:2 q:20.56 aq:12.72 tex:26948 mv:2461 misc:975 imb:53 pmb:516 smb:351 d:- ref:0 ;
in:534 out:535 type:b dur:2 cpbdur:2 q:20.58 aq:14.43 tex:834 mv:448 misc:750 imb:0 pmb:198 smb:722 d:- ref:0 ;
in:536 out:536 type:P dur:2 cpbdur:2 q:20.57 aq:12.92 tex:19958 mv:1547 misc:1015 imb:31 pmb:391 smb:498 d:- ref:0 ;
in:537 out:537 type:P dur:2 cpbdur:2 q:20.62 aq:12.66 tex:48758 mv:3431 misc:763 imb:100 pmb:583 smb:237 d:- ref:0 ;
in:538 out:538 type:P dur:2 cpbdur:2 q:20.70 aq:12.64 tex:8604 mv:422 misc:934 imb:1 pmb:266 smb:653 d:- ref:0 ;
in:539 out:539 type:P dur:2 cpbdur:2 q:20.68 aq:13.06 tex:36019 mv:2985 misc:868 imb:82 pmb:575 smb:263 d:- ref:0 ;
in:540 out:540 type:P dur:2 cpbdur:2 q:20.80 aq:12.97 tex:30766 mv:2527 misc:931 imb:49 pmb:559 smb:312 d:- ref:0 ;
in:541 out:541 type:P dur:2 cpbdur:2 q:20.83 aq:13.32 tex:30017 mv:2204 misc:939 imb:39 pmb:531 smb:350 d:- ref:0 ;
in:542 out:542 type:P dur:2 cpbdur:2 q:20.93 aq:13.17 tex:32394 mv:2827 misc:907 imb:71 pmb:515 smb:334 d:- ref:0 ;
in:543 out:543 type:P dur:2 cpbdur:2 q:20.98 aq:12.84 tex:51649 mv:3896 misc:679 imb:108 pmb:647 smb:165 d:- ref:0 ;
in:544 out:544 type:P dur:2 cpbdur:2 q:21.06 aq:12.82 tex:38846 mv:2439 misc:843 imb:37 pmb:635 smb:248 d:- ref:0 ;
in:546 out:545 type:P dur:2 cpbdur:2 q:21.15 aq:12.86 tex:54069 mv:3729 misc:762 imb:103 pmb:605 smb:212 d:- ref:0 ;
in:545 out:546 type:b dur:2 cpbdur:2 q:21.11 aq:17.31 tex:3770 mv:1529 misc:773 imb:7 pmb:217 smb:696 d:- ref:0 ;
in:547 out:547 type:P dur:2 cpbdur:2 q:21.22 aq:12.82 tex:32946 mv:2179 misc:931 imb:29 pmb:559 smb:332 d:- ref:0 ;
in:551 out:548 type:P dur:2 cpbdur:2 q:21.30 aq:13.52 tex:50870 mv:3419 misc:823 imb:116 pmb:527 smb:277 d:- ref:0 ;
in:549 out:549 type:B dur:2 cpbdur:2 q:21.26 aq:15.09 tex:7354 mv:2056 misc:838 imb:9 pmb:310 smb:601 d:- ref:0 ;
in:548 out:550 type:b dur:2 cpbdur:2 q:21.24 aq:18.50 tex:3097 mv:1340 misc:691 imb:4 pmb:199 smb:717 d:- ref:0 ;
in:550 out:551 type:b dur:2 cpbdur:2 q:21.28 aq:15.58 tex:926 mv:708 misc:702 imb:1 pmb:190 smb:729 d:- ref:0 ;
in:554 out:552 type:P dur:2 cpbdur:2 q:21.36 aq:12.55 tex:94931 mv:4636 misc:497 imb:176 pmb:669 smb:75 d:- ref:0 ;
in:552 out:553 type:B dur:2 cpbdur:2 q:21.32 aq:16.36 tex:11819 mv:2772 misc:913 imb:19 pmb:380 smb:521 d:- ref:0 ;
in:553 out:554 type:b dur:2 cpbdur:2 q:21.34 aq:17.67 tex:3550 mv:1480 misc:770 imb:2 pmb:216 smb:702 d:- ref:0 ;
in:558 out:555 type:P dur:2 cpbdur:2 q:21.67 aq:13.12 tex:74585 mv:4234 misc:669 imb:152 pmb:620 smb:148 d:- ref:0 ;
in:556 out:556 type:B dur:2 cpbdur:2 q:21.52 aq:16.99 tex:7335 mv:2578 misc:879 imb:10 pmb:342 smb:568 d:- ref:0 ;
in:555 out:557 type:b dur:2 cpbdur:2 q:21.44 aq:17.35 tex:770 mv:469 misc:705 imb:1 pmb:155 smb:764 d:- ref:0 ;
in:557 out:558 type:b dur:2 cpbdur:2 q:21.60 aq:19.40 tex:5582 mv:2147 misc:791 imb:8 pmb:268 smb:644 d:- ref:0 ;
in:562 out:559 type:P dur:2 cpbdur:2 q:21.91 aq:13.50 tex:80864 mv:4640 misc:680 imb:198 pmb:557 smb:165 d:- ref:0 ;
in:560 out:560 type:B dur:2 cpbdur:2 q:21.79 aq:17.55 tex:10818 mv:2718 misc:864 imb:20 pmb:352 smb:548 d:- ref:0 ;
in:559 out:561 type:b dur:2 cpbdur:2 q:21.73 aq:17.69 tex:728 mv:468 misc:644 imb:0 pmb:140 smb:780 d:- ref:0 ;
in:561 out:562 type:b dur:2 cpbdur:2 q:21.85 aq:19.12 tex:7899 mv:2210 misc:731 imb:13 pmb:275 smb:632 d:- ref:0 ;
in:566 out:563 type:P dur:2 cpbdur:2 q:22.13 aq:14.08 tex:61941 mv:4128 misc:739 imb:128 pmb:617 smb:175 d:- ref:0 ;
in:564 out:564 type:B dur:2 cpbdur:2 q:22.02 aq:18.48 tex:7579 mv:2462 misc:895 imb:9 pmb:328 smb:583 d:- ref:0 ;
in:563 out:565 type:b dur:2 cpbdur:2 q:21.97 aq:18.06 tex:932 mv:454 misc:694 imb:0 pmb:161 smb:759 d:- ref:0 ;
in:565 out:566 type:b dur:2 cpbdur:2 q:22.08 aq:19.68 tex:4541 mv:1645 misc:766 imb:2 pmb:247 smb:671 d:- ref:0 ;
in:569 out:567 type:P dur:2 cpbdur:2 q:22.18 aq:14.28 tex:62071 mv:3864 misc:801 imb:117 pmb:589 smb:214 d:- ref:0 ;
in:567 out:568 type:B dur:2 cpbdur:2 q:22.15 aq:18.90 tex:9003 mv:2362 misc:835 imb:14 pmb:303 smb:603 d:- ref:0 ;
in:568 out:569 type:b dur:2 cpbdur:2 q:22.17 aq:20.10 tex:4709 mv:1755 misc:736 imb:5 pmb:221 smb:694 d:- ref:0 ;
in:573 out:570 type:P dur:2 cpbdur:2 q:22.30 aq:14.26 tex:83632 mv:4982 misc:554 imb:203 pmb:617 smb:100 d:- ref:0 ;
in:571 out:571 type:B dur:2 cpbdur:2 q:22.24 aq:18.39 tex:12368 mv:3323 misc:821 imb:17 pmb:402 smb:501 d:- ref:0 ;
in:570 out:572 type:b dur:2 cpbdur:2 q:22.21 aq:20.04 tex:4881 mv:1700 misc:755 imb:3 pmb:233 smb:684 d:- ref:0 ;
in:572 out:573 type:b dur:2 cpbdur:2 q:22.27 aq:19.62 tex:4234 mv:1481 misc:717 imb:7 pmb:190 smb:723 d:- ref:0 ;
in:575 out:574 type:P dur:2 cpbdur:2 q:22.43 aq:14.24 tex:46688 mv:3398 misc:898 imb:75 pmb:571 smb:274 d:- ref:0 ;
in:574 out:575 type:b dur:2 cpbdur:2 q:22.37 aq:20.37 tex:4266 mv:1380 misc:610 imb:4 pmb:169 smb:747 d:- ref:0 ;
in:579 out:576 type:P dur:2 cpbdur:2 q:22.48 aq:14.64 tex:63444 mv:3794 misc:810 imb:167 pmb:516 smb:237 d:- ref:0 ;
in:577 out:577 type:B dur:2 cpbdur:2 q:22.46 aq:18.39 tex:10536 mv:2573 misc:819 imb:22 pmb:295 smb:603 d:- ref:0 ;
in:576 out:578 type:b dur:2 cpbdur:2 q:22.45 aq:18.63 tex:572 mv:304 misc:564 imb:0 pmb:119 smb:801 d:- ref:0 ;
in:578 out:579 type:b dur:2 cpbdur:2 q:22.47 aq:20.39 tex:5683 mv:1728 misc:685 imb:9 pmb:207 smb:704 d:- ref:0 ;
in:583 out:580 type:P dur:2 cpbdur:2 q:22.53 aq:14.48 tex:74587 mv:4218 misc:571 imb:175 pmb:643 smb:102 d:- ref:0 ;
in:581 out:581 type:B dur:2 cpbdur:2 q:22.50 aq:19.50 tex:9162 mv:2262 misc:704 imb:15 pmb:263 smb:642 d:- ref:0 ;
in:580 out:582 type:b dur:2 cpbdur:2 q:22.49 aq:18.01 tex:766 mv:338 misc:616 imb:0 pmb:141 smb:779 d:- ref:0 ;
in:582 out:583 type:b dur:2 cpbdur:2 q:22.52 aq:20.85 tex:6799 mv:1854 misc:603 imb:14 pmb:202 smb:704 d:- ref:0 ;
in:587 out:584 type:P dur:2 cpbdur:2 q:22.69 aq:14.45 tex:72685 mv:5086 misc:509 imb:188 pmb:658 smb:74 d:- ref:0 ;
in:585 out:585 type:B dur:2 cpbdur:2 q:22.61 aq:18.79 tex:9770 mv:2322 misc:772 imb:12 pmb:306 smb:602 d:- ref:0 ;
in:584 out:586 type:b dur:2 cpbdur:2 q:22.57 aq:18.64 tex:702 mv:307 misc:591 imb:0 pmb:125 smb:795 d:- ref:0 ;
in:586 out:587 type:b dur:2 cpbdur:2 q:22.65 aq:19.70 tex:8328 mv:2244 misc:764 imb:15 pmb:278 smb:627 d:- ref:0 ;
in:591 out:588 type:P dur:2 cpbdur:2 q:22.90 aq:15.18 tex:46699 mv:3657 misc:812 imb:117 pmb:565 smb:238 d:- ref:0 ;
in:589 out:589 type:B dur:2 cpbdur:2 q:22.80 aq:19.77 tex:7971 mv:2034 misc:755 imb:10 pmb:247 smb:663 d:- ref:0 ;
in:588 out:590 type:b dur:2 cpbdur:2 q:22.75 aq:18.23 tex:1058 mv:449 misc:629 imb:0 pmb:153 smb:767 d:- ref:0 ;
in:590 out:591 type:b dur:2 cpbdur:2 q:22.85 aq:20.97 tex:6664 mv:1885 misc:699 imb:3 pmb:236 smb:681 d:- ref:0 ;
in:595 out:592 type:P dur:2 cpbdur:2 q:22.95 aq:15.49 tex:50995 mv:4336 misc:749 imb:188 pmb:509 smb:223 d:- ref:0 ;
in:593 out:593 type:B dur:2 cpbdur:2 q:22.93 aq:18.67 tex:14248 mv:2667 misc:829 imb:30 pmb:331 smb:559 d:- ref:0 ;
in:592 out:594 type:b dur:2 cpbdur:2 q:22.91 aq:20.89 tex:8465 mv:1902 misc:729 imb:4 pmb:285 smb:631 d:- ref:0 ;
in:594 out:595 type:b dur:2 cpbdur:2 q:22.94 aq:20.36 tex:7521 mv:2003 misc:796 imb:5 pmb:277 smb:638 d:- ref:0 ;
in:599 out:596 type:P dur:2 cpbdur:2 q:22.96 aq:15.74 tex:55951 mv:4495 misc:706 imb:162 pmb:577 smb:181 d:- ref:0 ;
in:597 out:597 type:B dur:2 cpbdur:2 q:22.95 aq:18.53 tex:14902 mv:2877 misc:885 imb:28 pmb:368 smb:524 d:- ref:0 ;
in:596 out:598 type:b dur:2 cpbdur:2 q:22.95 aq:20.45 tex:7711 mv:1925 misc:812 imb:8 pmb:288 smb:624 d:- ref:0 ;
in:598 out:599 type:b dur:2 cpbdur:2 q:22.96 aq:20.90 tex:7330 mv:1909 misc:673 imb:8 pmb:216 smb:696 d:- ref:0 ;
in:603 out:600 type:P dur:2 cpbdur:2 q:22.97 aq:16.28 tex:45776 mv:3774 misc:850 imb:154 pmb:514 smb:252 d:- ref:0 ;
in:601 out:601 type:B dur:2 cpbdur:2 q:22.96 aq:18.27 tex:19043 mv:2671 misc:862 imb:14 pmb:377 smb:529 d:- ref:0 ;
in:600 out:602 type:b dur:2 cpbdur:2 q:22.96 aq:17.75 tex:398 mv:183 misc:483 imb:0 pmb:80 smb:840 d:- ref:0 ;
in:602 out:603 type:b dur:2 cpbdur:2 q:22.96 aq:20.42 tex:10458 mv:2211 misc:795 imb:13 pmb:278 smb:629 d:- ref:0 ;
in:607 out:604 type:P dur:2 cpbdur:2 q:22.98 aq:16.41 tex:50075 mv:4875 misc:738 imb:188 pmb:560 smb:172 d:- ref:0 ;
in:605 out:605 type:B dur:2 cpbdur:2 q:22.97 aq:17.61 tex:20892 mv:3698 misc:898 imb:30 pmb:462 smb:428 d:- ref:0 ;
in:604 out:606 type:b dur:2 cpbdur:2 q:22.97 aq:18.02 tex:571 mv:398 misc:783 imb:0 pmb:209 smb:711 d:- ref:0 ;
in:606 out:607 type:b dur:2 cpbdur:2 q:22.97 aq:20.75 tex:10058 mv:2098 misc:644 imb:18 pmb:218 smb:684 d:- ref:0 ;
in:611 out:608 type:P dur:2 cpbdur:2 q:23.07 aq:17.47 tex:36126 mv:3830 misc:932 imb:149 pmb:407 smb:364 d:- ref:0 ;
in:609 out:609 type:B dur:2 cpbdur:2 q:23.02 aq:18.54 tex:20597 mv:3096 misc:851 imb:25 pmb:344 smb:551 d:- ref:0 ;
in:608 out:610 type:b dur:2 cpbdur:2 q:23.00 aq:16.84 tex:815 mv:349 misc:676 imb:1 pmb:153 smb:766 d:- ref:0 ;
in:610 out:611 type:b dur:2 cpbdur:2 q:23.05 aq:21.26 tex:10285 mv:2351 misc:692 imb:19 pmb:228 smb:673 d:- ref:0 ;
in:613 out:612 type:P dur:2 cpbdur:2 q:23.16 aq:19.51 tex:25215 mv:3157 misc:788 imb:116 pmb:292 smb:512 d:- ref:0 ;
in:612 out:613 type:b dur:2 cpbdur:2 q:23.11 aq:20.40 tex:1619 mv:534 misc:759 imb:5 pmb:206 smb:709 d:- ref:0 ;
in:614 out:614 type:I dur:2 cpbdur:2 q:19.84 aq:9.66 tex:393241 mv:26867 misc:140 imb:920 pmb:0 smb:0 d:- ref:;
in:616 out:615 type:P dur:2 cpbdur:2 q:24.60 aq:13.01 tex:6348 mv:413 misc:743 imb:12 pmb:135 smb:773 d:- ref:0 ;
in:615 out:616 type:b dur:2 cpbdur:2 q:24.60 aq:27.40 tex:553 mv:76 misc:171 imb:0 pmb:10 smb:910 d:- ref:0 ;
in:618 out:617 type:P dur:2 cpbdur:2 q:24.57 aq:14.19 tex:6879 mv:274 misc:767 imb:6 pmb:158 smb:756 d:- ref:0 ;
in:617 out:618 type:b dur:2 cpbdur:2 q:24.59 aq:22.48 tex:458 mv:57 misc:173 imb:0 pmb:8 smb:912 d:- ref:0 ;
in:622 out:619 type:P dur:2 cpbdur:2 q:24.51 aq:14.42 tex:17535 mv:760 misc:961 imb:13 pmb:315 smb:592 d:- ref:0 ;
in:620 out:620 type:B dur:2 cpbdur:2 q:24.54 aq:18.67 tex:629 mv:109 misc:342 imb:0 pmb:35 smb:885 d:- ref:0 ;
in:619 out:621 type:b dur:2 cpbdur:2 q:24.55 aq:17.20 tex:91 mv:29 misc:184 imb:0 pmb:9 smb:911 d:- ref:0 ;
in:621 out:622 type:b dur:2 cpbdur:2 q:24.52 aq:18.15 tex:1149 mv:162 misc:289 imb:0 pmb:29 smb:891 d:- ref:0 ;
in:623 out:623 type:P dur:2 cpbdur:2 q:24.43 aq:14.38 tex:21513 mv:422 misc:985 imb:7 pmb:357 smb:556 d:- ref:0 ;
in:627 out:624 type:P dur:2 cpbdur:2 q:24.41 aq:14.67 tex:10239 mv:354 misc:855 imb:8 pmb:208 smb:704 d:- ref:0 ;
in:625 out:625 type:B dur:2 cpbdur:2 q:24.42 aq:17.58 tex:1085 mv:68 misc:231 imb:0 pmb:17 smb:903 d:- ref:0 ;
in:624 out:626 type:b dur:2 cpbdur:2 q:24.42 aq:17.94 tex:46 mv:42 misc:184 imb:0 pmb:12 smb:908 d:- ref:0 ;
in:626 out:627 type:b dur:2 cpbdur:2 q:24.42 aq:17.94 tex:90 mv:38 misc:192 imb:0 pmb:12 smb:908 d:- ref:0 ;
in:631 out:628 type:P dur:2 cpbdur:2 q:23.96 aq:14.71 tex:10537 mv:267 misc:772 imb:3 pmb:173 smb:744 d:- ref:0 ;
in:629 out:629 type:B dur:2 cpbdur:2 q:24.19 aq:16.29 tex:1476 mv:107 misc:265 imb:0 pmb:23 smb:897 d:- ref:0 ;
in:628 out:630 type:b dur:2 cpbdur:2 q:24.30 aq:18.11 tex:26 mv:21 misc:161 imb:0 pmb:6 smb:914 d:- ref:0 ;
in:630 out:631 type:b dur:2 cpbdur:2 q:24.08 aq:21.90 tex:1061 mv:53 misc:158 imb:0 pmb:9 smb:911 d:- ref:0 ;
in:635 out:632 type:P dur:2 cpbdur:2 q:23.82 aq:14.92 tex:10783 mv:274 misc:831 imb:3 pmb:194 smb:723 d:- ref:0 ;
in:633 out:633 type:B dur:2 cpbdur:2 q:23.89 aq:15.82 tex:1771 mv:82 misc:275 imb:0 pmb:26 smb:894 d:- ref:0 ;
in:632 out:634 type:b dur:2 cpbdur:2 q:23.93 aq:23.70 tex:909 mv:43 misc:152 imb:0 pmb:9 smb:911 d:- ref:0 ;
in:634 out:635 type:b dur:2 cpbdur:2 q:23.86 aq:17.93 tex:40 mv:43 misc:189 imb:0 pmb:11 smb:909 d:- ref:0 ;
in:638 out:636 type:P dur:2 cpbdur:2 q:23.70 aq:13.59 tex:21086 mv:1318 misc:1020 imb:64 pmb:406 smb:450 d:- ref:0 ;
in:636 out:637 type:B dur:2 cpbdur:2 q:23.78 aq:17.84 tex:912 mv:112 misc:328 imb:0 pmb:32 smb:888 d:- ref:0 ;
in:637 out:638 type:b dur:2 cpbdur:2 q:23.74 aq:15.67 tex:530 mv:211 misc:467 imb:0 pmb:74 smb:846 d:- ref:0 ;
in:642 out:639 type:P dur:2 cpbdur:2 q:23.59 aq:12.86 tex:47458 mv:1432 misc:894 imb:56 pmb:596 smb:268 d:- ref:0 ;
in:640 out:640 type:B dur:2 cpbdur:2 q:23.65 aq:15.09 tex:1846 mv:302 misc:580 imb:0 pmb:105 smb:815 d:- ref:0 ;
in:639 out:641 type:b dur:2 cpbdur:2 q:23.67 aq:17.42 tex:1502 mv:160 misc:394 imb:1 pmb:51 smb:868 d:- ref:0 ;
in:641 out:642 type:b dur:2 cpbdur:2 q:23.62 aq:16.41 tex:447 mv:45 misc:228 imb:0 pmb:16 smb:904 d:- ref:0 ;
in:646 out:643 type:P dur:2 cpbdur:2 q:23.50 aq:13.00 tex:13056 mv:384 misc:960 imb:6 pmb:262 smb:652 d:- ref:0 ;
in:644 out:644 type:B dur:2 cpbdur:2 q:23.54 aq:18.62 tex:1063 mv:94 misc:267 imb:0 pmb:25 smb:895 d:- ref:0 ;
in:643 out:645 type:b dur:2 cpbdur:2 q:23.57 aq:26.32 tex:357 mv:20 misc:167 imb:0 pmb:6 smb:914 d:- ref:0 ;
in:645 out:646 type:b dur:2 cpbdur:2 q:23.52 aq:17.39 tex:57 mv:33 misc:182 imb:0 pmb:10 smb:910 d:- ref:0 ;
in:650 out:647 type:P dur:2 cpbdur:2 q:23.36 aq:12.70 tex:22380 mv:1192 misc:1028 imb:70 pmb:341 smb:509 d:- ref:0 ;
in:648 out:648 type:B dur:2 cpbdur:2 q:23.43 aq:15.06 tex:1887 mv:274 misc:495 imb:1 pmb:79 smb:840 d:- ref:0 ;
in:647 out:649 type:b dur:2 cpbdur:2 q:23.46 aq:16.36 tex:1151 mv:69 misc:196 imb:0 pmb:12 smb:908 d:- ref:0 ;
in:649 out:650 type:b dur:2 cpbdur:2 q:23.40 aq:16.27 tex:1424 mv:261 misc:451 imb:0 pmb:73 smb:847 d:- ref:0 ;
in:654 out:651 type:P dur:2 cpbdur:2 q:23.31 aq:13.47 tex:9498 mv:451 misc:899 imb:12 pmb:227 smb:681 d:- ref:0 ;
in:652 out:652 type:B dur:2 cpbdur:2 q:23.34 aq:14.69 tex:692 mv:104 misc:324 imb:0 pmb:31 smb:889 d:- ref:0 ;
in:651 out:653 type:b dur:2 cpbdur:2 q:23.35 aq:16.26 tex:491 mv:107 misc:266 imb:2 pmb:21 smb:897 d:- ref:0 ;
in:653 out:654 type:b dur:2 cpbdur:2 q:23.32 aq:16.02 tex:373 mv:42 misc:225 imb:0 pmb:13 smb:907 d:- ref:0 ;
in:658 out:655 type:P dur:2 cpbdur:2 q:23.16 aq:14.25 tex:7987 mv:202 misc:795 imb:3 pmb:183 smb:734 d:- ref:0 ;
in:656 out:656 type:B dur:2 cpbdur:2 q:23.23 aq:14.71 tex:834 mv:88 misc:294 imb:0 pmb:24 smb:896 d:- ref:0 ;
in:655 out:657 type:b dur:2 cpbdur:2 q:23.27 aq:15.16 tex:427 mv:36 misc:209 imb:0 pmb:12 smb:908 d:- ref:0 ;
in:657 out:658 type:b dur:2 cpbdur:2 q:23.20 aq:15.80 tex:637 mv:54 misc:205 imb:0 pmb:11 smb:909 d:- ref:0 ;
in:662 out:659 type:P dur:2 cpbdur:2 q:23.31 aq:13.18 tex:34493 mv:1634 misc:937 imb:80 pmb:558 smb:282 d:- ref:0 ;
in:660 out:660 type:B dur:2 cpbdur:2 q:23.24 aq:15.78 tex:1617 mv:297 misc:582 imb:1 pmb:118 smb:801 d:- ref:0 ;
in:659 out:661 type:b dur:2 cpbdur:2 q:23.20 aq:16.06 tex:165 mv:60 misc:239 imb:0 pmb:18 smb:902 d:- ref:0 ;
in:661 out:662 type:b dur:2 cpbdur:2 q:23.28 aq:17.52 tex:915 mv:247 misc:510 imb:1 pmb:87 smb:832 d:- ref:0 ;
in:666 out:663 type:P dur:2 cpbdur:2 q:23.23 aq:12.98 tex:25936 mv:805 misc:1043 imb:22 pmb:486 smb:412 d:- ref:0 ;
in:664 out:664 type:B dur:2 cpbdur:2 q:23.27 aq:15.51 tex:916 mv:144 misc:492 imb:0 pmb:68 smb:852 d:- ref:0 ;
in:663 out:665 type:b dur:2 cpbdur:2 q:23.29 aq:18.41 tex:673 mv:111 misc:360 imb:0 pmb:42 smb:878 d:- ref:0 ;
in:665 out:666 type:b dur:2 cpbdur:2 q:23.25 aq:15.94 tex:111 mv:51 misc:238 imb:0 pmb:15 smb:905 d:- ref:0 ;
in:669 out:667 type:P dur:2 cpbdur:2 q:23.10 aq:12.18 tex:40631 mv:928 misc:937 imb:32 pmb:592 smb:296 d:- ref:0 ;
in:667 out:668 type:B dur:2 cpbdur:2 q:23.19 aq:19.15 tex:387 mv:45 misc:240 imb:0 pmb:14 smb:906 d:- ref:0 ;
in:668 out:669 type:b dur:2 cpbdur:2 q:23.14 aq:25.38 tex:194 mv:56 misc:230 imb:0 pmb:15 smb:905 d:- ref:0 ;
in:673 out:670 type:P dur:2 cpbdur:2 q:22.73 aq:12.23 tex:16562 mv:292 misc:986 imb:4 pmb:310 smb:606 d:- ref:0 ;
in:671 out:671 type:B dur:2 cpbdur:2 q:22.92 aq:13.59 tex:1176 mv:70 misc:290 imb:0 pmb:22 smb:898 d:- ref:0 ;
in:670 out:672 type:b dur:2 cpbdur:2 q:23.01 aq:17.72 tex:21 mv:18 misc:161 imb:0 pmb:5 smb:915 d:- ref:0 ;
in:672 out:673 type:b dur:2 cpbdur:2 q:22.82 aq:23.47 tex:627 mv:41 misc:172 imb:0 pmb:8 smb:912 d:- ref:0 ;
in:677 out:674 type:P dur:2 cpbdur:2 q:22.90 aq:12.69 tex:7496 mv:224 misc:792 imb:3 pmb:171 smb:746 d:- ref:0 ;
in:675 out:675 type:B dur:2 cpbdur:2 q:22.82 aq:13.81 tex:711 mv:57 misc:256 imb:0 pmb:17 smb:903 d:- ref:0 ;
in:674 out:676 type:b dur:2 cpbdur:2 q:22.77 aq:23.47 tex:409 mv:31 misc:176 imb:0 pmb:8 smb:912 d:- ref:0 ;
in:676 out:677 type:b dur:2 cpbdur:2 q:22.86 aq:22.99 tex:507 mv:20 misc:169 imb:0 pmb:6 smb:914 d:- ref:0 ;
in:681 out:678 type:P dur:2 cpbdur:2 q:22.76 aq:12.50 tex:6262 mv:195 misc:775 imb:3 pmb:151 smb:766 d:- ref:0 ;
in:679 out:679 type:B dur:2 cpbdur:2 q:22.83 aq:14.74 tex:956 mv:51 misc:265 imb:0 pmb:21 smb:899 d:- ref:0 ;
in:678 out:680 type:b dur:2 cpbdur:2 q:22.86 aq:17.64 tex:53 mv:30 misc:173 imb:0 pmb:8 smb:912 d:- ref:0 ;
in:680 out:681 type:b dur:2 cpbdur:2 q:22.79 aq:17.73 tex:392 mv:19 misc:181 imb:0 pmb:7 smb:913 d:- ref:0 ;
in:685 out:682 type:P dur:2 cpbdur:2 q:22.59 aq:12.62 tex:23165 mv:1290 misc:1009 imb:79 pmb:374 smb:467 d:- ref:0 ;
in:683 out:683 type:B dur:2 cpbdur:2 q:22.67 aq:14.93 tex:1704 mv:399 misc:593 imb:2 pmb:115 smb:803 d:- ref:0 ;
in:682 out:684 type:b dur:2 cpbdur:2 q:22.72 aq:15.33 tex:347 mv:175 misc:430 imb:1 pmb:65 smb:854 d:- ref:0 ;
in:684 out:685 type:b dur:2 cpbdur:2 q:22.63 aq:14.85 tex:333 mv:131 misc:336 imb:0 pmb:38 smb:882 d:- ref:0 ;
in:689 out:686 type:P dur:2 cpbdur:2 q:22.10 aq:12.26 tex:30169 mv:1231 misc:1032 imb:71 pmb:460 smb:389 d:- ref:0 ;
in:687 out:687 type:B dur:2 cpbdur:2 q:22.35 aq:14.65 tex:1537 mv:408 misc:583 imb:3 pmb:106 smb:811 d:- ref:0 ;
in:686 out:688 type:b dur:2 cpbdur:2 q:22.47 aq:15.52 tex:489 mv:59 misc:244 imb:0 pmb:20 smb:900 d:- ref:0 ;
in:688 out:689 type:b dur:2 cpbdur:2 q:22.22 aq:14.65 tex:845 mv:151 misc:452 imb:0 pmb:68 smb:852 d:- ref:0 ;
in:692 out:690 type:P dur:2 cpbdur:2 q:21.97 aq:12.24 tex:17059 mv:536 misc:1005 imb:20 pmb:315 smb:585 d:- ref:0 ;
in:690 out:691 type:B dur:2 cpbdur:2 q:22.06 aq:14.24 tex:830 mv:127 misc:355 imb:1 pmb:41 smb:878 d:- ref:0 ;
in:691 out:692 type:b dur:2 cpbdur:2 q:22.01 aq:17.90 tex:413 mv:48 misc:211 imb:0 pmb:14 smb:906 d:- ref:0 ;
in:696 out:693 type:P dur:2 cpbdur:2 q:21.86 aq:11.36 tex:34267 mv:1317 misc:1024 imb:81 pmb:393 smb:446 d:- ref:0 ;
in:694 out:694 type:B dur:2 cpbdur:2 q:21.91 aq:14.44 tex:2488 mv:405 misc:659 imb:7 pmb:130 smb:783 d:- ref:0 ;
in:693 out:695 type:b dur:2 cpbdur:2 q:21.94 aq:15.82 tex:855 mv:173 misc:388 imb:1 pmb:57 smb:862 d:- ref:0 ;
in:695 out:696 type:b dur:2 cpbdur:2 q:21.89 aq:16.06 tex:621 mv:95 misc:316 imb:0 pmb:37 smb:883 d:- ref:0 ;
in:700 out:697 type:P dur:2 cpbdur:2 q:21.77 aq:10.83 tex:50009 mv:972 misc:947 imb:46 pmb:573 smb:301 d:- ref:0 ;
in:698 out:698 type:B dur:2 cpbdur:2 q:21.81 aq:14.48 tex:1997 mv:285 misc:630 imb:1 pmb:112 smb:807 d:- ref:0 ;
in:697 out:699 type:b dur:2 cpbdur:2 q:21.84 aq:17.36 tex:569 mv:148 misc:411 imb:1 pmb:50 smb:869 d:- ref:0 ;
in:699 out:700 type:b dur:2 cpbdur:2 q:21.79 aq:17.41 tex:775 mv:60 misc:229 imb:0 pmb:17 smb:903 d:- ref:0 ;
in:704 out:701 type:P dur:2 cpbdur:2 q:21.74 aq:11.52 tex:13924 mv:235 misc:905 imb:4 pmb:233 smb:683 d:- ref:0 ;
in:702 out:702 type:B dur:2 cpbdur:2 q:21.75 aq:13.69 tex:1113 mv:78 misc:321 imb:0 pmb:29 smb:891 d:- ref:0 ;
in:701 out:703 type:b dur:2 cpbdur:2 q:21.76 aq:13.49 tex:128 mv:45 misc:211 imb:0 pmb:14 smb:906 d:- ref:0 ;
in:703 out:704 type:b dur:2 cpbdur:2 q:21.75 aq:17.28 tex:597 mv:42 misc:217 imb:0 pmb:12 smb:908 d:- ref:0 ;
in:708 out:705 type:P dur:2 cpbdur:2 q:21.63 aq:11.50 tex:17959 mv:744 misc:961 imb:23 pmb:282 smb:615 d:- ref:0 ;
in:706 out:706 type:B dur:2 cpbdur:2 q:21.68 aq:14.35 tex:1060 mv:195 misc:433 imb:0 pmb:59 smb:861 d:- ref:0 ;
in:705 out:707 type:b dur:2 cpbdur:2 q:21.71 aq:18.44 tex:380 mv:30 misc:198 imb:0 pmb:10 smb:910 d:- ref:0 ;
in:707 out:708 type:b dur:2 cpbdur:2 q:21.66 aq:17.83 tex:595 mv:100 misc:305 imb:0 pmb:30 smb:890 d:- ref:0 ;
in:712 out:709 type:P dur:2 cpbdur:2 q:21.54 aq:11.35 tex:13828 mv:386 misc:946 imb:9 pmb:266 smb:645 d:- ref:0 ;
in:710 out:710 type:B dur:2 cpbdur:2 q:21.58 aq:14.81 tex:705 mv:120 misc:351 imb:0 pmb:36 smb:884 d:- ref:0 ;
in:709 out:711 type:b dur:2 cpbdur:2 q:21.61 aq:20.85 tex:231 mv:56 misc:249 imb:0 pmb:17 smb:903 d:- ref:0 ;
in:711 out:712 type:b dur:2 cpbdur:2 q:21.56 aq:16.76 tex:117 mv:44 misc:207 imb:0 pmb:12 smb:908 d:- ref:0 ;
in:716 out:713 type:P dur:2 cpbdur:2 q:21.38 aq:10.64 tex:40937 mv:1231 misc:1024 imb:66 pmb:456 smb:398 d:- ref:0 ;
in:714 out:714 type:B dur:2 cpbdur:2 q:21.46 aq:15.30 tex:2164 mv:282 misc:594 imb:1 pmb:105 smb:814 d:- ref:0 ;
in:713 out:715 type:b dur:2 cpbdur:2 q:21.50 aq:16.88 tex:1577 mv:231 misc:424 imb:1 pmb:63 smb:856 d:- ref:0 ;
in:715 out:716 type:b dur:2 cpbdur:2 q:21.42 aq:14.27 tex:269 mv:88 misc:275 imb:0 pmb:27 smb:893 d:- ref:0 ;
in:720 out:717 type:P dur:2 cpbdur:2 q:21.31 aq:10.82 tex:16965 mv:368 misc:947 imb:8 pmb:265 smb:647 d:- ref:0 ;
in:718 out:718 type:B dur:2 cpbdur:2 q:21.34 aq:17.33 tex:1643 mv:150 misc:375 imb:0 pmb:42 smb:878 d:- ref:0 ;
in:717 out:719 type:b dur:2 cpbdur:2 q:21.36 aq:18.55 tex:762 mv:128 misc:262 imb:0 pmb:25 smb:895 d:- ref:0 ;
in:719 out:720 type:b dur:2 cpbdur:2 q:21.32 aq:17.94 tex:747 mv:32 misc:213 imb:0 pmb:14 smb:906 d:- ref:0 ;
in:724 out:721 type:P dur:2 cpbdur:2 q:21.14 aq:11.74 tex:14009 mv:432 misc:823 imb:7 pmb:213 smb:700 d:- ref:0 ;
in:722 out:722 type:B dur:2 cpbdur:2 q:21.22 aq:15.49 tex:1142 mv:126 misc:380 imb:0 pmb:44 smb:876 d:- ref:0 ;
in:721 out:723 type:b dur:2 cpbdur:2 q:21.26 aq:17.42 tex:783 mv:68 misc:245 imb:0 pmb:20 smb:900 d:- ref:0 ;
in:723 out:724 type:b dur:2 cpbdur:2 q:21.18 aq:14.60 tex:236 mv:49 misc:219 imb:0 pmb:14 smb:906 d:- ref:0 ;
in:728 out:725 type:P dur:2 cpbdur:2 q:21.03 aq:10.82 tex:38550 mv:834 misc:1016 imb:26 pmb:511 smb:383 d:- ref:0 ;
in:726 out:726 type:B dur:2 cpbdur:2 q:21.08 aq:15.31 tex:913 mv:196 misc:491 imb:1 pmb:76 smb:843 d:- ref:0 ;
in:725 out:727 type:b dur:2 cpbdur:2 q:21.11 aq:15.62 tex:313 mv:102 misc:289 imb:0 pmb:31 smb:889 d:- ref:0 ;
in:727 out:728 type:b dur:2 cpbdur:2 q:21.05 aq:18.80 tex:111 mv:25 misc:184 imb:0 pmb:7 smb:913 d:- ref:0 ;
in:730 out:729 type:P dur:2 cpbdur:2 q:20.95 aq:11.43 tex:11235 mv:271 misc:854 imb:3 pmb:225 smb:692 d:- ref:0 ;
in:729 out:730 type:b dur:2 cpbdur:2 q:20.99 aq:15.85 tex:90 mv:42 misc:212 imb:0 pmb:12 smb:908 d:- ref:0 ;
in:734 out:731 type:P dur:2 cpbdur:2 q:20.86 aq:13.01 tex:10939 mv:334 misc:815 imb:3 pmb:202 smb:715 d:- ref:0 ;
in:732 out:732 type:B dur:2 cpbdur:2 q:20.91 aq:13.78 tex:515 mv:118 misc:343 imb:0 pmb:38 smb:882 d:- ref:0 ;
in:731 out:733 type:b dur:2 cpbdur:2 q:20.93 aq:14.21 tex:110 mv:46 misc:204 imb:0 pmb:10 smb:910 d:- ref:0 ;
in:733 out:734 type:b dur:2 cpbdur:2 q:20.88 aq:16.28 tex:94 mv:34 misc:192 imb:0 pmb:9 smb:911 d:- ref:0 ;
in:738 out:735 type:P dur:2 cpbdur:2 q:20.66 aq:10.71 tex:39823 mv:1495 misc:986 imb:68 pmb:487 smb:365 d:- ref:0 ;
in:736 out:736 type:B dur:2 cpbdur:2 q:20.76 aq:13.59 tex:1547 mv:404 misc:649 imb:0 pmb:129 smb:791 d:- ref:0 ;
in:735 out:737 type:b dur:2 cpbdur:2 q:20.81 aq:18.87 tex:231 mv:109 misc:356 imb:0 pmb:41 smb:879 d:- ref:0 ;
in:737 out:738 type:b dur:2 cpbdur:2 q:20.71 aq:14.77 tex:562 mv:158 misc:392 imb:1 pmb:50 smb:869 d:- ref:0 ;
in:742 out:739 type:P dur:2 cpbdur:2 q:20.56 aq:10.86 tex:20648 mv:701 misc:1011 imb:18 pmb:362 smb:540 d:- ref:0 ;
in:740 out:740 type:B dur:2 cpbdur:2 q:20.61 aq:13.53 tex:1338 mv:260 misc:562 imb:0 pmb:91 smb:829 d:- ref:0 ;
in:739 out:741 type:b dur:2 cpbdur:2 q:20.63 aq:14.57 tex:171 mv:89 misc:292 imb:0 pmb:27 smb:893 d:- ref:0 ;
in:741 out:742 type:b dur:2 cpbdur:2 q:20.58 aq:12.55 tex:100 mv:62 misc:238 imb:0 pmb:15 smb:905 d:- ref:0 ;
in:746 out:743 type:P dur:2 cpbdur:2 q:20.43 aq:11.26 tex:6303 mv:186 misc:743 imb:2 pmb:155 smb:763 d:- ref:0 ;
in:744 out:744 type:B dur:2 cpbdur:2 q:20.49 aq:14.69 tex:614 mv:122 misc:408 imb:0 pmb:45 smb:875 d:- ref:0 ;
in:743 out:745 type:b dur:2 cpbdur:2 q:20.52 aq:12.60 tex:111 mv:33 misc:208 imb:0 pmb:10 smb:910 d:- ref:0 ;
in:745 out:746 type:b dur:2 cpbdur:2 q:20.46 aq:12.60 tex:111 mv:25 misc:200 imb:0 pmb:9 smb:911 d:- ref:0 ;
in:748 out:747 type:P dur:2 cpbdur:2 q:20.29 aq:13.52 tex:4210 mv:119 misc:567 imb:0 pmb:86 smb:834 d:- ref:0 ;
in:747 out:748 type:b dur:2 cpbdur:2 q:20.36 aq:12.37 tex:143 mv:33 misc:216 imb:0 pmb:11 smb:909 d:- ref:0 ;
in:750 out:749 type:P dur:2 cpbdur:2 q:20.18 aq:14.21 tex:23730 mv:1853 misc:921 imb:95 pmb:331 smb:494 d:- ref:0 ;
in:749 out:750 type:b dur:2 cpbdur:2 q:20.24 aq:17.42 tex:1435 mv:799 misc:566 imb:0 pmb:152 smb:768 d:- ref:0 ;
in:754 out:751 type:P dur:2 cpbdur:2 q:20.17 aq:14.01 tex:63295 mv:3919 misc:706 imb:224 pmb:529 smb:167 d:- ref:0 w:6,61,3 ;
in:752 out:752 type:B dur:2 cpbdur:2 q:20.18 aq:13.90 tex:5400 mv:1273 misc:991 imb:1 pmb:348 smb:571 d:- ref:0 ;
in:751 out:753 type:b dur:2 cpbdur:2 q:20.18 aq:13.38 tex:863 mv:215 misc:474 imb:3 pmb:69 smb:848 d:- ref:0 ;
in:753 out:754 type:b dur:2 cpbdur:2 q:20.17 aq:12.98 tex:726 mv:167 misc:443 imb:1 pmb:54 smb:865 d:- ref:0 ;
in:757 out:755 type:P dur:2 cpbdur:2 q:20.17 aq:13.69 tex:12519 mv:836 misc:949 imb:25 pmb:264 smb:631 d:- ref:0 ;
in:755 out:756 type:B dur:2 cpbdur:2 q:20.17 aq:15.05 tex:2012 mv:277 misc:719 imb:1 pmb:145 smb:774 d:- ref:0 ;
in:756 out:757 type:b dur:2 cpbdur:2 q:20.17 aq:14.45 tex:520 mv:112 misc:408 imb:0 pmb:48 smb:872 d:- ref:0 ;
in:758 out:758 type:P dur:2 cpbdur:2 q:20.03 aq:14.57 tex:1728 mv:145 misc:471 imb:5 pmb:52 smb:863 d:- ref:0 ;
in:759 out:759 type:I dur:2 cpbdur:2 q:17.73 aq:7.49 tex:351880 mv:35322 misc:126 imb:920 pmb:0 smb:0 d:- ref:;
in:761 out:760 type:P dur:2 cpbdur:2 q:20.99 aq:10.41 tex:5702 mv:206 misc:788 imb:1 pmb:164 smb:755 d:- ref:0 ;
in:760 out:761 type:b dur:2 cpbdur:2 q:20.99 aq:20.21 tex:26 mv:20 misc:154 imb:1 pmb:2 smb:917 d:- ref:0 ;
in:763 out:762 type:P dur:2 cpbdur:2 q:20.99 aq:11.33 tex:29383 mv:2632 misc:737 imb:13 pmb:459 smb:448 d:- ref:0 ;
in:762 out:763 type:b dur:2 cpbdur:2 q:20.99 aq:15.80 tex:1038 mv:512 misc:530 imb:1 pmb:105 smb:814 d:- ref:0 ;
in:765 out:764 type:P dur:2 cpbdur:2 q:20.99 aq:11.57 tex:10247 mv:512 misc:905 imb:2 pmb:261 smb:657 d:- ref:0 ;
in:764 out:765 type:b dur:2 cpbdur:2 q:20.99 aq:17.69 tex:108 mv:77 misc:279 imb:1 pmb:20 smb:899 d:- ref:0 ;
in:767 out:766 type:P dur:2 cpbdur:2 q:20.91 aq:11.58 tex:32486 mv:2409 misc:697 imb:13 pmb:419 smb:488 d:- ref:0 ;
in:766 out:767 type:b dur:2 cpbdur:2 q:20.95 aq:17.94 tex:1043 mv:417 misc:516 imb:1 pmb:96 smb:823 d:- ref:0 ;
in:768 out:768 type:P dur:2 cpbdur:2 q:20.88 aq:11.26 tex:20473 mv:1019 misc:812 imb:2 pmb:357 smb:561 d:- ref:0 ;
in:772 out:769 type:P dur:2 cpbdur:2 q:20.87 aq:11.50 tex:45557 mv:2745 misc:610 imb:31 pmb:449 smb:440 d:- ref:0 ;
in:770 out:770 type:B dur:2 cpbdur:2 q:20.87 aq:15.31 tex:4053 mv:1305 misc:738 imb:1 pmb:255 smb:664 d:- ref:0 ;
in:769 out:771 type:b dur:2 cpbdur:2 q:20.87 aq:16.81 tex:372 mv:151 misc:429 imb:1 pmb:56 smb:863 d:- ref:0 ;
in:771 out:772 type:b dur:2 cpbdur:2 q:20.87 aq:17.11 tex:395 mv:274 misc:547 imb:1 pmb:113 smb:806 d:- ref:0 ;
in:776 out:773 type:P dur:2 cpbdur:2 q:20.86 aq:10.69 tex:44775 mv:2793 misc:736 imb:21 pmb:496 smb:403 d:- ref:0 ;
in:774 out:774 type:B dur:2 cpbdur:2 q:20.86 aq:15.16 tex:2931 mv:1083 misc:730 imb:1 pmb:235 smb:684 d:- ref:0 ;
in:773 out:775 type:b dur:2 cpbdur:2 q:20.86 aq:16.86 tex:444 mv:188 misc:408 imb:1 pmb:55 smb:864 d:- ref:0 ;
in:775 out:776 type:b dur:2 cpbdur:2 q:20.86 aq:16.93 tex:446 mv:218 misc:560 imb:1 pmb:103 smb:816 d:- ref:0 ;
in:780 out:777 type:P dur:2 cpbdur:2 q:20.79 aq:11.29 tex:38530 mv:2094 misc:776 imb:10 pmb:453 smb:457 d:- ref:0 ;
in:778 out:778 type:B dur:2 cpbdur:2 q:20.82 aq:16.29 tex:2095 mv:647 misc:682 imb:1 pmb:151 smb:768 d:- ref:0 ;
in:777 out:779 type:b dur:2 cpbdur:2 q:20.84 aq:17.49 tex:558 mv:282 misc:520 imb:1 pmb:92 smb:827 d:- ref:0 ;
in:779 out:780 type:b dur:2 cpbdur:2 q:20.81 aq:16.80 tex:273 mv:201 misc:462 imb:1 pmb:74 smb:845 d:- ref:0 ;
in:783 out:781 type:P dur:2 cpbdur:2 q:20.81 aq:11.58 tex:23935 mv:867 misc:958 imb:18 pmb:370 smb:532 d:- ref:0 ;
in:781 out:782 type:B dur:2 cpbdur:2 q:20.79 aq:15.10 tex:616 mv:171 misc:437 imb:0 pmb:66 smb:854 d:- ref:0 ;
in:782 out:783 type:b dur:2 cpbdur:2 q:20.80 aq:17.37 tex:255 mv:23 misc:194 imb:0 pmb:9 smb:911 d:- ref:0 ;
in:786 out:784 type:P dur:2 cpbdur:2 q:20.78 aq:10.33 tex:33613 mv:686 misc:1029 imb:8 pmb:495 smb:417 d:- ref:0 ;
in:784 out:785 type:B dur:2 cpbdur:2 q:20.80 aq:18.24 tex:766 mv:161 misc:465 imb:1 pmb:67 smb:852 d:- ref:0 ;
in:785 out:786 type:b dur:2 cpbdur:2 q:20.79 aq:17.91 tex:227 mv:90 misc:291 imb:1 pmb:25 smb:894 d:- ref:0 ;
in:788 out:787 type:P dur:2 cpbdur:2 q:20.77 aq:10.73 tex:68916 mv:3876 misc:792 imb:66 pmb:540 smb:314 d:- ref:0 ;
in:787 out:788 type:b dur:2 cpbdur:2 q:20.78 aq:16.88 tex:3648 mv:2255 misc:729 imb:2 pmb:298 smb:620 d:- ref:0 ;
in:790 out:789 type:P dur:2 cpbdur:2 q:20.88 aq:11.05 tex:10853 mv:423 misc:980 imb:1 pmb:286 smb:633 d:- ref:0 ;
in:789 out:790 type:b dur:2 cpbdur:2 q:20.83 aq:19.61 tex:256 mv:76 misc:300 imb:0 pmb:27 smb:893 d:- ref:0 ;
in:794 out:791 type:P dur:2 cpbdur:2 q:20.80 aq:12.00 tex:38642 mv:2858 misc:740 imb:15 pmb:465 smb:440 d:- ref:0 ;
in:792 out:792 type:B dur:2 cpbdur:2 q:20.84 aq:16.09 tex:2581 mv:1003 misc:760 imb:0 pmb:229 smb:691 d:- ref:0 ;
in:791 out:793 type:b dur:2 cpbdur:2 q:20.86 aq:17.06 tex:1352 mv:638 misc:642 imb:0 pmb:163 smb:757 d:- ref:0 ;
in:793 out:794 type:b dur:2 cpbdur:2 q:20.82 aq:17.50 tex:399 mv:276 misc:485 imb:0 pmb:74 smb:846 d:- ref:0 ;
in:796 out:795 type:P dur:2 cpbdur:2 q:20.75 aq:11.97 tex:36039 mv:2567 misc:722 imb:20 pmb:447 smb:453 d:- ref:0 ;
in:795 out:796 type:b dur:2 cpbdur:2 q:20.77 aq:16.07 tex:634 mv:317 misc:569 imb:0 pmb:127 smb:793 d:- ref:0 ;
in:800 out:797 type:P dur:2 cpbdur:2 q:20.69 aq:10.87 tex:56804 mv:2717 misc:751 imb:38 pmb:686 smb:196 d:- ref:0 ;
in:798 out:798 type:B dur:2 cpbdur:2 q:20.72 aq:16.47 tex:1426 mv:462 misc:720 imb:0 pmb:167 smb:753 d:- ref:0 ;
in:797 out:799 type:b dur:2 cpbdur:2 q:20.73 aq:16.51 tex:698 mv:359 misc:591 imb:0 pmb:111 smb:809 d:- ref:0 ;
in:799 out:800 type:b dur:2 cpbdur:2 q:20.71 aq:17.25 tex:267 mv:120 misc:341 imb:0 pmb:39 smb:881 d:- ref:0 ;
in:801 out:801 type:P dur:2 cpbdur:2 q:20.75 aq:10.86 tex:27264 mv:1110 misc:1010 imb:5 pmb:500 smb:415 d:- ref:0 ;
in:805 out:802 type:P dur:2 cpbdur:2 q:20.78 aq:11.08 tex:53721 mv:3154 misc:821 imb:39 pmb:559 smb:322 d:- ref:0 ;
in:803 out:803 type:B dur:2 cpbdur:2 q:20.76 aq:15.29 tex:2440 mv:869 misc:755 imb:0 pmb:211 smb:709 d:- ref:0 ;
in:802 out:804 type:b dur:2 cpbdur:2 q:20.76 aq:17.90 tex:1940 mv:743 misc:661 imb:0 pmb:167 smb:753 d:- ref:0 ;
in:804 out:805 type:b dur:2 cpbdur:2 q:20.77 aq:16.63 tex:376 mv:148 misc:372 imb:0 pmb:46 smb:874 d:- ref:0 ;
in:808 out:806 type:P dur:2 cpbdur:2 q:20.78 aq:10.78 tex:42511 mv:1185 misc:1008 imb:20 pmb:541 smb:359 d:- ref:0 ;
in:806 out:807 type:B dur:2 cpbdur:2 q:20.78 aq:15.82 tex:1234 mv:360 misc:766 imb:0 pmb:182 smb:738 d:- ref:0 ;
in:807 out:808 type:b dur:2 cpbdur:2 q:20.78 aq:17.41 tex:332 mv:118 misc:366 imb:0 pmb:42 smb:878 d:- ref:0 ;
in:812 out:809 type:P dur:2 cpbdur:2 q:20.75 aq:10.96 tex:57676 mv:3674 misc:802 imb:62 pmb:601 smb:257 d:- ref:0 ;
in:810 out:810 type:B dur:2 cpbdur:2 q:20.76 aq:14.12 tex:8130 mv:1950 misc:832 imb:0 pmb:373 smb:547 d:- ref:0 ;
in:809 out:811 type:b dur:2 cpbdur:2 q:20.77 aq:17.18 tex:566 mv:267 misc:559 imb:0 pmb:107 smb:813 d:- ref:0 ;
in:811 out:812 type:b dur:2 cpbdur:2 q:20.75 aq:17.60 tex:652 mv:178 misc:538 imb:0 pmb:89 smb:831 d:- ref:0 ;
in:816 out:813 type:P dur:2 cpbdur:2 q:20.78 aq:10.41 tex:97595 mv:3541 misc:480 imb:59 pmb:795 smb:66 d:- ref:0 ;
in:814 out:814 type:B dur:2 cpbdur:2 q:20.77 aq:14.56 tex:1298 mv:304 misc:734 imb:0 pmb:165 smb:755 d:- ref:0 ;
in:813 out:815 type:b dur:2 cpbdur:2 q:20.76 aq:17.17 tex:2723 mv:1044 misc:737 imb:0 pmb:212 smb:708 d:- ref:0 ;
in:815 out:816 type:b dur:2 cpbdur:2 q:20.77 aq:17.22 tex:207 mv:50 misc:319 imb:0 pmb:29 smb:891 d:- ref:0 ;
in:820 out:817 type:P dur:2 cpbdur:2 q:20.88 aq:10.48 tex:53233 mv:2804 misc:883 imb:27 pmb:586 smb:307 d:- ref:0 ;
in:818 out:818 type:B dur:2 cpbdur:2 q:20.83 aq:15.38 tex:3759 mv:1235 misc:742 imb:0 pmb:247 smb:673 d:- ref:0 ;
in:817 out:819 type:b dur:2 cpbdur:2 q:20.81 aq:17.41 tex:1427 mv:581 misc:656 imb:0 pmb:166 smb:754 d:- ref:0 ;
in:819 out:820 type:b dur:2 cpbdur:2 q:20.86 aq:17.32 tex:426 mv:278 misc:576 imb:0 pmb:109 smb:811 d:- ref:0 ;
in:824 out:821 type:P dur:2 cpbdur:2 q:20.92 aq:10.66 tex:50303 mv:2795 misc:814 imb:32 pmb:514 smb:374 d:- ref:0 ;
in:822 out:822 type:B dur:2 cpbdur:2 q:20.90 aq:15.96 tex:2979 mv:751 misc:686 imb:1 pmb:184 smb:735 d:- ref:0 ;
in:821 out:823 type:b dur:2 cpbdur:2 q:20.89 aq:17.24 tex:623 mv:569 misc:624 imb:0 pmb:144 smb:776 d:- ref:0 ;
in:823 out:824 type:b dur:2 cpbdur:2 q:20.91 aq:16.82 tex:772 mv:329 misc:611 imb:0 pmb:121 smb:799 d:- ref:0 ;
in:828 out:825 type:P dur:2 cpbdur:2 q:20.93 aq:10.73 tex:53913 mv:2572 misc:883 imb:20 pmb:581 smb:319 d:- ref:0 ;
in:826 out:826 type:B dur:2 cpbdur:2 q:20.93 aq:16.98 tex:2775 mv:659 misc:718 imb:0 pmb:187 smb:733 d:- ref:0 ;
in:825 out:827 type:b dur:2 cpbdur:2 q:20.92 aq:18.21 tex:536 mv:345 misc:535 imb:0 pmb:98 smb:822 d:- ref:0 ;
in:827 out:828 type:b dur:2 cpbdur:2 q:20.93 aq:18.97 tex:1744 mv:512 misc:664 imb:0 pmb:152 smb:768 d:- ref:0 ;
in:832 out:829 type:P dur:2 cpbdur:2 q:20.94 aq:10.83 tex:46211 mv:1323 misc:970 imb:16 pmb:606 smb:298 d:- ref:0 ;
in:830 out:830 type:B dur:2 cpbdur:2 q:20.93 aq:15.89 tex:1393 mv:314 misc:669 imb:0 pmb:138 smb:782 d:- ref:0 ;
in:829 out:831 type:b dur:2 cpbdur:2 q:20.93 aq:17.96 tex:193 mv:72 misc:311 imb:0 pmb:27 smb:893 d:- ref:0 ;
in:831 out:832 type:b dur:2 cpbdur:2 q:20.94 aq:16.40 tex:563 mv:209 misc:588 imb:0 pmb:109 smb:811 d:- ref:0 ;
in:836 out:833 type:P dur:2 cpbdur:2 q:20.90 aq:10.91 tex:59726 mv:3479 misc:843 imb:52 pmb:610 smb:258 d:- ref:0 ;
in:834 out:834 type:B dur:2 cpbdur:2 q:20.92 aq:15.27 tex:1887 mv:341 misc:644 imb:0 pmb:133 smb:787 d:- ref:0 ;
in:833 out:835 type:b dur:2 cpbdur:2 q:20.93 aq:17.90 tex:692 mv:257 misc:563 imb:0 pmb:110 smb:810 d:- ref:0 ;
in:835 out:836 type:b dur:2 cpbdur:2 q:20.91 aq:16.87 tex:340 mv:128 misc:372 imb:0 pmb:44 smb:876 d:- ref:0 ;
in:840 out:837 type:P dur:2 cpbdur:2 q:20.91 aq:10.94 tex:50230 mv:3088 misc:842 imb:39 pmb:544 smb:337 d:- ref:0 ;
in:838 out:838 type:B dur:2 cpbdur:2 q:20.90 aq:15.87 tex:4956 mv:1554 misc:738 imb:0 pmb:279 smb:641 d:- ref:0 ;
in:837 out:839 type:b dur:2 cpbdur:2 q:20.90 aq:17.48 tex:756 mv:371 misc:609 imb:0 pmb:134 smb:786 d:- ref:0 ;
in:839 out:840 type:b dur:2 cpbdur:2 q:20.91 aq:16.88 tex:816 mv:435 misc:629 imb:0 pmb:144 smb:776 d:- ref:0 ;
in:844 out:841 type:P dur:2 cpbdur:2 q:20.88 aq:10.35 tex:86192 mv:3219 misc:613 imb:39 pmb:770 smb:111 d:- ref:0 ;
in:842 out:842 type:B dur:2 cpbdur:2 q:20.90 aq:16.57 tex:2979 mv:868 misc:793 imb:1 pmb:222 smb:697 d:- ref:0 ;
in:841 out:843 type:b dur:2 cpbdur:2 q:20.90 aq:17.22 tex:1002 mv:661 misc:665 imb:0 pmb:159 smb:761 d:- ref:0 ;
in:843 out:844 type:b dur:2 cpbdur:2 q:20.89 aq:16.83 tex:1011 mv:467 misc:618 imb:0 pmb:136 smb:784 d:- ref:0 ;
in:848 out:845 type:P dur:2 cpbdur:2 q:20.96 aq:10.56 tex:53091 mv:2842 misc:843 imb:34 pmb:571 smb:315 d:- ref:0 ;
in:846 out:846 type:B dur:2 cpbdur:2 q:20.92 aq:16.49 tex:1932 mv:853 misc:751 imb:0 pmb:209 smb:711 d:- ref:0 ;
in:845 out:847 type:b dur:2 cpbdur:2 q:20.90 aq:16.40 tex:291 mv:209 misc:452 imb:0 pmb:62 smb:858 d:- ref:0 ;
in:847 out:848 type:b dur:2 cpbdur:2 q:20.94 aq:16.66 tex:825 mv:475 misc:652 imb:0 pmb:162 smb:758 d:- ref:0 ;
in:850 out:849 type:P dur:2 cpbdur:2 q:20.95 aq:10.55 tex:11862 mv:433 misc:977 imb:2 pmb:285 smb:633 d:- ref:0 ;
in:849 out:850 type:b dur:2 cpbdur:2 q:20.95 aq:16.30 tex:133 mv:37 misc:238 imb:0 pmb:15 smb:905 d:- ref:0 ;
in:854 out:851 type:P dur:2 cpbdur:2 q:20.88 aq:10.62 tex:57774 mv:3250 misc:832 imb:59 pmb:538 smb:323 d:- ref:0 ;
in:852 out:852 type:B dur:2 cpbdur:2 q:20.91 aq:15.41 tex:6134 mv:2121 misc:713 imb:1 pmb:310 smb:609 d:- ref:0 ;
in:851 out:853 type:b dur:2 cpbdur:2 q:20.93 aq:17.28 tex:1180 mv:727 misc:669 imb:0 pmb:173 smb:747 d:- ref:0 ;
in:853 out:854 type:b dur:2 cpbdur:2 q:20.90 aq:16.71 tex:511 mv:292 misc:501 imb:0 pmb:99 smb:821 d:- ref:0 ;
in:856 out:855 type:P dur:2 cpbdur:2 q:20.89 aq:10.77 tex:27778 mv:880 misc:1022 imb:17 pmb:426 smb:477 d:- ref:0 ;
in:855 out:856 type:b dur:2 cpbdur:2 q:20.88 aq:16.18 tex:358 mv:176 misc:442 imb:0 pmb:65 smb:855 d:- ref:0 ;
in:858 out:857 type:P dur:2 cpbdur:2 q:20.89 aq:11.18 tex:30286 mv:1917 misc:885 imb:15 pmb:491 smb:414 d:- ref:0 ;
in:857 out:858 type:b dur:2 cpbdur:2 q:20.89 aq:16.92 tex:1005 mv:386 misc:593 imb:0 pmb:136 smb:784 d:- ref:0 ;
in:862 out:859 type:P dur:2 cpbdur:2 q:20.86 aq:11.55 tex:37455 mv:2611 misc:838 imb:22 pmb:490 smb:408 d:- ref:0 ;
in:860 out:860 type:B dur:2 cpbdur:2 q:20.88 aq:14.49 tex:7460 mv:1321 misc:715 imb:0 pmb:294 smb:626 d:- ref:0 ;
in:859 out:861 type:b dur:2 cpbdur:2 q:20.88 aq:17.46 tex:515 mv:293 misc:528 imb:0 pmb:100 smb:820 d:- ref:0 ;
in:861 out:862 type:b dur:2 cpbdur:2 q:20.87 aq:17.31 tex:532 mv:286 misc:590 imb:0 pmb:120 smb:800 d:- ref:0 ;
in:863 out:863 type:P dur:2 cpbdur:2 q:20.88 aq:11.88 tex:18908 mv:1146 misc:930 imb:4 pmb:365 smb:551 d:- ref:0 ;
in:866 out:864 type:P dur:2 cpbdur:2 q:20.87 aq:12.68 tex:24436 mv:1786 misc:810 imb:9 pmb:404 smb:507 d:- ref:0 ;
in:864 out:865 type:B dur:2 cpbdur:2 q:20.87 aq:15.52 tex:1675 mv:493 misc:696 imb:0 pmb:183 smb:737 d:- ref:0 ;
in:865 out:866 type:b dur:2 cpbdur:2 q:20.87 aq:16.78 tex:319 mv:119 misc:346 imb:0 pmb:39 smb:881 d:- ref:0 ;
in:868 out:867 type:P dur:2 cpbdur:2 q:20.82 aq:12.20 tex:41611 mv:2531 misc:722 imb:36 pmb:425 smb:459 d:- ref:0 ;
in:867 out:868 type:b dur:2 cpbdur:2 q:20.84 aq:17.06 tex:2202 mv:649 misc:645 imb:1 pmb:164 smb:755 d:- ref:0 ;
in:871 out:869 type:P dur:2 cpbdur:2 q:20.84 aq:11.33 tex:37214 mv:1404 misc:926 imb:13 pmb:592 smb:315 d:- ref:0 ;
in:869 out:870 type:B dur:2 cpbdur:2 q:20.82 aq:14.72 tex:1208 mv:383 misc:665 imb:0 pmb:128 smb:792 d:- ref:0 ;
in:870 out:871 type:b dur:2 cpbdur:2 q:20.83 aq:17.25 tex:274 mv:104 misc:350 imb:0 pmb:36 smb:884 d:- ref:0 ;
in:875 out:872 type:P dur:2 cpbdur:2 q:20.86 aq:11.09 tex:76917 mv:3762 misc:585 imb:65 pmb:725 smb:130 d:- ref:0 ;
in:873 out:873 type:B dur:2 cpbdur:2 q:20.85 aq:15.05 tex:1600 mv:364 misc:604 imb:1 pmb:122 smb:797 d:- ref:0 ;
in:872 out:874 type:b dur:2 cpbdur:2 q:20.85 aq:16.88 tex:1998 mv:944 misc:690 imb:0 pmb:204 smb:716 d:- ref:0 ;
in:874 out:875 type:b dur:2 cpbdur:2 q:20.85 aq:17.47 tex:204 mv:59 misc:297 imb:0 pmb:26 smb:894 d:- ref:0 ;
in:876 out:876 type:P dur:2 cpbdur:2 q:20.92 aq:10.87 tex:35912 mv:1834 misc:934 imb:5 pmb:585 smb:330 d:- ref:0 ;
in:880 out:877 type:P dur:2 cpbdur:2 q:20.94 aq:11.57 tex:34105 mv:2578 misc:869 imb:26 pmb:513 smb:381 d:- ref:0 ;
in:878 out:878 type:B dur:2 cpbdur:2 q:20.93 aq:15.85 tex:2004 mv:831 misc:717 imb:1 pmb:201 smb:718 d:- ref:0 ;
in:877 out:879 type:b dur:2 cpbdur:2 q:20.93 aq:17.07 tex:1416 mv:634 misc:622 imb:0 pmb:157 smb:763 d:- ref:0 ;
in:879 out:880 type:b dur:2 cpbdur:2 q:20.94 aq:17.55 tex:508 mv:251 misc:457 imb:0 pmb:75 smb:845 d:- ref:0 ;
in:884 out:881 type:P dur:2 cpbdur:2 q:20.85 aq:11.83 tex:49879 mv:3025 misc:728 imb:39 pmb:506 smb:375 d:- ref:0 ;
in:882 out:882 type:B dur:2 cpbdur:2 q:20.89 aq:14.34 tex:6756 mv:1613 misc:767 imb:0 pmb:304 smb:616 d:- ref:0 ;
in:881 out:883 type:b dur:2 cpbdur:2 q:20.92 aq:17.16 tex:1557 mv:557 misc:678 imb:2 pmb:179 smb:739 d:- ref:0 ;
in:883 out:884 type:b dur:2 cpbdur:2 q:20.87 aq:17.60 tex:1042 mv:583 misc:591 imb:0 pmb:149 smb:771 d:- ref:0 ;
in:886 out:885 type:P dur:2 cpbdur:2 q:20.79 aq:12.32 tex:6872 mv:493 misc:883 imb:2 pmb:232 smb:686 d:- ref:0 ;
in:885 out:886 type:b dur:2 cpbdur:2 q:20.82 aq:16.36 tex:221 mv:83 misc:320 imb:0 pmb:29 smb:891 d:- ref:0 ;
in:890 out:887 type:P dur:2 cpbdur:2 q:20.72 aq:13.45 tex:28300 mv:2585 misc:659 imb:31 pmb:405 smb:484 d:- ref:0 ;
in:888 out:888 type:B dur:2 cpbdur:2 q:20.76 aq:15.43 tex:3465 mv:883 misc:732 imb:0 pmb:257 smb:663 d:- ref:0 ;
in:887 out:889 type:b dur:2 cpbdur:2 q:20.77 aq:16.97 tex:2532 mv:916 misc:688 imb:0 pmb:191 smb:729 d:- ref:0 ;
in:889 out:890 type:b dur:2 cpbdur:2 q:20.74 aq:17.31 tex:541 mv:205 misc:478 imb:0 pmb:67 smb:853 d:- ref:0 ;
in:892 out:891 type:P dur:2 cpbdur:2 q:20.67 aq:14.36 tex:20217 mv:1898 misc:733 imb:18 pmb:366 smb:536 d:- ref:0 ;
in:891 out:892 type:b dur:2 cpbdur:2 q:20.70 aq:17.05 tex:1506 mv:408 misc:646 imb:1 pmb:161 smb:758 d:- ref:0 ;
in:896 out:893 type:P dur:2 cpbdur:2 q:20.71 aq:17.54 tex:12057 mv:2177 misc:646 imb:37 pmb:307 smb:576 d:- ref:0 ;
in:894 out:894 type:B dur:2 cpbdur:2 q:20.69 aq:15.44 tex:7470 mv:1039 misc:739 imb:1 pmb:310 smb:609 d:- ref:0 ;
in:893 out:895 type:b dur:2 cpbdur:2 q:20.68 aq:17.55 tex:2672 mv:693 misc:659 imb:0 pmb:187 smb:733 d:- ref:0 ;
in:895 out:896 type:b dur:2 cpbdur:2 q:20.70 aq:17.13 tex:464 mv:266 misc:558 imb:0 pmb:104 smb:816 d:- ref:0 ;
in:897 out:897 type:I dur:2 cpbdur:2 q:17.90 aq:8.59 tex:279781 mv:25726 misc:141 imb:920 pmb:0 smb:0 d:- ref:;
in:901 out:898 type:P dur:2 cpbdur:2 q:21.25 aq:12.06 tex:48305 mv:3808 misc:751 imb:99 pmb:610 smb:211 d:- ref:0 ;
in:899 out:899 type:B dur:2 cpbdur:2 q:21.25 aq:15.15 tex:2684 mv:833 misc:707 imb:3 pmb:171 smb:746 d:- ref:0 ;
in:898 out:900 type:b dur:2 cpbdur:2 q:21.25 aq:12.63 tex:418 mv:146 misc:340 imb:0 pmb:43 smb:877 d:- ref:0 ;
in:900 out:901 type:b dur:2 cpbdur:2 q:21.25 aq:14.77 tex:761 mv:296 misc:575 imb:1 pmb:97 smb:822 d:- ref:0 ;
in:905 out:902 type:P dur:2 cpbdur:2 q:21.25 aq:12.56 tex:52411 mv:4053 misc:760 imb:102 pmb:618 smb:200 d:- ref:0 ;
in:903 out:903 type:B dur:2 cpbdur:2 q:21.25 aq:14.95 tex:3074 mv:1151 misc:799 imb:3 pmb:202 smb:715 d:- ref:0 ;
in:902 out:904 type:b dur:2 cpbdur:2 q:21.25 aq:14.93 tex:611 mv:304 misc:749 imb:0 pmb:185 smb:735 d:- ref:0 ;
in:904 out:905 type:b dur:2 cpbdur:2 q:21.25 aq:15.00 tex:755 mv:283 misc:554 imb:1 pmb:99 smb:820 d:- ref:0 ;
in:909 out:906 type:P dur:2 cpbdur:2 q:21.27 aq:12.34 tex:56787 mv:4799 misc:614 imb:144 pmb:639 smb:137 d:- ref:0 ;
in:907 out:907 type:B dur:2 cpbdur:2 q:21.26 aq:16.16 tex:3846 mv:1963 misc:959 imb:5 pmb:310 smb:605 d:- ref:0 ;
in:906 out:908 type:b dur:2 cpbdur:2 q:21.26 aq:14.26 tex:874 mv:302 misc:600 imb:0 pmb:124 smb:796 d:- ref:0 ;
in:908 out:909 type:b dur:2 cpbdur:2 q:21.26 aq:17.38 tex:2349 mv:1289 misc:842 imb:2 pmb:242 smb:676 d:- ref:0 ;
in:913 out:910 type:P dur:2 cpbdur:2 q:21.32 aq:12.89 tex:52836 mv:4852 misc:704 imb:104 pmb:659 smb:157 d:- ref:0 ;
in:911 out:911 type:B dur:2 cpbdur:2 q:21.29 aq:17.06 tex:4221 mv:1924 misc:967 imb:1 pmb:324 smb:595 d:- ref:0 ;
in:910 out:912 type:b dur:2 cpbdur:2 q:21.28 aq:15.11 tex:792 mv:331 misc:693 imb:0 pmb:147 smb:773 d:- ref:0 ;
in:912 out:913 type:b dur:2 cpbdur:2 q:21.30 aq:18.07 tex:1377 mv:661 misc:674 imb:1 pmb:136 smb:783 d:- ref:0 ;
in:917 out:914 type:P dur:2 cpbdur:2 q:21.30 aq:13.70 tex:42586 mv:4740 misc:690 imb:101 pmb:658 smb:161 d:- ref:0 ;
in:915 out:915 type:B dur:2 cpbdur:2 q:21.31 aq:15.37 tex:4011 mv:1291 misc:946 imb:2 pmb:279 smb:639 d:- ref:0 ;
in:914 out:916 type:b dur:2 cpbdur:2 q:21.31 aq:15.74 tex:607 mv:302 misc:675 imb:0 pmb:148 smb:772 d:- ref:0 ;
in:916 out:917 type:b dur:2 cpbdur:2 q:21.30 aq:14.30 tex:1183 mv:486 misc:659 imb:2 pmb:143 smb:775 d:- ref:0 ;
in:921 out:918 type:P dur:2 cpbdur:2 q:21.28 aq:14.17 tex:41999 mv:5147 misc:702 imb:131 pmb:630 smb:159 d:- ref:0 ;
in:919 out:919 type:B dur:2 cpbdur:2 q:21.29 aq:15.20 tex:5464 mv:1825 misc:967 imb:4 pmb:361 smb:555 d:- ref:0 ;
in:918 out:920 type:b dur:2 cpbdur:2 q:21.29 aq:15.13 tex:1293 mv:464 misc:683 imb:3 pmb:138 smb:779 d:- ref:0 ;
in:920 out:921 type:b dur:2 cpbdur:2 q:21.29 aq:15.51 tex:1099 mv:392 misc:653 imb:2 pmb:127 smb:791 d:- ref:0 ;
in:925 out:922 type:P dur:2 cpbdur:2 q:21.28 aq:18.25 tex:15515 mv:3565 misc:920 imb:62 pmb:472 smb:386 d:- ref:0 ;
in:923 out:923 type:B dur:2 cpbdur:2 q:21.28 aq:16.72 tex:7280 mv:2031 misc:1001 imb:6 pmb:353 smb:561 d:- ref:0 ;
in:922 out:924 type:b dur:2 cpbdur:2 q:21.28 aq:16.33 tex:1250 mv:453 misc:649 imb:1 pmb:134 smb:785 d:- ref:0 ;
in:924 out:925 type:b dur:2 cpbdur:2 q:21.28 aq:20.34 tex:1606 mv:481 misc:649 imb:1 pmb:141 smb:778 d:- ref:0 ;
in:926 out:926 type:I dur:2 cpbdur:2 q:18.26 aq:11.50 tex:450165 mv:31388 misc:151 imb:920 pmb:0 smb:0 d:- ref:;
in:930 out:927 type:P dur:2 cpbdur:2 q:22.19 aq:14.64 tex:211306 mv:4714 misc:228 imb:172 pmb:732 smb:16 d:- ref:0 ;
in:928 out:928 type:B dur:2 cpbdur:2 q:22.19 aq:19.52 tex:55867 mv:2940 misc:833 imb:12 pmb:555 smb:353 d:- ref:0 ;
in:927 out:929 type:b dur:2 cpbdur:2 q:22.19 aq:16.18 tex:84 mv:94 misc:510 imb:0 pmb:115 smb:805 d:- ref:0 ;
in:929 out:930 type:b dur:2 cpbdur:2 q:22.19 aq:20.09 tex:25524 mv:1848 misc:916 imb:7 pmb:451 smb:462 d:- ref:0 ;
in:934 out:931 type:P dur:2 cpbdur:2 q:22.60 aq:15.01 tex:200657 mv:3945 misc:446 imb:98 pmb:746 smb:76 d:- ref:0 ;
in:932 out:932 type:B dur:2 cpbdur:2 q:22.39 aq:19.86 tex:32145 mv:2249 misc:894 imb:2 pmb:491 smb:427 d:- ref:0 ;
in:931 out:933 type:b dur:2 cpbdur:2 q:22.29 aq:19.22 tex:410 mv:212 misc:714 imb:0 pmb:165 smb:755 d:- ref:0 ;
in:933 out:934 type:b dur:2 cpbdur:2 q:22.50 aq:20.72 tex:26908 mv:2070 misc:846 imb:3 pmb:408 smb:509 d:- ref:0 ;
in:937 out:935 type:P dur:2 cpbdur:2 q:22.82 aq:15.84 tex:109113 mv:1736 misc:727 imb:20 pmb:654 smb:246 d:- ref:0 ;
in:935 out:936 type:B dur:2 cpbdur:2 q:22.67 aq:16.70 tex:337 mv:176 misc:511 imb:0 pmb:92 smb:828 d:- ref:0 ;
in:936 out:937 type:b dur:2 cpbdur:2 q:22.75 aq:20.80 tex:11029 mv:752 misc:683 imb:1 pmb:176 smb:743 d:- ref:0 ;
in:939 out:938 type:P dur:2 cpbdur:2 q:23.15 aq:16.07 tex:105481 mv:2273 misc:726 imb:37 pmb:686 smb:197 d:- ref:0 ;
in:938 out:939 type:b dur:2 cpbdur:2 q:22.98 aq:18.88 tex:462 mv:199 misc:579 imb:0 pmb:122 smb:798 d:- ref:0 ;
in:940 out:940 type:P dur:2 cpbdur:2 q:23.20 aq:16.02 tex:59900 mv:1201 misc:827 imb:19 pmb:555 smb:346 d:- ref:0 ;
in:941 out:941 type:P dur:2 cpbdur:2 q:23.23 aq:16.33 tex:108184 mv:2028 misc:740 imb:20 pmb:633 smb:267 d:- ref:0 ;
in:945 out:942 type:P dur:2 cpbdur:2 q:23.53 aq:17.20 tex:162348 mv:3261 misc:639 imb:51 pmb:612 smb:257 d:- ref:0 ;
in:943 out:943 type:B dur:2 cpbdur:2 q:23.38 aq:20.06 tex:42156 mv:2899 misc:849 imb:1 pmb:495 smb:424 d:- ref:0 ;
in:942 out:944 type:b dur:2 cpbdur:2 q:23.31 aq:21.22 tex:12160 mv:1051 misc:629 imb:0 pmb:192 smb:728 d:- ref:0 ;
in:944 out:945 type:b dur:2 cpbdur:2 q:23.46 aq:20.47 tex:9592 mv:769 misc:543 imb:0 pmb:136 smb:784 d:- ref:0 ;
in:946 out:946 type:P dur:2 cpbdur:2 q:23.96 aq:17.46 tex:61438 mv:1800 misc:794 imb:38 pmb:538 smb:344 d:- ref:0 ;
in:947 out:947 type:P dur:2 cpbdur:2 q:24.00 aq:17.62 tex:63935 mv:1093 misc:756 imb:8 pmb:430 smb:482 d:- ref:0 ;
in:948 out:948 type:P dur:2 cpbdur:2 q:24.05 aq:17.54 tex:84896 mv:2624 misc:688 imb:74 pmb:653 smb:193 d:- ref:0 ;
in:949 out:949 type:P dur:2 cpbdur:2 q:24.24 aq:17.43 tex:61586 mv:1385 misc:765 imb:16 pmb:433 smb:471 d:- ref:0 ;
in:951 out:950 type:P dur:2 cpbdur:2 q:24.27 aq:17.72 tex:119043 mv:3309 misc:648 imb:64 pmb:665 smb:191 d:- ref:0 ;
in:950 out:951 type:b dur:2 cpbdur:2 q:24.25 aq:20.94 tex:10623 mv:1053 misc:628 imb:0 pmb:189 smb:731 d:- ref:0 ;
in:953 out:952 type:P dur:2 cpbdur:2 q:24.60 aq:19.33 tex:93936 mv:1953 misc:655 imb:16 pmb:536 smb:368 d:- ref:0 ;
in:952 out:953 type:b dur:2 cpbdur:2 q:24.43 aq:18.87 tex:515 mv:221 misc:576 imb:1 pmb:123 smb:796 d:- ref:0 ;
in:954 out:954 type:P dur:2 cpbdur:2 q:24.89 aq:19.21 tex:54430 mv:1685 misc:765 imb:21 pmb:493 smb:406 d:- ref:0 ;
in:956 out:955 type:P dur:2 cpbdur:2 q:24.89 aq:19.19 tex:92438 mv:2343 misc:723 imb:28 pmb:591 smb:301 d:- ref:0 ;
in:955 out:956 type:b dur:2 cpbdur:2 q:24.89 aq:20.10 tex:655 mv:221 misc:652 imb:1 pmb:144 smb:775 d:- ref:0 ;
in:958 out:957 type:P dur:2 cpbdur:2 q:25.01 aq:19.07 tex:109441 mv:4470 misc:577 imb:115 pmb:658 smb:147 d:- ref:0 ;
in:957 out:958 type:b dur:2 cpbdur:2 q:24.95 aq:22.87 tex:13640 mv:1720 misc:816 imb:3 pmb:302 smb:615 d:- ref:0 ;
in:960 out:959 type:P dur:2 cpbdur:2 q:25.26 aq:19.26 tex:75041 mv:3641 misc:678 imb:97 pmb:615 smb:208 d:- ref:0 ;
in:959 out:960 type:b dur:2 cpbdur:2 q:25.13 aq:18.87 tex:460 mv:156 misc:520 imb:0 pmb:115 smb:805 d:- ref:0 ;
in:962 out:961 type:P dur:2 cpbdur:2 q:25.44 aq:19.97 tex:78359 mv:2475 misc:702 imb:33 pmb:549 smb:338 d:- ref:0 ;
in:961 out:962 type:b dur:2 cpbdur:2 q:25.35 aq:24.88 tex:12348 mv:1683 misc:729 imb:0 pmb:254 smb:666 d:- ref:0 ;
in:964 out:963 type:P dur:2 cpbdur:2 q:25.55 aq:20.13 tex:85420 mv:3699 misc:641 imb:90 pmb:619 smb:211 d:- ref:0 ;
in:963 out:964 type:b dur:2 cpbdur:2 q:25.49 aq:19.05 tex:367 mv:167 misc:570 imb:0 pmb:129 smb:791 d:- ref:0 ;
in:965 out:965 type:P dur:2 cpbdur:2 q:25.64 aq:20.87 tex:41344 mv:1602 misc:774 imb:17 pmb:457 smb:446 d:- ref:0 ;
in:966 out:966 type:P dur:2 cpbdur:2 q:25.72 aq:21.36 tex:45652 mv:1491 misc:625 imb:9 pmb:422 smb:489 d:- ref:0 ;
in:967 out:967 type:P dur:2 cpbdur:2 q:25.74 aq:20.76 tex:31684 mv:2259 misc:793 imb:68 pmb:445 smb:407 d:- ref:0 ;
in:968 out:968 type:P dur:2 cpbdur:2 q:25.82 aq:21.83 tex:37058 mv:1511 misc:727 imb:18 pmb:381 smb:521 d:- ref:0 ;
in:969 out:969 type:P dur:2 cpbdur:2 q:25.85 aq:23.09 tex:13965 mv:655 misc:564 imb:1 pmb:200 smb:719 d:- ref:0 ;
in:970 out:970 type:I dur:2 cpbdur:2 q:21.41 aq:13.23 tex:204298 mv:30830 misc:152 imb:920 pmb:0 smb:0 d:- ref:;
in:974 out:971 type:P dur:2 cpbdur:2 q:26.22 aq:19.50 tex:68328 mv:5451 misc:565 imb:74 pmb:690 smb:156 d:- ref:0 ;
in:972 out:972 type:B dur:2 cpbdur:2 q:26.22 aq:24.58 tex:10885 mv:3885 misc:822 imb:8 pmb:335 smb:577 d:- ref:0 ;
in:971 out:973 type:b dur:2 cpbdur:2 q:26.22 aq:26.37 tex:4924 mv:1740 misc:624 imb:2 pmb:169 smb:749 d:- ref:0 ;
in:973 out:974 type:b dur:2 cpbdur:2 q:26.22 aq:25.24 tex:4009 mv:2158 misc:697 imb:1 pmb:198 smb:721 d:- ref:0 ;
in:976 out:975 type:P dur:2 cpbdur:2 q:26.38 aq:18.81 tex:66907 mv:5096 misc:541 imb:83 pmb:710 smb:127 d:- ref:0 ;
in:975 out:976 type:b dur:2 cpbdur:2 q:26.30 aq:26.17 tex:5032 mv:2260 misc:612 imb:1 pmb:163 smb:756 d:- ref:0 ;
in:980 out:977 type:P dur:2 cpbdur:2 q:26.51 aq:19.46 tex:71966 mv:5377 misc:577 imb:58 pmb:668 smb:194 d:- ref:0 ;
in:978 out:978 type:B dur:2 cpbdur:2 q:26.45 aq:24.52 tex:11191 mv:3938 misc:839 imb:9 pmb:332 smb:579 d:- ref:0 ;
in:977 out:979 type:b dur:2 cpbdur:2 q:26.41 aq:18.85 tex:232 mv:261 misc:595 imb:1 pmb:128 smb:791 d:- ref:0 ;
in:979 out:980 type:b dur:2 cpbdur:2 q:26.48 aq:28.31 tex:4707 mv:1985 misc:588 imb:1 pmb:158 smb:761 d:- ref:0 ;
in:984 out:981 type:P dur:2 cpbdur:2 q:26.63 aq:19.95 tex:68759 mv:5438 misc:579 imb:76 pmb:630 smb:214 d:- ref:0 ;
in:982 out:982 type:B dur:2 cpbdur:2 q:26.57 aq:25.27 tex:9424 mv:3659 misc:845 imb:6 pmb:318 smb:596 d:- ref:0 ;
in:981 out:983 type:b dur:2 cpbdur:2 q:26.54 aq:23.26 tex:143 mv:252 misc:557 imb:1 pmb:111 smb:808 d:- ref:0 ;
in:983 out:984 type:b dur:2 cpbdur:2 q:26.60 aq:25.92 tex:7457 mv:3483 misc:748 imb:5 pmb:264 smb:651 d:- ref:0 ;
in:988 out:985 type:P dur:2 cpbdur:2 q:26.65 aq:19.37 tex:75465 mv:6058 misc:557 imb:102 pmb:666 smb:152 d:- ref:0 ;
in:986 out:986 type:B dur:2 cpbdur:2 q:26.64 aq:24.70 tex:11019 mv:4242 misc:923 imb:10 pmb:382 smb:528 d:- ref:0 ;
in:985 out:987 type:b dur:2 cpbdur:2 q:26.63 aq:22.08 tex:235 mv:267 misc:594 imb:3 pmb:121 smb:796 d:- ref:0 ;
in:987 out:988 type:b dur:2 cpbdur:2 q:26.64 aq:26.10 tex:7770 mv:3267 misc:747 imb:5 pmb:278 smb:637 d:- ref:0 ;
in:992 out:989 type:P dur:2 cpbdur:2 q:26.79 aq:20.69 tex:64218 mv:5707 misc:571 imb:75 pmb:649 smb:196 d:- ref:0 ;
in:990 out:990 type:B dur:2 cpbdur:2 q:26.72 aq:25.82 tex:11024 mv:3983 misc:825 imb:5 pmb:319 smb:596 d:- ref:0 ;
in:989 out:991 type:b dur:2 cpbdur:2 q:26.69 aq:20.69 tex:291 mv:342 misc:647 imb:7 pmb:135 smb:778 d:- ref:0 ;
in:991 out:992 type:b dur:2 cpbdur:2 q:26.76 aq:26.98 tex:6815 mv:3018 misc:679 imb:6 pmb:224 smb:690 d:- ref:0 ;
in:996 out:993 type:P dur:2 cpbdur:2 q:26.85 aq:20.95 tex:72231 mv:5930 misc:551 imb:97 pmb:638 smb:185 d:- ref:0 ;
in:994 out:994 type:B dur:2 cpbdur:2 q:26.82 aq:24.50 tex:15681 mv:5283 misc:868 imb:6 pmb:421 smb:493 d:- ref:0 ;
in:993 out:995 type:b dur:2 cpbdur:2 q:26.80 aq:26.48 tex:7399 mv:2798 misc:675 imb:3 pmb:224 smb:693 d:- ref:0 ;
in:995 out:996 type:b dur:2 cpbdur:2 q:26.83 aq:28.06 tex:6489 mv:2604 misc:603 imb:2 pmb:206 smb:712 d:- ref:0 ;
in:1000 out:997 type:P dur:2 cpbdur:2 q:26.94 aq:20.18 tex:73826 mv:6628 misc:514 imb:145 pmb:651 smb:124 d:- ref:0 ;
in:998 out:998 type:B dur:2 cpbdur:2 q:26.90 aq:25.77 tex:16707 mv:5117 misc:904 imb:8 pmb:425 smb:487 d:- ref:0 ;
in:997 out:999 type:b dur:2 cpbdur:2 q:26.87 aq:27.32 tex:8131 mv:2495 misc:606 imb:8 pmb:193 smb:719 d:- ref:0 ;
in:999 out:1000 type:b dur:2 cpbdur:2 q:26.92 aq:27.63 tex:8019 mv:2667 misc:610 imb:3 pmb:205 smb:712 d:- ref:0 ;
in:1004 out:1001 type:P dur:2 cpbdur:2 q:26.97 aq:20.16 tex:76570 mv:6382 misc:616 imb:103 pmb:643 smb:174 d:- ref:0 ;
in:1002 out:1002 type:B dur:2 cpbdur:2 q:26.96 aq:23.79 tex:20324 mv:5540 misc:912 imb:17 pmb:482 smb:421 d:- ref:0 ;
in:1001 out:1003 type:b dur:2 cpbdur:2 q:26.95 aq:21.37 tex:340 mv:361 misc:635 imb:1 pmb:132 smb:787 d:- ref:0 ;
in:1003 out:1004 type:b dur:2 cpbdur:2 q:26.96 aq:27.14 tex:11653 mv:3706 misc:793 imb:7 pmb:320 smb:593 d:- ref:0 ;
in:1008 out:1005 type:P dur:2 cpbdur:2 q:27.05 aq:21.07 tex:73318 mv:6628 misc:462 imb:125 pmb:668 smb:127 d:- ref:0 ;
in:1006 out:1006 type:B dur:2 cpbdur:2 q:27.01 aq:24.27 tex:19277 mv:5132 misc:943 imb:21 pmb:449 smb:450 d:- ref:0 ;
in:1005 out:1007 type:b dur:2 cpbdur:2 q:26.99 aq:19.46 tex:346 mv:455 misc:615 imb:2 pmb:131 smb:787 d:- ref:0 ;
in:1007 out:1008 type:b dur:2 cpbdur:2 q:27.03 aq:27.45 tex:9556 mv:3619 misc:777 imb:6 pmb:293 smb:621 d:- ref:0 ;
in:1012 out:1009 type:P dur:2 cpbdur:2 q:27.18 aq:21.21 tex:64339 mv:6091 misc:570 imb:129 pmb:637 smb:154 d:- ref:0 ;
in:1010 out:1010 type:B dur:2 cpbdur:2 q:27.11 aq:24.69 tex:17199 mv:4676 misc:909 imb:11 pmb:428 smb:481 d:- ref:0 ;
in:1009 out:1011 type:b dur:2 cpbdur:2 q:27.08 aq:25.10 tex:413 mv:430 misc:605 imb:1 pmb:127 smb:792 d:- ref:0 ;
in:1011 out:1012 type:b dur:2 cpbdur:2 q:27.15 aq:27.12 tex:7581 mv:2894 misc:621 imb:5 pmb:199 smb:716 d:- ref:0 ;
in:1016 out:1013 type:P dur:2 cpbdur:2 q:27.29 aq:20.70 tex:72124 mv:6441 misc:523 imb:143 pmb:648 smb:129 d:- ref:0 ;
in:1014 out:1014 type:B dur:2 cpbdur:2 q:27.23 aq:24.55 tex:18493 mv:5643 misc:904 imb:17 pmb:427 smb:476 d:- ref:0 ;
in:1013 out:1015 type:b dur:2 cpbdur:2 q:27.20 aq:22.94 tex:704 mv:550 misc:674 imb:5 pmb:156 smb:759 d:- ref:0 ;
in:1015 out:1016 type:b dur:2 cpbdur:2 q:27.26 aq:25.22 tex:6045 mv:2118 misc:565 imb:6 pmb:159 smb:755 d:- ref:0 ;
in:1020 out:1017 type:P dur:2 cpbdur:2 q:27.40 aq:21.48 tex:61200 mv:6094 misc:578 imb:112 pmb:629 smb:179 d:- ref:0 ;
in:1018 out:1018 type:B dur:2 cpbdur:2 q:27.34 aq:24.95 tex:13442 mv:4862 misc:920 imb:14 pmb:383 smb:523 d:- ref:0 ;
in:1017 out:1019 type:b dur:2 cpbdur:2 q:27.31 aq:26.91 tex:5031 mv:2074 misc:543 imb:2 pmb:150 smb:768 d:- ref:0 ;
in:1019 out:1020 type:b dur:2 cpbdur:2 q:27.37 aq:26.69 tex:5044 mv:2086 misc:590 imb:3 pmb:155 smb:762 d:- ref:0 ;
in:1024 out:1021 type:P dur:2 cpbdur:2 q:27.47 aq:22.09 tex:49988 mv:5635 misc:585 imb:125 pmb:633 smb:162 d:- ref:0 ;
in:1022 out:1022 type:B dur:2 cpbdur:2 q:27.44 aq:24.85 tex:12018 mv:4379 misc:923 imb:9 pmb:403 smb:508 d:- ref:0 ;
in:1021 out:1023 type:b dur:2 cpbdur:2 q:27.42 aq:25.83 tex:4441 mv:1702 misc:561 imb:1 pmb:142 smb:777 d:- ref:0 ;
in:1023 out:1024 type:b dur:2 cpbdur:2 q:27.46 aq:25.97 tex:4174 mv:1767 misc:571 imb:2 pmb:134 smb:784 d:- ref:0 ;
in:1026 out:1025 type:P dur:2 cpbdur:2 q:27.55 aq:22.67 tex:35639 mv:4418 misc:791 imb:67 pmb:585 smb:268 d:- ref:0 ;
in:1025 out:1026 type:b dur:2 cpbdur:2 q:27.51 aq:25.69 tex:3782 mv:1226 misc:456 imb:1 pmb:103 smb:816 d:- ref:0 ;
in:1030 out:1027 type:P dur:2 cpbdur:2 q:27.54 aq:23.46 tex:31583 mv:5430 misc:763 imb:170 pmb:535 smb:215 d:- ref:0 ;
in:1028 out:1028 type:B dur:2 cpbdur:2 q:27.54 aq:24.47 tex:8038 mv:3062 misc:860 imb:6 pmb:292 smb:622 d:- ref:0 ;
in:1027 out:1029 type:b dur:2 cpbdur:2 q:27.55 aq:21.43 tex:440 mv:350 misc:586 imb:3 pmb:117 smb:800 d:- ref:0 ;
in:1029 out:1030 type:b dur:2 cpbdur:2 q:27.54 aq:25.00 tex:4197 mv:1540 misc:639 imb:2 pmb:170 smb:748 d:- ref:0 ;
in:1031 out:1031 type:P dur:2 cpbdur:2 q:27.58 aq:18.72 tex:427 mv:114 misc:291 imb:6 pmb:14 smb:900 d:- ref:0 ;
in:1032 out:1032 type:I dur:2 cpbdur:2 q:24.21 aq:21.09 tex:162471 mv:37376 misc:137 imb:920 pmb:0 smb:0 d:- ref:;
in:1034 out:1033 type:P dur:2 cpbdur:2 q:27.83 aq:24.04 tex:70513 mv:6872 misc:487 imb:153 pmb:651 smb:116 d:- ref:0 ;
in:1033 out:1034 type:b dur:2 cpbdur:2 q:27.83 aq:28.62 tex:10423 mv:5329 misc:808 imb:13 pmb:474 smb:433 d:- ref:0 ;
in:1036 out:1035 type:P dur:2 cpbdur:2 q:27.88 aq:24.79 tex:39323 mv:5229 misc:560 imb:86 pmb:633 smb:201 d:- ref:0 ;
in:1035 out:1036 type:b dur:2 cpbdur:2 q:27.85 aq:27.15 tex:217 mv:248 misc:455 imb:0 pmb:79 smb:841 d:- ref:0 ;
in:1039 out:1037 type:P dur:2 cpbdur:2 q:27.91 aq:25.53 tex:62208 mv:6844 misc:420 imb:189 pmb:563 smb:168 d:- ref:0 ;
in:1037 out:1038 type:B dur:2 cpbdur:2 q:27.89 aq:28.43 tex:9751 mv:4661 misc:836 imb:13 pmb:380 smb:527 d:- ref:0 ;
in:1038 out:1039 type:b dur:2 cpbdur:2 q:27.90 aq:27.20 tex:227 mv:159 misc:326 imb:1 pmb:47 smb:872 d:- ref:0 ;
in:1042 out:1040 type:P dur:2 cpbdur:2 q:27.95 aq:28.47 tex:44352 mv:6701 misc:411 imb:172 pmb:536 smb:212 d:- ref:0 ;
in:1040 out:1041 type:B dur:2 cpbdur:2 q:27.92 aq:28.81 tex:10521 mv:4623 misc:840 imb:12 pmb:401 smb:507 d:- ref:0 ;
in:1041 out:1042 type:b dur:2 cpbdur:2 q:27.94 aq:28.92 tex:7712 mv:3925 misc:811 imb:3 pmb:353 smb:564 d:- ref:0 ;
in:1043 out:1043 type:i dur:2 cpbdur:2 q:24.52 aq:19.06 tex:220220 mv:33502 misc:134 imb:920 pmb:0 smb:0 d:- ref:;
in:1047 out:1044 type:P dur:2 cpbdur:2 q:28.26 aq:24.63 tex:23805 mv:2869 misc:862 imb:10 pmb:534 smb:376 d:- ref:0 ;
in:1045 out:1045 type:B dur:2 cpbdur:2 q:28.26 aq:26.69 tex:3707 mv:1186 misc:659 imb:3 pmb:154 smb:763 d:- ref:0 ;
in:1044 out:1046 type:b dur:2 cpbdur:2 q:28.26 aq:27.84 tex:147 mv:109 misc:320 imb:0 pmb:47 smb:873 d:- ref:0 ;
in:1046 out:1047 type:b dur:2 cpbdur:2 q:28.26 aq:29.77 tex:788 mv:210 misc:322 imb:1 pmb:36 smb:883 d:- ref:0 ;
in:1051 out:1048 type:P dur:2 cpbdur:2 q:28.28 aq:28.74 tex:18155 mv:3084 misc:825 imb:20 pmb:441 smb:459 d:- ref:0 ;
in:1049 out:1049 type:B dur:2 cpbdur:2 q:28.27 aq:27.21 tex:11451 mv:2065 misc:836 imb:1 pmb:297 smb:622 d:- ref:0 ;
in:1048 out:1050 type:b dur:2 cpbdur:2 q:28.26 aq:23.45 tex:218 mv:446 misc:624 imb:0 pmb:146 smb:774 d:- ref:0 ;
in:1050 out:1051 type:b dur:2 cpbdur:2 q:28.28 aq:29.07 tex:962 mv:199 misc:303 imb:0 pmb:32 smb:888 d:- ref:0 ;
in:1052 out:1052 type:i dur:2 cpbdur:2 q:24.80 aq:16.24 tex:236830 mv:31810 misc:144 imb:920 pmb:0 smb:0 d:- ref:;
in:1055 out:1053 type:P dur:2 cpbdur:2 q:28.49 aq:20.59 tex:20987 mv:1755 misc:962 imb:12 pmb:421 smb:487 d:- ref:0 ;
in:1053 out:1054 type:B dur:2 cpbdur:2 q:28.49 aq:28.54 tex:322 mv:209 misc:213 imb:0 pmb:17 smb:903 d:- ref:0 ;
in:1054 out:1055 type:b dur:2 cpbdur:2 q:28.49 aq:25.99 tex:178 mv:94 misc:184 imb:0 pmb:10 smb:910 d:- ref:0 ;
in:1057 out:1056 type:P dur:2 cpbdur:2 q:28.65 aq:21.14 tex:27833 mv:1997 misc:898 imb:6 pmb:573 smb:341 d:- ref:0 ;
in:1056 out:1057 type:b dur:2 cpbdur:2 q:28.57 aq:24.44 tex:383 mv:81 misc:264 imb:0 pmb:23 smb:897 d:- ref:0 ;
in:1061 out:1058 type:P dur:2 cpbdur:2 q:28.61 aq:20.99 tex:49532 mv:3301 misc:735 imb:21 pmb:674 smb:225 d:- ref:0 ;
in:1059 out:1059 type:B dur:2 cpbdur:2 q:28.63 aq:23.36 tex:937 mv:248 misc:463 imb:0 pmb:66 smb:854 d:- ref:0 ;
in:1058 out:1060 type:b dur:2 cpbdur:2 q:28.64 aq:21.74 tex:210 mv:88 misc:334 imb:0 pmb:39 smb:881 d:- ref:0 ;
in:1060 out:1061 type:b dur:2 cpbdur:2 q:28.62 aq:23.36 tex:256 mv:85 misc:219 imb:0 pmb:16 smb:904 d:- ref:0 ;
in:1065 out:1062 type:P dur:2 cpbdur:2 q:28.58 aq:21.62 tex:38245 mv:2722 misc:809 imb:12 pmb:616 smb:292 d:- ref:0 ;
in:1063 out:1063 type:B dur:2 cpbdur:2 q:28.59 aq:25.16 tex:454 mv:172 misc:302 imb:0 pmb:31 smb:889 d:- ref:0 ;
in:1062 out:1064 type:b dur:2 cpbdur:2 q:28.60 aq:22.41 tex:141 mv:42 misc:217 imb:0 pmb:15 smb:905 d:- ref:0 ;
in:1064 out:1065 type:b dur:2 cpbdur:2 q:28.59 aq:24.53 tex:302 mv:53 misc:261 imb:0 pmb:21 smb:899 d:- ref:0 ;
in:1069 out:1066 type:P dur:2 cpbdur:2 q:28.74 aq:22.42 tex:28842 mv:2078 misc:792 imb:8 pmb:511 smb:401 d:- ref:0 ;
in:1067 out:1067 type:B dur:2 cpbdur:2 q:28.66 aq:25.61 tex:373 mv:180 misc:343 imb:0 pmb:39 smb:881 d:- ref:0 ;
in:1066 out:1068 type:b dur:2 cpbdur:2 q:28.62 aq:22.75 tex:193 mv:49 misc:254 imb:0 pmb:19 smb:901 d:- ref:0 ;
in:1068 out:1069 type:b dur:2 cpbdur:2 q:28.70 aq:22.80 tex:234 mv:59 misc:243 imb:1 pmb:18 smb:901 d:- ref:0 ;
in:1073 out:1070 type:P dur:2 cpbdur:2 q:28.80 aq:21.99 tex:27515 mv:2721 misc:836 imb:26 pmb:573 smb:321 d:- ref:0 ;
in:1071 out:1071 type:B dur:2 cpbdur:2 q:28.77 aq:24.43 tex:591 mv:274 misc:359 imb:1 pmb:44 smb:875 d:- ref:0 ;
in:1070 out:1072 type:b dur:2 cpbdur:2 q:28.76 aq:21.17 tex:156 mv:56 misc:212 imb:1 pmb:14 smb:905 d:- ref:0 ;
in:1072 out:1073 type:b dur:2 cpbdur:2 q:28.78 aq:25.84 tex:310 mv:52 misc:206 imb:1 pmb:12 smb:907 d:- ref:0 ;
in:1077 out:1074 type:P dur:2 cpbdur:2 q:28.78 aq:23.20 tex:25854 mv:3096 misc:898 imb:18 pmb:563 smb:339 d:- ref:0 ;
in:1075 out:1075 type:B dur:2 cpbdur:2 q:28.79 aq:24.68 tex:1953 mv:556 misc:419 imb:0 pmb:74 smb:846 d:- ref:0 ;
in:1074 out:1076 type:b dur:2 cpbdur:2 q:28.79 aq:29.72 tex:231 mv:22 misc:163 imb:0 pmb:7 smb:913 d:- ref:0 ;
in:1076 out:1077 type:b dur:2 cpbdur:2 q:28.78 aq:26.80 tex:249 mv:56 misc:183 imb:1 pmb:10 smb:909 d:- ref:0 ;
in:1081 out:1078 type:P dur:2 cpbdur:2 q:28.70 aq:24.98 tex:17772 mv:2588 misc:936 imb:9 pmb:462 smb:449 d:- ref:0 ;
in:1079 out:1079 type:B dur:2 cpbdur:2 q:28.74 aq:27.22 tex:3114 mv:833 misc:597 imb:1 pmb:125 smb:794 d:- ref:0 ;
in:1078 out:1080 type:b dur:2 cpbdur:2 q:28.76 aq:25.22 tex:308 mv:54 misc:174 imb:0 pmb:7 smb:913 d:- ref:0 ;
in:1080 out:1081 type:b dur:2 cpbdur:2 q:28.72 aq:24.54 tex:508 mv:71 misc:229 imb:0 pmb:17 smb:903 d:- ref:0 ;
in:1084 out:1082 type:P dur:2 cpbdur:2 q:28.60 aq:28.97 tex:6160 mv:1454 misc:866 imb:9 pmb:266 smb:645 d:- ref:0 ;
in:1082 out:1083 type:B dur:2 cpbdur:2 q:28.67 aq:26.98 tex:1244 mv:243 misc:313 imb:1 pmb:39 smb:880 d:- ref:0 ;
in:1083 out:1084 type:b dur:2 cpbdur:2 q:28.64 aq:30.17 tex:392 mv:303 misc:449 imb:0 pmb:89 smb:831 d:- ref:0 ;
in:1085 out:1085 type:I dur:2 cpbdur:2 q:25.59 aq:13.61 tex:78171 mv:16223 misc:134 imb:920 pmb:0 smb:0 d:- ref:;
in:1089 out:1086 type:P dur:2 cpbdur:2 q:28.64 aq:17.80 tex:15947 mv:2705 misc:892 imb:63 pmb:351 smb:506 d:- ref:0 ;
in:1087 out:1087 type:B dur:2 cpbdur:2 q:28.64 aq:21.99 tex:1330 mv:712 misc:606 imb:0 pmb:132 smb:788 d:- ref:0 ;
in:1086 out:1088 type:b dur:2 cpbdur:2 q:28.64 aq:19.17 tex:427 mv:91 misc:322 imb:0 pmb:40 smb:880 d:- ref:0 ;
in:1088 out:1089 type:b dur:2 cpbdur:2 q:28.64 aq:17.03 tex:705 mv:541 misc:554 imb:23 pmb:69 smb:828 d:- ref:0 ;
in:1093 out:1090 type:P dur:2 cpbdur:2 q:28.58 aq:19.02 tex:15163 mv:2387 misc:802 imb:45 pmb:303 smb:572 d:- ref:0 ;
in:1091 out:1091 type:B dur:2 cpbdur:2 q:28.61 aq:20.62 tex:1879 mv:923 misc:566 imb:1 pmb:125 smb:794 d:- ref:0 ;
in:1090 out:1092 type:b dur:2 cpbdur:2 q:28.62 aq:18.61 tex:429 mv:175 misc:404 imb:0 pmb:54 smb:866 d:- ref:0 ;
in:1092 out:1093 type:b dur:2 cpbdur:2 q:28.59 aq:19.31 tex:467 mv:83 misc:346 imb:0 pmb:43 smb:877 d:- ref:0 ;
in:1097 out:1094 type:P dur:2 cpbdur:2 q:28.49 aq:19.71 tex:13064 mv:2274 misc:742 imb:33 pmb:296 smb:591 d:- ref:0 ;
in:1095 out:1095 type:B dur:2 cpbdur:2 q:28.53 aq:23.67 tex:1762 mv:1084 misc:538 imb:1 pmb:128 smb:791 d:- ref:0 ;
in:1094 out:1096 type:b dur:2 cpbdur:2 q:28.56 aq:17.71 tex:459 mv:316 misc:521 imb:0 pmb:106 smb:814 d:- ref:0 ;
in:1096 out:1097 type:b dur:2 cpbdur:2 q:28.51 aq:19.83 tex:508 mv:89 misc:347 imb:1 pmb:39 smb:880 d:- ref:0 ;
in:1101 out:1098 type:P dur:2 cpbdur:2 q:28.43 aq:17.74 tex:17480 mv:3362 misc:918 imb:129 pmb:389 smb:402 d:- ref:0 ;
in:1099 out:1099 type:B dur:2 cpbdur:2 q:28.46 aq:19.94 tex:1105 mv:752 misc:599 imb:1 pmb:111 smb:808 d:- ref:0 ;
in:1098 out:1100 type:b dur:2 cpbdur:2 q:28.48 aq:18.00 tex:455 mv:97 misc:360 imb:1 pmb:43 smb:876 d:- ref:0 ;
in:1100 out:1101 type:b dur:2 cpbdur:2 q:28.45 aq:18.06 tex:459 mv:75 misc:346 imb:0 pmb:40 smb:880 d:- ref:0 ;
in:1105 out:1102 type:P dur:2 cpbdur:2 q:28.35 aq:19.20 tex:12792 mv:2412 misc:756 imb:39 pmb:319 smb:562 d:- ref:0 ;
in:1103 out:1103 type:B dur:2 cpbdur:2 q:28.39 aq:24.23 tex:1179 mv:722 misc:459 imb:3 pmb:77 smb:840 d:- ref:0 ;
in:1102 out:1104 type:b dur:2 cpbdur:2 q:28.41 aq:18.44 tex:327 mv:40 misc:273 imb:0 pmb:24 smb:896 d:- ref:0 ;
in:1104 out:1105 type:b dur:2 cpbdur:2 q:28.37 aq:17.59 tex:277 mv:47 misc:268 imb:1 pmb:21 smb:898 d:- ref:0 ;
in:1107 out:1106 type:P dur:2 cpbdur:2 q:28.29 aq:20.01 tex:9101 mv:2015 misc:844 imb:37 pmb:294 smb:589 d:- ref:0 ;
in:1106 out:1107 type:b dur:2 cpbdur:2 q:28.32 aq:16.88 tex:225 mv:36 misc:251 imb:0 pmb:19 smb:901 d:- ref:0 ;
in:1111 out:1108 type:P dur:2 cpbdur:2 q:28.24 aq:22.47 tex:5965 mv:1734 misc:701 imb:15 pmb:240 smb:665 d:- ref:0 ;
in:1109 out:1109 type:B dur:2 cpbdur:2 q:28.27 aq:25.50 tex:789 mv:569 misc:490 imb:2 pmb:81 smb:837 d:- ref:0 ;
in:1108 out:1110 type:b dur:2 cpbdur:2 q:28.28 aq:18.04 tex:345 mv:412 misc:547 imb:1 pmb:115 smb:804 d:- ref:0 ;
in:1110 out:1111 type:b dur:2 cpbdur:2 q:28.26 aq:22.57 tex:182 mv:53 misc:229 imb:0 pmb:15 smb:905 d:- ref:0 ;
in:1113 out:1112 type:P dur:2 cpbdur:2 q:28.16 aq:26.34 tex:1575 mv:586 misc:519 imb:1 pmb:112 smb:807 d:- ref:0 ;
in:1112 out:1113 type:b dur:2 cpbdur:2 q:28.20 aq:21.11 tex:255 mv:132 misc:373 imb:1 pmb:53 smb:866 d:- ref:0 ;
in:1114 out:1114 type:I dur:2 cpbdur:2 q:25.50 aq:19.31 tex:310877 mv:38859 misc:136 imb:920 pmb:0 smb:0 d:- ref:;
in:1118 out:1115 type:P dur:2 cpbdur:2 q:28.43 aq:22.71 tex:64417 mv:3186 misc:701 imb:21 pmb:625 smb:274 d:- ref:0 ;
in:1116 out:1116 type:B dur:2 cpbdur:2 q:28.43 aq:26.79 tex:12457 mv:1888 misc:647 imb:0 pmb:226 smb:694 d:- ref:0 ;
in:1115 out:1117 type:b dur:2 cpbdur:2 q:28.43 aq:29.25 tex:149 mv:225 misc:458 imb:0 pmb:112 smb:808 d:- ref:0 ;
in:1117 out:1118 type:b dur:2 cpbdur:2 q:28.43 aq:27.99 tex:4436 mv:862 misc:486 imb:1 pmb:100 smb:819 d:- ref:0 ;
in:1122 out:1119 type:P dur:2 cpbdur:2 q:28.44 aq:22.68 tex:92004 mv:3828 misc:592 imb:22 pmb:672 smb:226 d:- ref:0 ;
in:1120 out:1120 type:B dur:2 cpbdur:2 q:28.44 aq:25.77 tex:20639 mv:2956 misc:733 imb:6 pmb:304 smb:610 d:- ref:0 ;
in:1119 out:1121 type:b dur:2 cpbdur:2 q:28.43 aq:22.92 tex:276 mv:270 misc:614 imb:0 pmb:148 smb:772 d:- ref:0 ;
in:1121 out:1122 type:b dur:2 cpbdur:2 q:28.44 aq:29.39 tex:5819 mv:1234 misc:435 imb:0 pmb:115 smb:805 d:- ref:0 ;
in:1126 out:1123 type:P dur:2 cpbdur:2 q:28.42 aq:23.01 tex:85717 mv:3816 misc:499 imb:19 pmb:682 smb:219 d:- ref:0 ;
in:1124 out:1124 type:B dur:2 cpbdur:2 q:28.43 aq:26.52 tex:15650 mv:2502 misc:776 imb:1 pmb:296 smb:623 d:- ref:0 ;
in:1123 out:1125 type:b dur:2 cpbdur:2 q:28.44 aq:29.11 tex:4793 mv:1139 misc:492 imb:0 pmb:114 smb:806 d:- ref:0 ;
in:1125 out:1126 type:b dur:2 cpbdur:2 q:28.43 aq:29.82 tex:3348 mv:992 misc:404 imb:0 pmb:88 smb:832 d:- ref:0 ;
in:1130 out:1127 type:P dur:2 cpbdur:2 q:28.68 aq:23.85 tex:78254 mv:3592 misc:578 imb:27 pmb:629 smb:264 d:- ref:0 ;
in:1128 out:1128 type:B dur:2 cpbdur:2 q:28.55 aq:26.81 tex:16140 mv:2591 misc:757 imb:1 pmb:299 smb:620 d:- ref:0 ;
in:1127 out:1129 type:b dur:2 cpbdur:2 q:28.49 aq:30.73 tex:4439 mv:1077 misc:396 imb:0 pmb:97 smb:823 d:- ref:0 ;
in:1129 out:1130 type:b dur:2 cpbdur:2 q:28.62 aq:29.57 tex:4174 mv:863 misc:395 imb:0 pmb:85 smb:835 d:- ref:0 ;
in:1132 out:1131 type:P dur:2 cpbdur:2 q:28.78 aq:23.08 tex:70356 mv:3350 misc:606 imb:15 pmb:736 smb:169 d:- ref:0 ;
in:1131 out:1132 type:b dur:2 cpbdur:2 q:28.73 aq:28.50 tex:2942 mv:657 misc:433 imb:0 pmb:84 smb:836 d:- ref:0 ;
in:1136 out:1133 type:P dur:2 cpbdur:2 q:28.79 aq:23.94 tex:72780 mv:3759 misc:629 imb:17 pmb:650 smb:253 d:- ref:0 ;
in:1134 out:1134 type:B dur:2 cpbdur:2 q:28.78 aq:28.72 tex:11011 mv:2157 misc:568 imb:0 pmb:217 smb:703 d:- ref:0 ;
in:1133 out:1135 type:b dur:2 cpbdur:2 q:28.78 aq:25.14 tex:167 mv:193 misc:600 imb:0 pmb:148 smb:772 d:- ref:0 ;
in:1135 out:1136 type:b dur:2 cpbdur:2 q:28.79 aq:29.40 tex:4453 mv:976 misc:395 imb:0 pmb:87 smb:833 d:- ref:0 ;
in:1140 out:1137 type:P dur:2 cpbdur:2 q:28.97 aq:25.15 tex:64115 mv:3798 misc:679 imb:14 pmb:656 smb:250 d:- ref:0 ;
in:1138 out:1138 type:B dur:2 cpbdur:2 q:28.88 aq:28.61 tex:8358 mv:1706 misc:576 imb:2 pmb:193 smb:725 d:- ref:0 ;
in:1137 out:1139 type:b dur:2 cpbdur:2 q:28.83 aq:29.08 tex:131 mv:209 misc:452 imb:0 pmb:89 smb:831 d:- ref:0 ;
in:1139 out:1140 type:b dur:2 cpbdur:2 q:28.93 aq:30.44 tex:4338 mv:1263 misc:487 imb:0 pmb:144 smb:776 d:- ref:0 ;
in:1143 out:1141 type:P dur:2 cpbdur:2 q:29.08 aq:26.98 tex:26488 mv:2262 misc:858 imb:5 pmb:440 smb:475 d:- ref:0 ;
in:1141 out:1142 type:B dur:2 cpbdur:2 q:29.01 aq:25.38 tex:107 mv:251 misc:418 imb:0 pmb:87 smb:833 d:- ref:0 ;
in:1142 out:1143 type:b dur:2 cpbdur:2 q:29.04 aq:30.25 tex:3196 mv:631 misc:373 imb:0 pmb:71 smb:849 d:- ref:0 ;
in:1145 out:1144 type:P dur:2 cpbdur:2 q:29.17 aq:30.20 tex:18861 mv:1848 misc:795 imb:12 pmb:331 smb:577 d:- ref:0 ;
in:1144 out:1145 type:b dur:2 cpbdur:2 q:29.13 aq:30.33 tex:1511 mv:420 misc:557 imb:0 pmb:158 smb:762 d:- ref:0 ;
in:1146 out:1146 type:I dur:2 cpbdur:2 q:25.80 aq:18.23 tex:51247 mv:18198 misc:123 imb:920 pmb:0 smb:0 d:- ref:;
in:1149 out:1147 type:P dur:2 cpbdur:2 q:29.14 aq:21.62 tex:7049 mv:4316 misc:971 imb:97 pmb:402 smb:421 d:- ref:0 ;
in:1147 out:1148 type:B dur:2 cpbdur:2 q:29.14 aq:19.33 tex:767 mv:1527 misc:658 imb:14 pmb:153 smb:753 d:- ref:0 ;
in:1148 out:1149 type:b dur:2 cpbdur:2 q:29.14 aq:21.82 tex:528 mv:1560 misc:744 imb:9 pmb:176 smb:735 d:- ref:0 ;
in:1153 out:1150 type:P dur:2 cpbdur:2 q:29.14 aq:21.83 tex:5628 mv:3674 misc:938 imb:113 pmb:322 smb:485 d:- ref:0 ;
in:1151 out:1151 type:B dur:2 cpbdur:2 q:29.14 aq:22.44 tex:839 mv:1959 misc:762 imb:14 pmb:174 smb:732 d:- ref:0 ;
in:1150 out:1152 type:b dur:2 cpbdur:2 q:29.14 aq:21.50 tex:357 mv:314 misc:569 imb:2 pmb:96 smb:822 d:- ref:0 ;
in:1152 out:1153 type:b dur:2 cpbdur:2 q:29.14 aq:23.44 tex:763 mv:1383 misc:766 imb:8 pmb:179 smb:733 d:- ref:0 ;
in:1155 out:1154 type:P dur:2 cpbdur:2 q:29.08 aq:23.22 tex:3012 mv:2357 misc:871 imb:73 pmb:228 smb:619 d:- ref:0 ;
in:1154 out:1155 type:b dur:2 cpbdur:2 q:29.11 aq:22.27 tex:577 mv:1273 misc:662 imb:6 pmb:134 smb:780 d:- ref:0 ;
in:1156 out:1156 type:i dur:2 cpbdur:2 q:25.96 aq:19.37 tex:69345 mv:22618 misc:117 imb:920 pmb:0 smb:0 d:- ref:;
in:1159 out:1157 type:P dur:2 cpbdur:2 q:29.19 aq:22.39 tex:15888 mv:5608 misc:712 imb:103 pmb:573 smb:244 d:- ref:0 ;
in:1157 out:1158 type:B dur:2 cpbdur:2 q:29.19 aq:24.13 tex:1105 mv:1696 misc:679 imb:9 pmb:169 smb:742 d:- ref:0 ;
in:1158 out:1159 type:b dur:2 cpbdur:2 q:29.19 aq:26.55 tex:555 mv:1488 misc:629 imb:3 pmb:152 smb:765 d:- ref:0 ;
in:1162 out:1160 type:P dur:2 cpbdur:2 q:29.14 aq:21.98 tex:28804 mv:6092 misc:608 imb:150 pmb:586 smb:184 d:- ref:0 ;
in:1160 out:1161 type:B dur:2 cpbdur:2 q:29.17 aq:25.83 tex:1338 mv:2259 misc:755 imb:13 pmb:214 smb:693 d:- ref:0 ;
in:1161 out:1162 type:b dur:2 cpbdur:2 q:29.16 aq:26.84 tex:669 mv:1853 misc:742 imb:5 pmb:198 smb:717 d:- ref:0 ;
in:1166 out:1163 type:P dur:2 cpbdur:2 q:29.09 aq:21.82 tex:41257 mv:7049 misc:582 imb:180 pmb:618 smb:122 d:- ref:0 ;
in:1164 out:1164 type:B dur:2 cpbdur:2 q:29.11 aq:24.61 tex:1961 mv:2956 misc:795 imb:16 pmb:243 smb:661 d:- ref:0 ;
in:1163 out:1165 type:b dur:2 cpbdur:2 q:29.13 aq:28.58 tex:49 mv:74 misc:213 imb:0 pmb:13 smb:907 d:- ref:0 ;
in:1165 out:1166 type:b dur:2 cpbdur:2 q:29.10 aq:24.63 tex:773 mv:2114 misc:777 imb:7 pmb:202 smb:711 d:- ref:0 ;
in:1170 out:1167 type:P dur:2 cpbdur:2 q:29.04 aq:22.04 tex:38631 mv:6833 misc:496 imb:183 pmb:623 smb:114 d:- ref:0 ;
in:1168 out:1168 type:B dur:2 cpbdur:2 q:29.06 aq:24.48 tex:1243 mv:3108 misc:825 imb:17 pmb:247 smb:656 d:- ref:0 ;
in:1167 out:1169 type:b dur:2 cpbdur:2 q:29.08 aq:22.78 tex:135 mv:116 misc:277 imb:1 pmb:35 smb:884 d:- ref:0 ;
in:1169 out:1170 type:b dur:2 cpbdur:2 q:29.05 aq:27.95 tex:722 mv:2159 misc:783 imb:5 pmb:217 smb:698 d:- ref:0 ;
in:1174 out:1171 type:P dur:2 cpbdur:2 q:29.03 aq:22.34 tex:37369 mv:6908 misc:475 imb:204 pmb:629 smb:87 d:- ref:0 ;
in:1172 out:1172 type:B dur:2 cpbdur:2 q:29.04 aq:26.27 tex:1827 mv:3493 misc:872 imb:13 pmb:296 smb:611 d:- ref:0 ;
in:1171 out:1173 type:b dur:2 cpbdur:2 q:29.04 aq:22.62 tex:133 mv:522 misc:649 imb:3 pmb:158 smb:759 d:- ref:0 ;
in:1173 out:1174 type:b dur:2 cpbdur:2 q:29.03 aq:24.80 tex:1194 mv:2738 misc:812 imb:17 pmb:238 smb:665 d:- ref:0 ;
in:1178 out:1175 type:P dur:2 cpbdur:2 q:29.04 aq:23.12 tex:29825 mv:6216 misc:591 imb:152 pmb:612 smb:156 d:- ref:0 ;
in:1176 out:1176 type:B dur:2 cpbdur:2 q:29.03 aq:26.02 tex:1947 mv:3093 misc:856 imb:12 pmb:279 smb:629 d:- ref:0 ;
in:1175 out:1177 type:b dur:2 cpbdur:2 q:29.03 aq:21.93 tex:62 mv:27 misc:159 imb:1 pmb:4 smb:915 d:- ref:0 ;
in:1177 out:1178 type:b dur:2 cpbdur:2 q:29.04 aq:25.57 tex:935 mv:2203 misc:798 imb:6 pmb:221 smb:693 d:- ref:0 ;
in:1180 out:1179 type:P dur:2 cpbdur:2 q:29.03 aq:22.60 tex:25421 mv:5764 misc:615 imb:127 pmb:606 smb:187 d:- ref:0 ;
in:1179 out:1180 type:b dur:2 cpbdur:2 q:29.03 aq:26.59 tex:1042 mv:2715 misc:803 imb:9 pmb:247 smb:664 d:- ref:0 ;
in:1182 out:1181 type:P dur:2 cpbdur:2 q:29.01 aq:22.75 tex:22861 mv:5656 misc:723 imb:114 pmb:593 smb:213 d:- ref:0 ;
in:1181 out:1182 type:b dur:2 cpbdur:2 q:29.02 aq:25.21 tex:1161 mv:2280 misc:759 imb:7 pmb:217 smb:696 d:- ref:0 ;
in:1184 out:1183 type:P dur:2 cpbdur:2 q:29.04 aq:22.39 tex:20956 mv:5879 misc:677 imb:120 pmb:610 smb:190 d:- ref:0 ;
in:1183 out:1184 type:b dur:2 cpbdur:2 q:29.02 aq:25.87 tex:1263 mv:2467 misc:750 imb:6 pmb:208 smb:706 d:- ref:0 ;
in:1188 out:1185 type:P dur:2 cpbdur:2 q:29.01 aq:23.23 tex:25554 mv:6068 misc:594 imb:152 pmb:605 smb:163 d:- ref:0 ;
in:1186 out:1186 type:B dur:2 cpbdur:2 q:29.03 aq:24.43 tex:2537 mv:3900 misc:979 imb:26 pmb:340 smb:554 d:- ref:0 ;
in:1185 out:1187 type:b dur:2 cpbdur:2 q:29.03 aq:25.27 tex:1281 mv:2972 misc:843 imb:14 pmb:253 smb:653 d:- ref:0 ;
in:1187 out:1188 type:b dur:2 cpbdur:2 q:29.02 aq:27.63 tex:228 mv:472 misc:572 imb:1 pmb:134 smb:785 d:- ref:0 ;
in:1190 out:1189 type:P dur:2 cpbdur:2 q:29.00 aq:22.71 tex:25917 mv:6458 misc:601 imb:165 pmb:626 smb:129 d:- ref:0 ;
in:1189 out:1190 type:b dur:2 cpbdur:2 q:29.01 aq:25.53 tex:1603 mv:2557 misc:840 imb:11 pmb:269 smb:640 d:- ref:0 ;
in:1194 out:1191 type:P dur:2 cpbdur:2 q:29.01 aq:22.79 tex:26828 mv:6994 misc:546 imb:194 pmb:616 smb:110 d:- ref:0 ;
in:1192 out:1192 type:B dur:2 cpbdur:2 q:29.01 aq:23.41 tex:4229 mv:5008 misc:987 imb:31 pmb:412 smb:477 d:- ref:0 ;
in:1191 out:1193 type:b dur:2 cpbdur:2 q:29.00 aq:22.56 tex:76 mv:30 misc:174 imb:0 pmb:9 smb:911 d:- ref:0 ;
in:1193 out:1194 type:b dur:2 cpbdur:2 q:29.01 aq:25.30 tex:1383 mv:2857 misc:840 imb:17 pmb:250 smb:653 d:- ref:0 ;
in:1198 out:1195 type:P dur:2 cpbdur:2 q:29.00 aq:23.27 tex:20037 mv:6191 misc:692 imb:149 pmb:597 smb:174 d:- ref:0 ;
in:1196 out:1196 type:B dur:2 cpbdur:2 q:29.01 aq:24.30 tex:2966 mv:4135 misc:939 imb:12 pmb:372 smb:536 d:- ref:0 ;
in:1195 out:1197 type:b dur:2 cpbdur:2 q:29.01 aq:21.00 tex:35 mv:157 misc:312 imb:1 pmb:48 smb:871 d:- ref:0 ;
in:1197 out:1198 type:b dur:2 cpbdur:2 q:29.01 aq:26.61 tex:1291 mv:2561 misc:836 imb:13 pmb:240 smb:667 d:- ref:0 ;
in:1202 out:1199 type:P dur:2 cpbdur:2 q:28.97 aq:24.21 tex:22230 mv:6874 misc:608 imb:171 pmb:592 smb:157 d:- ref:0 ;
in:1200 out:1200 type:B dur:2 cpbdur:2 q:28.98 aq:24.87 tex:5171 mv:5287 misc:950 imb:32 pmb:436 smb:452 d:- ref:0 ;
in:1199 out:1201 type:b dur:2 cpbdur:2 q:28.99 aq:19.51 tex:39 mv:21 misc:156 imb:0 pmb:4 smb:916 d:- ref:0 ;
in:1201 out:1202 type:b dur:2 cpbdur:2 q:28.98 aq:25.34 tex:1126 mv:2436 misc:814 imb:10 pmb:240 smb:670 d:- ref:0 ;
in:1206 out:1203 type:P dur:2 cpbdur:2 q:28.96 aq:25.60 tex:14158 mv:6245 misc:709 imb:163 pmb:534 smb:223 d:- ref:0 ;
in:1204 out:1204 type:B dur:2 cpbdur:2 q:28.96 aq:24.88 tex:3989 mv:4708 misc:943 imb:21 pmb:415 smb:484 d:- ref:0 ;
in:1203 out:1205 type:b dur:2 cpbdur:2 q:28.97 aq:25.81 tex:1346 mv:2917 misc:865 imb:11 pmb:263 smb:646 d:- ref:0 ;
in:1205 out:1206 type:b dur:2 cpbdur:2 q:28.96 aq:26.51 tex:1736 mv:3142 misc:898 imb:12 pmb:304 smb:604 d:- ref:0 ;
in:1207 out:1207 type:P dur:2 cpbdur:2 q:28.92 aq:28.01 tex:4148 mv:3219 misc:929 imb:56 pmb:359 smb:505 d:- ref:0 ;
in:1208 out:1208 type:I dur:2 cpbdur:2 q:26.08 aq:21.64 tex:82271 mv:22987 misc:118 imb:920 pmb:0 smb:0 d:- ref:;
in:1211 out:1209 type:P dur:2 cpbdur:2 q:28.97 aq:25.06 tex:25638 mv:6048 misc:746 imb:159 pmb:470 smb:291 d:- ref:0 ;
in:1209 out:1210 type:B dur:2 cpbdur:2 q:28.97 aq:26.88 tex:5083 mv:3201 misc:740 imb:9 pmb:270 smb:641 d:- ref:0 ;
in:1210 out:1211 type:b dur:2 cpbdur:2 q:28.97 aq:27.38 tex:3718 mv:3088 misc:746 imb:9 pmb:243 smb:668 d:- ref:0 ;
in:1213 out:1212 type:P dur:2 cpbdur:2 q:28.97 aq:25.31 tex:12478 mv:3941 misc:941 imb:85 pmb:401 smb:434 d:- ref:0 ;
in:1212 out:1213 type:b dur:2 cpbdur:2 q:28.97 aq:27.65 tex:167 mv:70 misc:203 imb:1 pmb:12 smb:907 d:- ref:0 ;
in:1214 out:1214 type:P dur:2 cpbdur:2 q:28.96 aq:25.04 tex:24476 mv:6350 misc:694 imb:218 pmb:500 smb:202 d:- ref:0 ;
in:1215 out:1215 type:P dur:2 cpbdur:2 q:28.97 aq:24.90 tex:18645 mv:5019 misc:832 imb:126 pmb:479 smb:315 d:- ref:0 ;
in:1217 out:1216 type:P dur:2 cpbdur:2 q:28.97 aq:25.25 tex:14977 mv:4512 misc:863 imb:96 pmb:438 smb:386 d:- ref:0 ;
in:1216 out:1217 type:b dur:2 cpbdur:2 q:28.97 aq:27.72 tex:316 mv:129 misc:291 imb:2 pmb:28 smb:890 d:- ref:0 ;
in:1219 out:1218 type:P dur:2 cpbdur:2 q:28.95 aq:24.92 tex:21992 mv:6470 misc:690 imb:216 pmb:485 smb:219 d:- ref:0 ;
in:1218 out:1219 type:b dur:2 cpbdur:2 q:28.96 aq:27.31 tex:4622 mv:3811 misc:871 imb:29 pmb:301 smb:590 d:- ref:0 ;
in:1221 out:1220 type:P dur:2 cpbdur:2 q:29.00 aq:24.95 tex:24244 mv:6617 misc:699 imb:242 pmb:478 smb:200 d:- ref:0 ;
in:1220 out:1221 type:b dur:2 cpbdur:2 q:28.97 aq:24.54 tex:94 mv:49 misc:193 imb:0 pmb:10 smb:910 d:- ref:0 ;
in:1222 out:1222 type:P dur:2 cpbdur:2 q:28.99 aq:24.79 tex:14464 mv:4742 misc:874 imb:115 pmb:461 smb:344 d:- ref:0 ;
in:1223 out:1223 type:P dur:2 cpbdur:2 q:28.99 aq:24.87 tex:15755 mv:5119 misc:862 imb:132 pmb:477 smb:311 d:- ref:0 ;
in:1225 out:1224 type:P dur:2 cpbdur:2 q:28.98 aq:25.07 tex:23179 mv:6687 misc:734 imb:206 pmb:512 smb:202 d:- ref:0 ;
in:1224 out:1225 type:b dur:2 cpbdur:2 q:28.99 aq:27.47 tex:3447 mv:3264 misc:793 imb:30 pmb:251 smb:639 d:- ref:0 ;
in:1226 out:1226 type:P dur:2 cpbdur:2 q:29.00 aq:24.86 tex:17329 mv:4819 misc:876 imb:134 pmb:462 smb:324 d:- ref:0 ;
in:1228 out:1227 type:P dur:2 cpbdur:2 q:29.01 aq:24.71 tex:23782 mv:6323 misc:711 imb:214 pmb:524 smb:182 d:- ref:0 ;
in:1227 out:1228 type:b dur:2 cpbdur:2 q:29.01 aq:27.28 tex:2812 mv:2957 misc:775 imb:17 pmb:253 smb:650 d:- ref:0 ;
in:1230 out:1229 type:P dur:2 cpbdur:2 q:29.01 aq:24.77 tex:26597 mv:6689 misc:610 imb:265 pmb:501 smb:154 d:- ref:0 ;
in:1229 out:1230 type:b dur:2 cpbdur:2 q:29.01 aq:27.33 tex:3703 mv:3212 misc:765 imb:13 pmb:261 smb:646 d:- ref:0 ;
in:1232 out:1231 type:P dur:2 cpbdur:2 q:29.03 aq:25.24 tex:23704 mv:6353 misc:687 imb:193 pmb:530 smb:197 d:- ref:0 ;
in:1231 out:1232 type:b dur:2 cpbdur:2 q:29.02 aq:29.08 tex:3209 mv:3395 misc:764 imb:15 pmb:264 smb:641 d:- ref:0 ;
in:1234 out:1233 type:P dur:2 cpbdur:2 q:29.02 aq:25.69 tex:14011 mv:4388 misc:953 imb:104 pmb:445 smb:371 d:- ref:0 ;
in:1233 out:1234 type:b dur:2 cpbdur:2 q:29.02 aq:26.88 tex:295 mv:247 misc:354 imb:5 pmb:62 smb:853 d:- ref:0 ;
in:1236 out:1235 type:P dur:2 cpbdur:2 q:29.03 aq:25.88 tex:25784 mv:6648 misc:680 imb:273 pmb:472 smb:175 d:- ref:0 ;
in:1235 out:1236 type:b dur:2 cpbdur:2 q:29.02 aq:28.67 tex:4544 mv:4116 misc:908 imb:26 pmb:352 smb:542 d:- ref:0 ;
in:1237 out:1237 type:P dur:2 cpbdur:2 q:29.04 aq:26.60 tex:9067 mv:3478 misc:911 imb:78 pmb:347 smb:495 d:- ref:0 ;
in:1238 out:1238 type:I dur:2 cpbdur:2 q:26.09 aq:16.31 tex:166117 mv:29606 misc:149 imb:920 pmb:0 smb:0 d:- ref:;
in:1240 out:1239 type:P dur:2 cpbdur:2 q:29.27 aq:19.70 tex:2374 mv:293 misc:613 imb:3 pmb:106 smb:811 d:- ref:0 ;
in:1239 out:1240 type:b dur:2 cpbdur:2 q:29.27 aq:25.72 tex:22 mv:4 misc:126 imb:0 pmb:1 smb:919 d:- ref:0 ;
in:1242 out:1241 type:P dur:2 cpbdur:2 q:29.26 aq:19.96 tex:5625 mv:339 misc:828 imb:2 pmb:209 smb:709 d:- ref:0 ;
in:1241 out:1242 type:b dur:2 cpbdur:2 q:29.26 aq:22.93 tex:90 mv:24 misc:190 imb:0 pmb:9 smb:911 d:- ref:0 ;
in:1244 out:1243 type:P dur:2 cpbdur:2 q:29.25 aq:20.00 tex:5069 mv:226 misc:721 imb:3 pmb:148 smb:769 d:- ref:0 ;
in:1243 out:1244 type:b dur:2 cpbdur:2 q:29.25 aq:24.05 tex:51 mv:14 misc:151 imb:0 pmb:4 smb:916 d:- ref:0 ;
in:1246 out:1245 type:P dur:2 cpbdur:2 q:29.22 aq:19.91 tex:3079 mv:208 misc:553 imb:3 pmb:83 smb:834 d:- ref:0 ;
in:1245 out:1246 type:b dur:2 cpbdur:2 q:29.24 aq:23.37 tex:121 mv:23 misc:192 imb:0 pmb:11 smb:909 d:- ref:0 ;
in:1250 out:1247 type:P dur:2 cpbdur:2 q:29.21 aq:18.13 tex:18219 mv:1342 misc:999 imb:19 pmb:457 smb:444 d:- ref:0 ;
in:1248 out:1248 type:B dur:2 cpbdur:2 q:29.21 aq:22.70 tex:140 mv:39 misc:205 imb:0 pmb:10 smb:910 d:- ref:0 ;
in:1247 out:1249 type:b dur:2 cpbdur:2 q:29.22 aq:23.29 tex:56 mv:15 misc:153 imb:0 pmb:5 smb:915 d:- ref:0 ;
in:1249 out:1250 type:b dur:2 cpbdur:2 q:29.21 aq:23.25 tex:28 mv:9 misc:139 imb:0 pmb:2 smb:918 d:- ref:0 ;
in:1254 out:1251 type:P dur:2 cpbdur:2 q:29.20 aq:19.21 tex:4440 mv:322 misc:726 imb:2 pmb:150 smb:768 d:- ref:0 ;
in:1252 out:1252 type:B dur:2 cpbdur:2 q:29.20 aq:23.47 tex:54 mv:12 misc:174 imb:0 pmb:4 smb:916 d:- ref:0 ;
in:1251 out:1253 type:b dur:2 cpbdur:2 q:29.21 aq:23.25 tex:28 mv:9 misc:139 imb:0 pmb:2 smb:918 d:- ref:0 ;
in:1253 out:1254 type:b dur:2 cpbdur:2 q:29.20 aq:23.25 tex:20 mv:5 misc:127 imb:0 pmb:1 smb:919 d:- ref:0 ;
in:1258 out:1255 type:P dur:2 cpbdur:2 q:29.11 aq:18.42 tex:3604 mv:257 misc:571 imb:10 pmb:80 smb:830 d:- ref:0 ;
in:1256 out:1256 type:B dur:2 cpbdur:2 q:29.16 aq:20.93 tex:31 mv:7 misc:154 imb:0 pmb:2 smb:918 d:- ref:0 ;
in:1255 out:1257 type:b dur:2 cpbdur:2 q:29.18 aq:23.25 tex:20 mv:5 misc:127 imb:0 pmb:1 smb:919 d:- ref:0 ;
in:1257 out:1258 type:b dur:2 cpbdur:2 q:29.13 aq:23.25 tex:20 mv:5 misc:127 imb:0 pmb:1 smb:919 d:- ref:0 ;
in:1262 out:1259 type:P dur:2 cpbdur:2 q:29.02 aq:18.95 tex:3669 mv:167 misc:564 imb:1 pmb:91 smb:828 d:- ref:0 ;
in:1260 out:1260 type:B dur:2 cpbdur:2 q:29.07 aq:24.25 tex:109 mv:12 misc:175 imb:0 pmb:4 smb:916 d:- ref:0 ;
in:1259 out:1261 type:b dur:2 cpbdur:2 q:29.09 aq:23.25 tex:20 mv:5 misc:127 imb:0 pmb:1 smb:919 d:- ref:0 ;
in:1261 out:1262 type:b dur:2 cpbdur:2 q:29.04 aq:26.00 tex:0 mv:0 misc:120 imb:0 pmb:0 smb:920 d:- ref:0 ;
in:1266 out:1263 type:P dur:2 cpbdur:2 q:28.92 aq:18.88 tex:7650 mv:571 misc:939 imb:22 pmb:262 smb:636 d:- ref:0 ;
in:1264 out:1264 type:B dur:2 cpbdur:2 q:28.97 aq:22.02 tex:124 mv:87 misc:221 imb:1 pmb:19 smb:900 d:- ref:0 ;
in:1263 out:1265 type:b dur:2 cpbdur:2 q:29.00 aq:24.89 tex:61 mv:60 misc:143 imb:4 pmb:7 smb:909 d:- ref:0 ;
in:1265 out:1266 type:b dur:2 cpbdur:2 q:28.95 aq:25.00 tex:0 mv:0 misc:120 imb:0 pmb:0 smb:920 d:- ref:0 ;
in:1270 out:1267 type:P dur:2 cpbdur:2 q:28.84 aq:18.67 tex:5494 mv:386 misc:848 imb:3 pmb:210 smb:707 d:- ref:0 ;
in:1268 out:1268 type:B dur:2 cpbdur:2 q:28.88 aq:21.42 tex:82 mv:22 misc:192 imb:0 pmb:7 smb:913 d:- ref:0 ;
in:1267 out:1269 type:b dur:2 cpbdur:2 q:28.90 aq:22.78 tex:26 mv:7 misc:135 imb:0 pmb:2 smb:918 d:- ref:0 ;
in:1269 out:1270 type:b dur:2 cpbdur:2 q:28.86 aq:25.00 tex:0 mv:0 misc:120 imb:0 pmb:0 smb:920 d:- ref:0 ;
in:1274 out:1271 type:P dur:2 cpbdur:2 q:28.76 aq:19.25 tex:3571 mv:153 misc:604 imb:2 pmb:98 smb:820 d:- ref:0 ;
in:1272 out:1272 type:B dur:2 cpbdur:2 q:28.80 aq:21.97 tex:18 mv:10 misc:156 imb:0 pmb:2 smb:918 d:- ref:0 ;
in:1271 out:1273 type:b dur:2 cpbdur:2 q:28.82 aq:25.00 tex:0 mv:0 misc:120 imb:0 pmb:0 smb:920 d:- ref:0 ;
in:1273 out:1274 type:b dur:2 cpbdur:2 q:28.78 aq:25.00 tex:0 mv:0 misc:120 imb:0 pmb:0 smb:920 d:- ref:0 ;
in:1278 out:1275 type:P dur:2 cpbdur:2 q:28.67 aq:17.72 tex:11948 mv:1029 misc:1031 imb:21 pmb:372 smb:527 d:- ref:0 ;
in:1276 out:1276 type:B dur:2 cpbdur:2 q:28.71 aq:24.08 tex:114 mv:31 misc:191 imb:1 pmb:7 smb:912 d:- ref:0 ;
in:1275 out:1277 type:b dur:2 cpbdur:2 q:28.74 aq:25.00 tex:0 mv:0 misc:120 imb:0 pmb:0 smb:920 d:- ref:0 ;
in:1277 out:1278 type:b dur:2 cpbdur:2 q:28.69 aq:24.60 tex:19 mv:4 misc:129 imb:0 pmb:1 smb:919 d:- ref:0 ;
in:1282 out:1279 type:P dur:2 cpbdur:2 q:28.64 aq:17.57 tex:4234 mv:332 misc:794 imb:7 pmb:169 smb:744 d:- ref:0 ;
in:1280 out:1280 type:B dur:2 cpbdur:2 q:28.66 aq:20.98 tex:94 mv:17 misc:193 imb:0 pmb:7 smb:913 d:- ref:0 ;
in:1279 out:1281 type:b dur:2 cpbdur:2 q:28.66 aq:24.60 tex:19 mv:4 misc:129 imb:0 pmb:1 smb:919 d:- ref:0 ;
in:1281 out:1282 type:b dur:2 cpbdur:2 q:28.65 aq:24.60 tex:19 mv:4 misc:129 imb:0 pmb:1 smb:919 d:- ref:0 ;
in:1286 out:1283 type:P dur:2 cpbdur:2 q:28.55 aq:17.59 tex:4321 mv:163 misc:660 imb:2 pmb:114 smb:804 d:- ref:0 ;
in:1284 out:1284 type:B dur:2 cpbdur:2 q:28.60 aq:23.56 tex:105 mv:14 misc:177 imb:0 pmb:5 smb:915 d:- ref:0 ;
in:1283 out:1285 type:b dur:2 cpbdur:2 q:28.62 aq:24.60 tex:19 mv:4 misc:129 imb:0 pmb:1 smb:919 d:- ref:0 ;
in:1285 out:1286 type:b dur:2 cpbdur:2 q:28.57 aq:24.60 tex:19 mv:4 misc:129 imb:0 pmb:1 smb:919 d:- ref:0 ;
in:1290 out:1287 type:P dur:2 cpbdur:2 q:28.44 aq:17.92 tex:14420 mv:1496 misc:1004 imb:49 pmb:500 smb:371 d:- ref:0 ;
in:1288 out:1288 type:B dur:2 cpbdur:2 q:28.49 aq:21.50 tex:206 mv:79 misc:307 imb:0 pmb:32 smb:888 d:- ref:0 ;
in:1287 out:1289 type:b dur:2 cpbdur:2 q:28.52 aq:24.60 tex:19 mv:4 misc:129 imb:0 pmb:1 smb:919 d:- ref:0 ;
in:1289 out:1290 type:b dur:2 cpbdur:2 q:28.47 aq:21.88 tex:305 mv:112 misc:335 imb:0 pmb:46 smb:874 d:- ref:0 ;
in:1294 out:1291 type:P dur:2 cpbdur:2 q:28.30 aq:17.72 tex:8679 mv:558 misc:1003 imb:10 pmb:348 smb:562 d:- ref:0 ;
in:1292 out:1292 type:B dur:2 cpbdur:2 q:28.37 aq:21.02 tex:315 mv:47 misc:310 imb:0 pmb:28 smb:892 d:- ref:0 ;
in:1291 out:1293 type:b dur:2 cpbdur:2 q:28.41 aq:25.00 tex:9 mv:5 misc:130 imb:0 pmb:1 smb:919 d:- ref:0 ;
in:1293 out:1294 type:b dur:2 cpbdur:2 q:28.34 aq:25.00 tex:9 mv:5 misc:130 imb:0 pmb:1 smb:919 d:- ref:0 ;
in:1298 out:1295 type:P dur:2 cpbdur:2 q:28.22 aq:17.53 tex:5967 mv:268 misc:853 imb:3 pmb:207 smb:710 d:- ref:0 ;
in:1296 out:1296 type:B dur:2 cpbdur:2 q:28.26 aq:20.58 tex:203 mv:27 misc:250 imb:0 pmb:17 smb:903 d:- ref:0 ;
in:1295 out:1297 type:b dur:2 cpbdur:2 q:28.28 aq:24.98 tex:15 mv:4 misc:125 imb:0 pmb:1 smb:919 d:- ref:0 ;
in:1297 out:1298 type:b dur:2 cpbdur:2 q:28.24 aq:24.00 tex:0 mv:0 misc:120 imb:0 pmb:0 smb:920 d:- ref:0 ;
in:1302 out:1299 type:P dur:2 cpbdur:2 q:28.14 aq:17.84 tex:6635 mv:427 misc:946 imb:5 pmb:268 smb:647 d:- ref:0 ;
in:1300 out:1300 type:B dur:2 cpbdur:2 q:28.18 aq:21.54 tex:140 mv:24 misc:236 imb:0 pmb:13 smb:907 d:- ref:0 ;
in:1299 out:1301 type:b dur:2 cpbdur:2 q:28.20 aq:24.00 tex:0 mv:0 misc:120 imb:0 pmb:0 smb:920 d:- ref:0 ;
in:1301 out:1302 type:b dur:2 cpbdur:2 q:28.16 aq:24.00 tex:10 mv:4 misc:130 imb:0 pmb:1 smb:919 d:- ref:0 ;
in:1306 out:1303 type:P dur:2 cpbdur:2 q:28.06 aq:17.06 tex:11724 mv:830 misc:998 imb:14 pmb:400 smb:506 d:- ref:0 ;
in:1304 out:1304 type:B dur:2 cpbdur:2 q:28.10 aq:20.84 tex:76 mv:15 misc:181 imb:0 pmb:5 smb:915 d:- ref:0 ;
in:1303 out:1305 type:b dur:2 cpbdur:2 q:28.12 aq:20.26 tex:40 mv:11 misc:149 imb:0 pmb:3 smb:917 d:- ref:0 ;
in:1305 out:1306 type:b dur:2 cpbdur:2 q:28.08 aq:23.80 tex:20 mv:4 misc:128 imb:0 pmb:1 smb:919 d:- ref:0 ;
in:1310 out:1307 type:P dur:2 cpbdur:2 q:27.99 aq:17.04 tex:4280 mv:278 misc:730 imb:2 pmb:146 smb:772 d:- ref:0 ;
in:1308 out:1308 type:B dur:2 cpbdur:2 q:28.03 aq:20.91 tex:103 mv:17 misc:200 imb:0 pmb:8 smb:912 d:- ref:0 ;
in:1307 out:1309 type:b dur:2 cpbdur:2 q:28.05 aq:22.26 tex:15 mv:4 misc:133 imb:0 pmb:1 smb:919 d:- ref:0 ;
in:1309 out:1310 type:b dur:2 cpbdur:2 q:28.01 aq:24.00 tex:0 mv:0 misc:120 imb:0 pmb:0 smb:920 d:- ref:0 ;
in:1314 out:1311 type:P dur:2 cpbdur:2 q:27.90 aq:17.18 tex:3557 mv:204 misc:695 imb:4 pmb:126 smb:790 d:- ref:0 ;
in:1312 out:1312 type:B dur:2 cpbdur:2 q:27.95 aq:21.58 tex:111 mv:19 misc:206 imb:0 pmb:9 smb:911 d:- ref:0 ;
in:1311 out:1313 type:b dur:2 cpbdur:2 q:27.97 aq:24.00 tex:0 mv:0 misc:120 imb:0 pmb:0 smb:920 d:- ref:0 ;
in:1313 out:1314 type:b dur:2 cpbdur:2 q:27.92 aq:24.00 tex:0 mv:0 misc:120 imb:0 pmb:0 smb:920 d:- ref:0 ;
in:1317 out:1315 type:P dur:2 cpbdur:2 q:27.79 aq:16.96 tex:6721 mv:501 misc:858 imb:13 pmb:202 smb:705 d:- ref:0 ;
in:1315 out:1316 type:B dur:2 cpbdur:2 q:27.86 aq:19.78 tex:92 mv:57 misc:219 imb:0 pmb:19 smb:901 d:- ref:0 ;
in:1316 out:1317 type:b dur:2 cpbdur:2 q:27.83 aq:24.00 tex:10 mv:7 misc:135 imb:0 pmb:2 smb:918 d:- ref:0 ;
in:1321 out:1318 type:P dur:2 cpbdur:2 q:27.72 aq:18.26 tex:4113 mv:200 misc:719 imb:3 pmb:136 smb:781 d:- ref:0 ;
in:1319 out:1319 type:B dur:2 cpbdur:2 q:27.75 aq:21.10 tex:128 mv:32 misc:224 imb:0 pmb:11 smb:909 d:- ref:0 ;
in:1318 out:1320 type:b dur:2 cpbdur:2 q:27.77 aq:22.96 tex:46 mv:7 misc:139 imb:0 pmb:2 smb:918 d:- ref:0 ;
in:1320 out:1321 type:b dur:2 cpbdur:2 q:27.73 aq:22.11 tex:38 mv:10 misc:144 imb:0 pmb:3 smb:917 d:- ref:0 ;
in:1325 out:1322 type:P dur:2 cpbdur:2 q:27.62 aq:17.65 tex:7803 mv:780 misc:969 imb:6 pmb:299 smb:615 d:- ref:0 ;
in:1323 out:1323 type:B dur:2 cpbdur:2 q:27.67 aq:20.64 tex:110 mv:31 misc:227 imb:0 pmb:12 smb:908 d:- ref:0 ;
in:1322 out:1324 type:b dur:2 cpbdur:2 q:27.69 aq:22.13 tex:39 mv:13 misc:156 imb:0 pmb:4 smb:916 d:- ref:0 ;
in:1324 out:1325 type:b dur:2 cpbdur:2 q:27.64 aq:22.13 tex:16 mv:4 misc:132 imb:0 pmb:1 smb:919 d:- ref:0 ;
in:1329 out:1326 type:P dur:2 cpbdur:2 q:27.55 aq:17.61 tex:5481 mv:444 misc:843 imb:7 pmb:192 smb:721 d:- ref:0 ;
in:1327 out:1327 type:B dur:2 cpbdur:2 q:27.58 aq:20.18 tex:144 mv:24 misc:224 imb:0 pmb:12 smb:908 d:- ref:0 ;
in:1326 out:1328 type:b dur:2 cpbdur:2 q:27.60 aq:24.00 tex:0 mv:0 misc:120 imb:0 pmb:0 smb:920 d:- ref:0 ;
in:1328 out:1329 type:b dur:2 cpbdur:2 q:27.56 aq:24.00 tex:0 mv:0 misc:120 imb:0 pmb:0 smb:920 d:- ref:0 ;
in:1333 out:1330 type:P dur:2 cpbdur:2 q:27.46 aq:17.60 tex:3868 mv:262 misc:726 imb:4 pmb:142 smb:774 d:- ref:0 ;
in:1331 out:1331 type:B dur:2 cpbdur:2 q:27.50 aq:19.79 tex:138 mv:34 misc:244 imb:0 pmb:16 smb:904 d:- ref:0 ;
in:1330 out:1332 type:b dur:2 cpbdur:2 q:27.52 aq:23.30 tex:16 mv:4 misc:132 imb:0 pmb:1 smb:919 d:- ref:0 ;
in:1332 out:1333 type:b dur:2 cpbdur:2 q:27.48 aq:24.00 tex:0 mv:0 misc:120 imb:0 pmb:0 smb:920 d:- ref:0 ;
in:1337 out:1334 type:P dur:2 cpbdur:2 q:27.37 aq:17.26 tex:10101 mv:753 misc:1002 imb:14 pmb:334 smb:572 d:- ref:0 ;
in:1335 out:1335 type:B dur:2 cpbdur:2 q:27.41 aq:19.29 tex:176 mv:46 misc:250 imb:0 pmb:18 smb:902 d:- ref:0 ;
in:1334 out:1336 type:b dur:2 cpbdur:2 q:27.44 aq:21.19 tex:55 mv:10 misc:143 imb:0 pmb:3 smb:917 d:- ref:0 ;
in:1336 out:1337 type:b dur:2 cpbdur:2 q:27.39 aq:22.78 tex:16 mv:4 misc:132 imb:0 pmb:1 smb:919 d:- ref:0 ;
in:1341 out:1338 type:P dur:2 cpbdur:2 q:27.28 aq:17.09 tex:3095 mv:211 misc:638 imb:1 pmb:115 smb:804 d:- ref:0 ;
in:1339 out:1339 type:B dur:2 cpbdur:2 q:27.33 aq:17.97 tex:161 mv:22 misc:225 imb:0 pmb:12 smb:908 d:- ref:0 ;
in:1338 out:1340 type:b dur:2 cpbdur:2 q:27.35 aq:24.00 tex:0 mv:0 misc:120 imb:0 pmb:0 smb:920 d:- ref:0 ;
in:1340 out:1341 type:b dur:2 cpbdur:2 q:27.30 aq:21.50 tex:22 mv:4 misc:126 imb:0 pmb:1 smb:919 d:- ref:0 ;
in:1342 out:1342 type:P dur:2 cpbdur:2 q:27.18 aq:16.84 tex:32054 mv:2922 misc:656 imb:112 pmb:667 smb:141 d:- ref:0 ;
in:1344 out:1343 type:P dur:2 cpbdur:2 q:27.17 aq:16.42 tex:11689 mv:1027 misc:1028 imb:26 pmb:423 smb:471 d:- ref:0 ;
in:1343 out:1344 type:b dur:2 cpbdur:2 q:27.17 aq:19.14 tex:41 mv:11 misc:148 imb:0 pmb:3 smb:917 d:- ref:0 ;
in:1346 out:1345 type:P dur:2 cpbdur:2 q:27.13 aq:16.48 tex:9071 mv:593 misc:968 imb:7 pmb:312 smb:601 d:- ref:0 ;
in:1345 out:1346 type:b dur:2 cpbdur:2 q:27.15 aq:21.60 tex:25 mv:7 misc:136 imb:0 pmb:2 smb:918 d:- ref:0 ;
in:1350 out:1347 type:P dur:2 cpbdur:2 q:27.08 aq:16.35 tex:7762 mv:291 misc:915 imb:0 pmb:278 smb:642 d:- ref:0 ;
in:1348 out:1348 type:B dur:2 cpbdur:2 q:27.10 aq:19.87 tex:168 mv:37 misc:251 imb:0 pmb:17 smb:903 d:- ref:0 ;
in:1347 out:1349 type:b dur:2 cpbdur:2 q:27.11 aq:21.73 tex:68 mv:13 misc:151 imb:0 pmb:4 smb:916 d:- ref:0 ;
in:1349 out:1350 type:b dur:2 cpbdur:2 q:27.09 aq:18.63 tex:49 mv:14 misc:153 imb:0 pmb:4 smb:916 d:- ref:0 ;
in:1354 out:1351 type:P dur:2 cpbdur:2 q:26.98 aq:15.89 tex:5898 mv:291 misc:795 imb:2 pmb:186 smb:732 d:- ref:0 ;
in:1352 out:1352 type:B dur:2 cpbdur:2 q:27.03 aq:19.38 tex:157 mv:23 misc:228 imb:0 pmb:12 smb:908 d:- ref:0 ;
in:1351 out:1353 type:b dur:2 cpbdur:2 q:27.05 aq:18.88 tex:37 mv:8 misc:139 imb:0 pmb:2 smb:918 d:- ref:0 ;
in:1353 out:1354 type:b dur:2 cpbdur:2 q:27.00 aq:18.75 tex:45 mv:10 misc:137 imb:0 pmb:3 smb:917 d:- ref:0 ;
in:1358 out:1355 type:P dur:2 cpbdur:2 q:26.93 aq:16.90 tex:3173 mv:124 misc:695 imb:1 pmb:136 smb:783 d:- ref:0 ;
in:1356 out:1356 type:B dur:2 cpbdur:2 q:26.95 aq:20.29 tex:175 mv:28 misc:245 imb:0 pmb:17 smb:903 d:- ref:0 ;
in:1355 out:1357 type:b dur:2 cpbdur:2 q:26.96 aq:18.75 tex:37 mv:7 misc:140 imb:0 pmb:2 smb:918 d:- ref:0 ;
in:1357 out:1358 type:b dur:2 cpbdur:2 q:26.94 aq:18.75 tex:37 mv:7 misc:140 imb:0 pmb:2 smb:918 d:- ref:0 ;
in:1362 out:1359 type:P dur:2 cpbdur:2 q:26.85 aq:16.04 tex:8692 mv:368 misc:940 imb:4 pmb:289 smb:627 d:- ref:0 ;
in:1360 out:1360 type:B dur:2 cpbdur:2 q:26.89 aq:20.19 tex:179 mv:42 misc:259 imb:0 pmb:18 smb:902 d:- ref:0 ;
in:1359 out:1361 type:b dur:2 cpbdur:2 q:26.91 aq:21.39 tex:32 mv:10 misc:150 imb:0 pmb:3 smb:917 d:- ref:0 ;
in:1361 out:1362 type:b dur:2 cpbdur:2 q:26.87 aq:21.39 tex:39 mv:12 misc:157 imb:0 pmb:4 smb:916 d:- ref:0 ;
in:1366 out:1363 type:P dur:2 cpbdur:2 q:26.77 aq:16.07 tex:13202 mv:845 misc:1001 imb:10 pmb:428 smb:482 d:- ref:0 ;
in:1364 out:1364 type:B dur:2 cpbdur:2 q:26.81 aq:19.58 tex:158 mv:61 misc:269 imb:0 pmb:20 smb:900 d:- ref:0 ;
in:1363 out:1365 type:b dur:2 cpbdur:2 q:26.83 aq:21.41 tex:62 mv:12 misc:150 imb:0 pmb:4 smb:916 d:- ref:0 ;
in:1365 out:1366 type:b dur:2 cpbdur:2 q:26.79 aq:19.04 tex:21 mv:4 misc:127 imb:0 pmb:1 smb:919 d:- ref:0 ;
in:1370 out:1367 type:P dur:2 cpbdur:2 q:26.70 aq:16.08 tex:7971 mv:576 misc:845 imb:36 pmb:212 smb:672 d:- ref:0 ;
in:1368 out:1368 type:B dur:2 cpbdur:2 q:26.74 aq:17.36 tex:91 mv:50 misc:219 imb:0 pmb:18 smb:902 d:- ref:0 ;
in:1367 out:1369 type:b dur:2 cpbdur:2 q:26.75 aq:20.97 tex:82 mv:187 misc:171 imb:20 pmb:7 smb:893 d:- ref:0 ;
in:1369 out:1370 type:b dur:2 cpbdur:2 q:26.72 aq:19.04 tex:29 mv:7 misc:140 imb:0 pmb:2 smb:918 d:- ref:0 ;
in:1374 out:1371 type:P dur:2 cpbdur:2 q:26.61 aq:15.92 tex:6339 mv:297 misc:764 imb:4 pmb:166 smb:750 d:- ref:0 ;
in:1372 out:1372 type:B dur:2 cpbdur:2 q:26.65 aq:20.61 tex:42 mv:11 misc:163 imb:0 pmb:3 smb:917 d:- ref:0 ;
in:1371 out:1373 type:b dur:2 cpbdur:2 q:26.68 aq:20.49 tex:22 mv:4 misc:126 imb:0 pmb:1 smb:919 d:- ref:0 ;
in:1373 out:1374 type:b dur:2 cpbdur:2 q:26.63 aq:19.99 tex:23 mv:8 misc:137 imb:0 pmb:2 smb:918 d:- ref:0 ;
in:1378 out:1375 type:P dur:2 cpbdur:2 q:26.49 aq:15.81 tex:10465 mv:568 misc:983 imb:5 pmb:313 smb:602 d:- ref:0 ;
in:1376 out:1376 type:B dur:2 cpbdur:2 q:26.55 aq:18.51 tex:59 mv:15 misc:182 imb:0 pmb:5 smb:915 d:- ref:0 ;
in:1375 out:1377 type:b dur:2 cpbdur:2 q:26.58 aq:22.59 tex:22 mv:4 misc:126 imb:0 pmb:1 smb:919 d:- ref:0 ;
in:1377 out:1378 type:b dur:2 cpbdur:2 q:26.52 aq:22.77 tex:28 mv:7 misc:141 imb:0 pmb:2 smb:918 d:- ref:0 ;
in:1382 out:1379 type:P dur:2 cpbdur:2 q:26.41 aq:15.81 tex:4681 mv:299 misc:796 imb:2 pmb:186 smb:732 d:- ref:0 ;
in:1380 out:1380 type:B dur:2 cpbdur:2 q:26.45 aq:21.41 tex:79 mv:18 misc:191 imb:0 pmb:6 smb:914 d:- ref:0 ;
in:1379 out:1381 type:b dur:2 cpbdur:2 q:26.47 aq:22.77 tex:19 mv:4 misc:129 imb:0 pmb:1 smb:919 d:- ref:0 ;
in:1381 out:1382 type:b dur:2 cpbdur:2 q:26.43 aq:23.00 tex:0 mv:0 misc:120 imb:0 pmb:0 smb:920 d:- ref:0 ;
in:1386 out:1383 type:P dur:2 cpbdur:2 q:26.31 aq:15.38 tex:3407 mv:145 misc:624 imb:2 pmb:101 smb:817 d:- ref:0 ;
in:1384 out:1384 type:B dur:2 cpbdur:2 q:26.36 aq:20.14 tex:153 mv:20 misc:203 imb:0 pmb:10 smb:910 d:- ref:0 ;
in:1383 out:1385 type:b dur:2 cpbdur:2 q:26.38 aq:23.00 tex:0 mv:0 misc:120 imb:0 pmb:0 smb:920 d:- ref:0 ;
in:1385 out:1386 type:b dur:2 cpbdur:2 q:26.34 aq:23.00 tex:0 mv:0 misc:120 imb:0 pmb:0 smb:920 d:- ref:0 ;
in:1390 out:1387 type:P dur:2 cpbdur:2 q:26.23 aq:15.76 tex:2647 mv:105 misc:472 imb:2 pmb:63 smb:855 d:- ref:0 ;
in:1388 out:1388 type:B dur:2 cpbdur:2 q:26.27 aq:20.12 tex:93 mv:17 misc:194 imb:0 pmb:8 smb:912 d:- ref:0 ;
in:1387 out:1389 type:b dur:2 cpbdur:2 q:26.29 aq:22.43 tex:19 mv:4 misc:129 imb:0 pmb:1 smb:919 d:- ref:0 ;
in:1389 out:1390 type:b dur:2 cpbdur:2 q:26.25 aq:22.43 tex:19 mv:4 misc:129 imb:0 pmb:1 smb:919 d:- ref:0 ;
in:1394 out:1391 type:P dur:2 cpbdur:2 q:26.12 aq:16.33 tex:10158 mv:576 misc:962 imb:9 pmb:306 smb:605 d:- ref:0 ;
in:1392 out:1392 type:B dur:2 cpbdur:2 q:26.17 aq:19.79 tex:263 mv:37 misc:244 imb:0 pmb:16 smb:904 d:- ref:0 ;
in:1391 out:1393 type:b dur:2 cpbdur:2 q:26.20 aq:27.99 tex:68 mv:7 misc:141 imb:0 pmb:2 smb:918 d:- ref:0 ;
in:1393 out:1394 type:b dur:2 cpbdur:2 q:26.15 aq:22.62 tex:49 mv:23 misc:152 imb:0 pmb:5 smb:915 d:- ref:0 ;
in:1396 out:1395 type:P dur:2 cpbdur:2 q:26.03 aq:16.33 tex:3072 mv:302 misc:770 imb:4 pmb:141 smb:775 d:- ref:0 ;
in:1395 out:1396 type:b dur:2 cpbdur:2 q:26.08 aq:22.43 tex:19 mv:4 misc:129 imb:0 pmb:1 smb:919 d:- ref:0 ;
in:1400 out:1397 type:P dur:2 cpbdur:2 q:25.98 aq:15.38 tex:9836 mv:960 misc:948 imb:7 pmb:339 smb:574 d:- ref:0 ;
in:1398 out:1398 type:B dur:2 cpbdur:2 q:26.01 aq:19.93 tex:95 mv:24 misc:217 imb:0 pmb:10 smb:910 d:- ref:0 ;
in:1397 out:1399 type:b dur:2 cpbdur:2 q:26.02 aq:21.04 tex:24 mv:7 misc:137 imb:0 pmb:2 smb:918 d:- ref:0 ;
in:1399 out:1400 type:b dur:2 cpbdur:2 q:25.99 aq:22.00 tex:0 mv:0 misc:120 imb:0 pmb:0 smb:920 d:- ref:0 ;
in:1404 out:1401 type:P dur:2 cpbdur:2 q:25.90 aq:14.85 tex:5175 mv:412 misc:829 imb:5 pmb:209 smb:706 d:- ref:0 ;
in:1402 out:1402 type:B dur:2 cpbdur:2 q:25.94 aq:19.17 tex:110 mv:30 misc:228 imb:0 pmb:12 smb:908 d:- ref:0 ;
in:1401 out:1403 type:b dur:2 cpbdur:2 q:25.96 aq:22.00 tex:17 mv:7 misc:136 imb:0 pmb:2 smb:918 d:- ref:0 ;
in:1403 out:1404 type:b dur:2 cpbdur:2 q:25.92 aq:22.00 tex:9 mv:4 misc:131 imb:0 pmb:1 smb:919 d:- ref:0 ;
in:1408 out:1405 type:P dur:2 cpbdur:2 q:25.79 aq:14.98 tex:1916 mv:259 misc:585 imb:2 pmb:93 smb:825 d:- ref:0 ;
in:1406 out:1406 type:B dur:2 cpbdur:2 q:25.85 aq:20.00 tex:27 mv:13 misc:168 imb:0 pmb:4 smb:916 d:- ref:0 ;
in:1405 out:1407 type:b dur:2 cpbdur:2 q:25.87 aq:22.00 tex:0 mv:0 misc:120 imb:0 pmb:0 smb:920 d:- ref:0 ;
in:1407 out:1408 type:b dur:2 cpbdur:2 q:25.82 aq:22.00 tex:9 mv:4 misc:131 imb:0 pmb:1 smb:919 d:- ref:0 ;
in:1412 out:1409 type:P dur:2 cpbdur:2 q:25.68 aq:16.13 tex:1863 mv:110 misc:419 imb:2 pmb:46 smb:872 d:- ref:0 ;
in:1410 out:1410 type:B dur:2 cpbdur:2 q:25.74 aq:19.73 tex:255 mv:32 misc:217 imb:0 pmb:10 smb:910 d:- ref:0 ;
in:1409 out:1411 type:b dur:2 cpbdur:2 q:25.77 aq:19.13 tex:19 mv:4 misc:129 imb:0 pmb:1 smb:919 d:- ref:0 ;
in:1411 out:1412 type:b dur:2 cpbdur:2 q:25.71 aq:28.74 tex:57 mv:7 misc:136 imb:0 pmb:2 smb:918 d:- ref:0 ;
in:1416 out:1413 type:P dur:2 cpbdur:2 q:25.57 aq:17.57 tex:1130 mv:79 misc:351 imb:1 pmb:35 smb:884 d:- ref:0 ;
in:1414 out:1414 type:B dur:2 cpbdur:2 q:25.63 aq:19.59 tex:155 mv:23 misc:198 imb:0 pmb:8 smb:912 d:- ref:0 ;
in:1413 out:1415 type:b dur:2 cpbdur:2 q:25.65 aq:22.00 tex:9 mv:4 misc:131 imb:0 pmb:1 smb:919 d:- ref:0 ;
in:1415 out:1416 type:b dur:2 cpbdur:2 q:25.60 aq:22.00 tex:0 mv:0 misc:120 imb:0 pmb:0 smb:920 d:- ref:0 ;
in:1418 out:1417 type:P dur:2 cpbdur:2 q:25.46 aq:17.66 tex:687 mv:78 misc:363 imb:1 pmb:31 smb:888 d:- ref:0 ;
in:1417 out:1418 type:b dur:2 cpbdur:2 q:25.52 aq:22.00 tex:0 mv:0 misc:120 imb:0 pmb:0 smb:920 d:- ref:0 ;
in:1420 out:1419 type:P dur:2 cpbdur:2 q:25.40 aq:17.07 tex:6759 mv:1045 misc:940 imb:47 pmb:296 smb:577 d:- ref:0 ;
in:1419 out:1420 type:b dur:2 cpbdur:2 q:25.43 aq:21.66 tex:740 mv:183 misc:549 imb:0 pmb:99 smb:821 d:- ref:0 ;
in:1424 out:1421 type:P dur:2 cpbdur:2 q:25.36 aq:17.76 tex:2072 mv:300 misc:612 imb:6 pmb:106 smb:808 d:- ref:0 ;
in:1422 out:1422 type:B dur:2 cpbdur:2 q:25.38 aq:17.69 tex:560 mv:74 misc:422 imb:0 pmb:60 smb:860 d:- ref:0 ;
in:1421 out:1423 type:b dur:2 cpbdur:2 q:25.39 aq:20.09 tex:151 mv:36 misc:245 imb:0 pmb:19 smb:901 d:- ref:0 ;
in:1423 out:1424 type:b dur:2 cpbdur:2 q:25.37 aq:18.95 tex:119 mv:27 misc:230 imb:0 pmb:15 smb:905 d:- ref:0 ;
in:1426 out:1425 type:P dur:2 cpbdur:2 q:25.26 aq:21.62 tex:139 mv:28 misc:249 imb:0 pmb:11 smb:909 d:- ref:0 ;
in:1425 out:1426 type:b dur:2 cpbdur:2 q:25.31 aq:18.95 tex:115 mv:27 misc:218 imb:0 pmb:14 smb:906 d:- ref:0 ;
in:1427 out:1427 type:I dur:2 cpbdur:2 q:22.86 aq:17.38 tex:117937 mv:26305 misc:102 imb:920 pmb:0 smb:0 d:- ref:;
in:1431 out:1428 type:P dur:2 cpbdur:2 q:25.31 aq:21.40 tex:5509 mv:2077 misc:838 imb:28 pmb:245 smb:647 d:- ref:0 ;
in:1429 out:1429 type:B dur:2 cpbdur:2 q:25.31 aq:20.53 tex:5299 mv:1371 misc:890 imb:3 pmb:273 smb:644 d:- ref:0 ;
in:1428 out:1430 type:b dur:2 cpbdur:2 q:25.31 aq:20.72 tex:66 mv:84 misc:226 imb:0 pmb:16 smb:904 d:- ref:0 ;
in:1430 out:1431 type:b dur:2 cpbdur:2 q:25.31 aq:24.90 tex:1996 mv:852 misc:552 imb:1 pmb:116 smb:803 d:- ref:0 ;
in:1432 out:1432 type:i dur:2 cpbdur:2 q:22.78 aq:16.99 tex:206189 mv:31892 misc:119 imb:920 pmb:0 smb:0 d:- ref:;
in:1436 out:1433 type:P dur:2 cpbdur:2 q:25.47 aq:20.10 tex:72662 mv:6312 misc:578 imb:106 pmb:685 smb:129 d:- ref:0 ;
in:1434 out:1434 type:B dur:2 cpbdur:2 q:25.47 aq:26.47 tex:10379 mv:4074 misc:851 imb:21 pmb:375 smb:524 d:- ref:0 ;
in:1433 out:1435 type:b dur:2 cpbdur:2 q:25.47 aq:20.00 tex:22 mv:90 misc:296 imb:0 pmb:61 smb:859 d:- ref:0 ;
in:1435 out:1436 type:b dur:2 cpbdur:2 q:25.47 aq:26.95 tex:8584 mv:3690 misc:750 imb:12 pmb:308 smb:600 d:- ref:0 ;
in:1440 out:1437 type:P dur:2 cpbdur:2 q:25.46 aq:20.15 tex:70034 mv:6647 misc:535 imb:110 pmb:713 smb:97 d:- ref:0 ;
in:1438 out:1438 type:B dur:2 cpbdur:2 q:25.46 aq:25.18 tex:10478 mv:3737 misc:793 imb:15 pmb:312 smb:593 d:- ref:0 ;
in:1437 out:1439 type:b dur:2 cpbdur:2 q:25.46 aq:20.84 tex:145 mv:337 misc:518 imb:0 pmb:128 smb:792 d:- ref:0 ;
in:1439 out:1440 type:b dur:2 cpbdur:2 q:25.46 aq:26.80 tex:6536 mv:2548 misc:668 imb:8 pmb:236 smb:676 d:- ref:0 ;
in:1444 out:1441 type:P dur:2 cpbdur:2 q:25.53 aq:20.32 tex:71077 mv:6754 misc:497 imb:104 pmb:723 smb:93 d:- ref:0 ;
in:1442 out:1442 type:B dur:2 cpbdur:2 q:25.50 aq:24.10 tex:11727 mv:3872 misc:793 imb:5 pmb:334 smb:581 d:- ref:0 ;
in:1441 out:1443 type:b dur:2 cpbdur:2 q:25.48 aq:27.35 tex:4967 mv:2318 misc:699 imb:4 pmb:211 smb:705 d:- ref:0 ;
in:1443 out:1444 type:b dur:2 cpbdur:2 q:25.51 aq:26.49 tex:3851 mv:1974 misc:655 imb:3 pmb:192 smb:725 d:- ref:0 ;
in:1448 out:1445 type:P dur:2 cpbdur:2 q:25.70 aq:21.06 tex:64888 mv:6941 misc:523 imb:107 pmb:708 smb:105 d:- ref:0 ;
in:1446 out:1446 type:B dur:2 cpbdur:2 q:25.61 aq:24.83 tex:11364 mv:4556 misc:808 imb:14 pmb:377 smb:529 d:- ref:0 ;
in:1445 out:1447 type:b dur:2 cpbdur:2 q:25.57 aq:26.28 tex:3753 mv:1828 misc:643 imb:2 pmb:186 smb:732 d:- ref:0 ;
in:1447 out:1448 type:b dur:2 cpbdur:2 q:25.66 aq:26.42 tex:3553 mv:2298 misc:693 imb:7 pmb:215 smb:698 d:- ref:0 ;
in:1452 out:1449 type:P dur:2 cpbdur:2 q:25.77 aq:20.61 tex:72503 mv:7143 misc:418 imb:139 pmb:727 smb:54 d:- ref:0 ;
in:1450 out:1450 type:B dur:2 cpbdur:2 q:25.73 aq:24.42 tex:14832 mv:4690 misc:798 imb:26 pmb:408 smb:486 d:- ref:0 ;
in:1449 out:1451 type:b dur:2 cpbdur:2 q:25.72 aq:20.18 tex:222 mv:282 misc:432 imb:2 pmb:93 smb:825 d:- ref:0 ;
in:1451 out:1452 type:b dur:2 cpbdur:2 q:25.75 aq:27.79 tex:5478 mv:2960 misc:738 imb:13 pmb:279 smb:628 d:- ref:0 ;
in:1456 out:1453 type:P dur:2 cpbdur:2 q:25.87 aq:21.63 tex:58342 mv:6558 misc:588 imb:113 pmb:658 smb:149 d:- ref:0 ;
in:1454 out:1454 type:B dur:2 cpbdur:2 q:25.82 aq:23.21 tex:16542 mv:4495 misc:819 imb:23 pmb:425 smb:472 d:- ref:0 ;
in:1453 out:1455 type:b dur:2 cpbdur:2 q:25.79 aq:20.13 tex:135 mv:272 misc:465 imb:0 pmb:117 smb:803 d:- ref:0 ;
in:1455 out:1456 type:b dur:2 cpbdur:2 q:25.84 aq:26.19 tex:7030 mv:2916 misc:726 imb:14 pmb:259 smb:647 d:- ref:0 ;
in:1460 out:1457 type:P dur:2 cpbdur:2 q:25.93 aq:23.64 tex:36458 mv:5257 misc:813 imb:80 pmb:559 smb:281 d:- ref:0 ;
in:1458 out:1458 type:B dur:2 cpbdur:2 q:25.90 aq:23.95 tex:16263 mv:4650 misc:863 imb:24 pmb:421 smb:475 d:- ref:0 ;
in:1457 out:1459 type:b dur:2 cpbdur:2 q:25.88 aq:22.26 tex:182 mv:348 misc:590 imb:0 pmb:164 smb:756 d:- ref:0 ;
in:1459 out:1460 type:b dur:2 cpbdur:2 q:25.92 aq:27.86 tex:5335 mv:2533 misc:620 imb:15 pmb:203 smb:702 d:- ref:0 ;
in:1462 out:1461 type:P dur:2 cpbdur:2 q:25.98 aq:26.51 tex:18677 mv:3731 misc:832 imb:41 pmb:431 smb:448 d:- ref:0 ;
in:1461 out:1462 type:b dur:2 cpbdur:2 q:25.96 aq:25.67 tex:1216 mv:591 misc:625 imb:2 pmb:153 smb:765 d:- ref:0 ;
in:1463 out:1463 type:I dur:2 cpbdur:2 q:22.82 aq:17.84 tex:137334 mv:32118 misc:116 imb:920 pmb:0 smb:0 d:- ref:;
in:1467 out:1464 type:P dur:2 cpbdur:2 q:26.25 aq:23.23 tex:14312 mv:5503 misc:849 imb:113 pmb:515 smb:292 d:- ref:0 ;
in:1465 out:1465 type:B dur:2 cpbdur:2 q:26.25 aq:23.31 tex:4031 mv:3456 misc:897 imb:14 pmb:305 smb:601 d:- ref:0 ;
in:1464 out:1466 type:b dur:2 cpbdur:2 q:26.25 aq:22.38 tex:959 mv:1731 misc:654 imb:9 pmb:146 smb:765 d:- ref:0 ;
in:1466 out:1467 type:b dur:2 cpbdur:2 q:26.25 aq:26.32 tex:1630 mv:1894 misc:780 imb:5 pmb:188 smb:727 d:- ref:0 ;
in:1471 out:1468 type:P dur:2 cpbdur:2 q:26.23 aq:21.71 tex:77850 mv:6408 misc:174 imb:888 pmb:32 smb:0 d:- ref:0 ;
in:1469 out:1469 type:B dur:2 cpbdur:2 q:26.24 aq:22.49 tex:4229 mv:1601 misc:914 imb:13 pmb:270 smb:637 d:- ref:0 ;
in:1468 out:1470 type:b dur:2 cpbdur:2 q:26.25 aq:26.16 tex:3716 mv:1841 misc:827 imb:9 pmb:265 smb:646 d:- ref:0 ;
in:1470 out:1471 type:b dur:2 cpbdur:2 q:26.24 aq:22.85 tex:1202 mv:979 misc:683 imb:3 pmb:138 smb:779 d:- ref:0 ;
in:1473 out:1472 type:P dur:2 cpbdur:2 q:26.28 aq:23.62 tex:2411 mv:1808 misc:821 imb:19 pmb:250 smb:651 d:- ref:0 ;
in:1472 out:1473 type:b dur:2 cpbdur:2 q:26.25 aq:24.27 tex:1751 mv:871 misc:706 imb:0 pmb:153 smb:767 d:- ref:0 ;
in:1474 out:1474 type:i dur:2 cpbdur:2 q:23.03 aq:18.17 tex:132004 mv:26164 misc:128 imb:920 pmb:0 smb:0 d:- ref:;
in:1478 out:1475 type:P dur:2 cpbdur:2 q:26.35 aq:22.54 tex:20039 mv:4960 misc:873 imb:146 pmb:422 smb:352 d:- ref:0 ;
in:1476 out:1476 type:B dur:2 cpbdur:2 q:26.35 aq:23.16 tex:7769 mv:4302 misc:817 imb:69 pmb:283 smb:568 d:- ref:0 ;
in:1475 out:1477 type:b dur:2 cpbdur:2 q:26.35 aq:21.17 tex:241 mv:135 misc:424 imb:0 pmb:63 smb:857 d:- ref:0 ;
in:1477 out:1478 type:b dur:2 cpbdur:2 q:26.35 aq:23.99 tex:3139 mv:2474 misc:779 imb:13 pmb:250 smb:657 d:- ref:0 ;
in:1479 out:1479 type:P dur:2 cpbdur:2 q:26.36 aq:20.60 tex:1974 mv:515 misc:623 imb:25 pmb:74 smb:821 d:- ref:0 ;
in:1480 out:1480 type:P dur:2 cpbdur:2 q:26.35 aq:24.04 tex:4997 mv:2559 misc:772 imb:41 pmb:283 smb:596 d:- ref:0 ;
in:1481 out:1481 type:i dur:2 cpbdur:2 q:23.14 aq:16.97 tex:105978 mv:23486 misc:128 imb:920 pmb:0 smb:0 d:- ref:;
in:1485 out:1482 type:P dur:2 cpbdur:2 q:26.45 aq:21.80 tex:12663 mv:4233 misc:928 imb:147 pmb:364 smb:409 d:- ref:0 ;
in:1483 out:1483 type:B dur:2 cpbdur:2 q:26.45 aq:20.74 tex:7274 mv:3498 misc:1004 imb:24 pmb:411 smb:485 d:- ref:0 ;
in:1482 out:1484 type:b dur:2 cpbdur:2 q:26.45 aq:22.22 tex:161 mv:204 misc:387 imb:0 pmb:69 smb:851 d:- ref:0 ;
in:1484 out:1485 type:b dur:2 cpbdur:2 q:26.45 aq:23.18 tex:3000 mv:2274 misc:798 imb:19 pmb:217 smb:684 d:- ref:0 ;
in:1486 out:1486 type:i dur:2 cpbdur:2 q:23.21 aq:18.29 tex:436246 mv:41872 misc:146 imb:920 pmb:0 smb:0 d:- ref:;
in:1489 out:1487 type:P dur:2 cpbdur:2 q:27.08 aq:22.77 tex:57884 mv:3800 misc:628 imb:37 pmb:542 smb:341 d:- ref:0 ;
in:1487 out:1488 type:B dur:2 cpbdur:2 q:27.08 aq:30.46 tex:47 mv:67 misc:510 imb:0 pmb:113 smb:807 d:- ref:0 ;
in:1488 out:1489 type:b dur:2 cpbdur:2 q:27.08 aq:29.74 tex:3299 mv:1909 misc:528 imb:2 pmb:143 smb:775 d:- ref:0 ;
in:1493 out:1490 type:P dur:2 cpbdur:2 q:27.05 aq:22.72 tex:112939 mv:5063 misc:590 imb:66 pmb:703 smb:151 d:- ref:0 ;
in:1491 out:1491 type:B dur:2 cpbdur:2 q:27.07 aq:27.75 tex:15768 mv:4427 misc:637 imb:12 pmb:368 smb:540 d:- ref:0 ;
in:1490 out:1492 type:b dur:2 cpbdur:2 q:27.08 aq:29.18 tex:4068 mv:2183 misc:589 imb:2 pmb:195 smb:723 d:- ref:0 ;
in:1492 out:1493 type:b dur:2 cpbdur:2 q:27.06 aq:29.07 tex:10072 mv:2943 misc:545 imb:14 pmb:309 smb:597 d:- ref:0 ;
in:1497 out:1494 type:P dur:2 cpbdur:2 q:27.13 aq:22.83 tex:105204 mv:5055 misc:549 imb:47 pmb:740 smb:133 d:- ref:0 ;
in:1495 out:1495 type:B dur:2 cpbdur:2 q:27.09 aq:27.07 tex:13214 mv:3860 misc:590 imb:3 pmb:319 smb:598 d:- ref:0 ;
in:1494 out:1496 type:b dur:2 cpbdur:2 q:27.07 aq:30.11 tex:6346 mv:2529 misc:565 imb:10 pmb:254 smb:656 d:- ref:0 ;
in:1496 out:1497 type:b dur:2 cpbdur:2 q:27.11 aq:28.55 tex:5395 mv:2138 misc:579 imb:1 pmb:229 smb:690 d:- ref:0 ;
in:1499 out:1498 type:P dur:2 cpbdur:2 q:27.21 aq:22.86 tex:80253 mv:3740 misc:647 imb:41 pmb:601 smb:278 d:- ref:0 ;
in:1498 out:1499 type:b dur:2 cpbdur:2 q:27.17 aq:29.89 tex:3745 mv:1763 misc:484 imb:2 pmb:158 smb:760 d:- ref:0 ;
in:1503 out:1500 type:P dur:2 cpbdur:2 q:27.21 aq:23.15 tex:95473 mv:4535 misc:624 imb:38 pmb:689 smb:193 d:- ref:0 ;
in:1501 out:1501 type:B dur:2 cpbdur:2 q:27.21 aq:29.04 tex:12600 mv:3967 misc:553 imb:9 pmb:330 smb:581 d:- ref:0 ;
in:1500 out:1502 type:b dur:2 cpbdur:2 q:27.21 aq:30.86 tex:55 mv:177 misc:440 imb:0 pmb:115 smb:805 d:- ref:0 ;
in:1502 out:1503 type:b dur:2 cpbdur:2 q:27.21 aq:30.29 tex:4128 mv:1591 misc:505 imb:4 pmb:169 smb:747 d:- ref:0 ;
in:1507 out:1504 type:P dur:2 cpbdur:2 q:27.33 aq:23.78 tex:85620 mv:4221 misc:639 imb:31 pmb:697 smb:192 d:- ref:0 ;
in:1505 out:1505 type:B dur:2 cpbdur:2 q:27.27 aq:30.15 tex:6324 mv:2893 misc:575 imb:10 pmb:255 smb:655 d:- ref:0 ;
in:1504 out:1506 type:b dur:2 cpbdur:2 q:27.24 aq:29.18 tex:180 mv:365 misc:527 imb:0 pmb:125 smb:795 d:- ref:0 ;
in:1506 out:1507 type:b dur:2 cpbdur:2 q:27.30 aq:31.01 tex:3843 mv:1867 misc:578 imb:0 pmb:217 smb:703 d:- ref:0 ;
in:1510 out:1508 type:P dur:2 cpbdur:2 q:27.56 aq:24.04 tex:77732 mv:4308 misc:560 imb:44 pmb:747 smb:129 d:- ref:0 ;
in:1508 out:1509 type:B dur:2 cpbdur:2 q:27.40 aq:29.55 tex:191 mv:443 misc:566 imb:0 pmb:144 smb:776 d:- ref:0 ;
in:1509 out:1510 type:b dur:2 cpbdur:2 q:27.48 aq:30.56 tex:3974 mv:1873 misc:537 imb:3 pmb:243 smb:674 d:- ref:0 ;
in:1514 out:1511 type:P dur:2 cpbdur:2 q:27.76 aq:25.51 tex:55572 mv:3888 misc:660 imb:24 pmb:557 smb:339 d:- ref:0 ;
in:1512 out:1512 type:B dur:2 cpbdur:2 q:27.66 aq:28.23 tex:10851 mv:2720 misc:621 imb:0 pmb:306 smb:614 d:- ref:0 ;
in:1511 out:1513 type:b dur:2 cpbdur:2 q:27.61 aq:31.20 tex:59 mv:268 misc:441 imb:0 pmb:110 smb:810 d:- ref:0 ;
in:1513 out:1514 type:b dur:2 cpbdur:2 q:27.71 aq:31.38 tex:2200 mv:905 misc:447 imb:0 pmb:114 smb:806 d:- ref:0 ;
in:1518 out:1515 type:P dur:2 cpbdur:2 q:27.81 aq:27.27 tex:39637 mv:3734 misc:693 imb:34 pmb:507 smb:379 d:- ref:0 ;
in:1516 out:1516 type:B dur:2 cpbdur:2 q:27.78 aq:29.25 tex:6359 mv:2273 misc:608 imb:3 pmb:236 smb:681 d:- ref:0 ;
in:1515 out:1517 type:b dur:2 cpbdur:2 q:27.77 aq:31.44 tex:3015 mv:1154 misc:463 imb:9 pmb:120 smb:791 d:- ref:0 ;
in:1517 out:1518 type:b dur:2 cpbdur:2 q:27.80 aq:30.83 tex:2028 mv:763 misc:433 imb:1 pmb:98 smb:821 d:- ref:0 ;
in:1520 out:1519 type:P dur:2 cpbdur:2 q:27.73 aq:30.54 tex:11363 mv:2216 misc:709 imb:16 pmb:341 smb:563 d:- ref:0 ;
in:1519 out:1520 type:b dur:2 cpbdur:2 q:27.77 aq:31.00 tex:3428 mv:806 misc:542 imb:0 pmb:144 smb:776 d:- ref:0 ;
in:1521 out:1521 type:I dur:2 cpbdur:2 q:24.33 aq:18.24 tex:169033 mv:37879 misc:136 imb:920 pmb:0 smb:0 d:- ref:;
in:1525 out:1522 type:P dur:2 cpbdur:2 q:27.97 aq:22.62 tex:35153 mv:5499 misc:532 imb:26 pmb:775 smb:119 d:- ref:0 ;
in:1523 out:1523 type:B dur:2 cpbdur:2 q:27.97 aq:28.77 tex:2242 mv:2646 misc:832 imb:4 pmb:245 smb:671 d:- ref:0 ;
in:1522 out:1524 type:b dur:2 cpbdur:2 q:27.97 aq:32.09 tex:742 mv:1255 misc:563 imb:0 pmb:118 smb:802 d:- ref:0 ;
in:1524 out:1525 type:b dur:2 cpbdur:2 q:27.97 aq:31.33 tex:212 mv:374 misc:686 imb:0 pmb:168 smb:752 d:- ref:0 ;
in:1529 out:1526 type:P dur:2 cpbdur:2 q:27.99 aq:22.32 tex:53116 mv:6579 misc:473 imb:34 pmb:818 smb:68 d:- ref:0 ;
in:1527 out:1527 type:B dur:2 cpbdur:2 q:27.98 aq:27.51 tex:4194 mv:3299 misc:979 imb:1 pmb:377 smb:542 d:- ref:0 ;
in:1526 out:1528 type:b dur:2 cpbdur:2 q:27.97 aq:30.67 tex:2096 mv:2800 misc:816 imb:2 pmb:252 smb:666 d:- ref:0 ;
in:1528 out:1529 type:b dur:2 cpbdur:2 q:27.99 aq:27.05 tex:116 mv:276 misc:384 imb:0 pmb:62 smb:858 d:- ref:0 ;
in:1533 out:1530 type:P dur:2 cpbdur:2 q:27.98 aq:22.34 tex:62161 mv:6762 misc:437 imb:54 pmb:812 smb:54 d:- ref:0 ;
in:1531 out:1531 type:B dur:2 cpbdur:2 q:27.99 aq:26.85 tex:4077 mv:3740 misc:999 imb:3 pmb:400 smb:517 d:- ref:0 ;
in:1530 out:1532 type:b dur:2 cpbdur:2 q:27.99 aq:30.04 tex:2311 mv:2947 misc:814 imb:1 pmb:253 smb:666 d:- ref:0 ;
in:1532 out:1533 type:b dur:2 cpbdur:2 q:27.99 aq:25.83 tex:184 mv:86 misc:258 imb:0 pmb:28 smb:892 d:- ref:0 ;
in:1537 out:1534 type:P dur:2 cpbdur:2 q:28.06 aq:22.54 tex:56311 mv:6081 misc:504 imb:36 pmb:788 smb:96 d:- ref:0 ;
in:1535 out:1535 type:B dur:2 cpbdur:2 q:28.02 aq:28.83 tex:4721 mv:3626 misc:869 imb:1 pmb:306 smb:613 d:- ref:0 ;
in:1534 out:1536 type:b dur:2 cpbdur:2 q:28.00 aq:29.98 tex:1766 mv:1758 misc:700 imb:0 pmb:171 smb:749 d:- ref:0 ;
in:1536 out:1537 type:b dur:2 cpbdur:2 q:28.04 aq:23.21 tex:139 mv:237 misc:608 imb:1 pmb:137 smb:782 d:- ref:0 ;
in:1541 out:1538 type:P dur:2 cpbdur:2 q:28.06 aq:22.55 tex:57732 mv:6166 misc:422 imb:35 pmb:811 smb:74 d:- ref:0 ;
in:1539 out:1539 type:B dur:2 cpbdur:2 q:28.06 aq:27.28 tex:5634 mv:3938 misc:980 imb:5 pmb:392 smb:523 d:- ref:0 ;
in:1538 out:1540 type:b dur:2 cpbdur:2 q:28.06 aq:28.90 tex:2117 mv:2433 misc:826 imb:2 pmb:241 smb:677 d:- ref:0 ;
in:1540 out:1541 type:b dur:2 cpbdur:2 q:28.06 aq:30.25 tex:1064 mv:1152 misc:520 imb:2 pmb:100 smb:818 d:- ref:0 ;
in:1545 out:1542 type:P dur:2 cpbdur:2 q:28.11 aq:22.46 tex:48932 mv:6289 misc:475 imb:45 pmb:800 smb:75 d:- ref:0 ;
in:1543 out:1543 type:B dur:2 cpbdur:2 q:28.09 aq:27.34 tex:4484 mv:3866 misc:946 imb:1 pmb:352 smb:567 d:- ref:0 ;
in:1542 out:1544 type:b dur:2 cpbdur:2 q:28.07 aq:28.68 tex:1478 mv:1794 misc:728 imb:3 pmb:175 smb:742 d:- ref:0 ;
in:1544 out:1545 type:b dur:2 cpbdur:2 q:28.10 aq:30.73 tex:1193 mv:1668 misc:651 imb:3 pmb:144 smb:773 d:- ref:0 ;
in:1549 out:1546 type:P dur:2 cpbdur:2 q:28.04 aq:22.43 tex:53274 mv:6421 misc:417 imb:43 pmb:819 smb:58 d:- ref:0 ;
in:1547 out:1547 type:B dur:2 cpbdur:2 q:28.08 aq:27.45 tex:4352 mv:3400 misc:912 imb:2 pmb:311 smb:607 d:- ref:0 ;
in:1546 out:1548 type:b dur:2 cpbdur:2 q:28.09 aq:28.85 tex:1155 mv:1310 misc:623 imb:2 pmb:125 smb:793 d:- ref:0 ;
in:1548 out:1549 type:b dur:2 cpbdur:2 q:28.06 aq:31.13 tex:1348 mv:1923 misc:713 imb:0 pmb:184 smb:736 d:- ref:0 ;
in:1553 out:1550 type:P dur:2 cpbdur:2 q:28.05 aq:23.12 tex:43026 mv:5951 misc:591 imb:38 pmb:763 smb:119 d:- ref:0 ;
in:1551 out:1551 type:B dur:2 cpbdur:2 q:28.05 aq:27.94 tex:3742 mv:3127 misc:907 imb:0 pmb:292 smb:628 d:- ref:0 ;
in:1550 out:1552 type:b dur:2 cpbdur:2 q:28.04 aq:23.97 tex:55 mv:15 misc:154 imb:0 pmb:5 smb:915 d:- ref:0 ;
in:1552 out:1553 type:b dur:2 cpbdur:2 q:28.05 aq:29.03 tex:1248 mv:1795 misc:717 imb:1 pmb:178 smb:741 d:- ref:0 ;
in:1557 out:1554 type:P dur:2 cpbdur:2 q:28.06 aq:24.38 tex:29499 mv:5275 misc:730 imb:41 pmb:699 smb:180 d:- ref:0 ;
in:1555 out:1555 type:B dur:2 cpbdur:2 q:28.06 aq:28.16 tex:3361 mv:2636 misc:867 imb:3 pmb:273 smb:644 d:- ref:0 ;
in:1554 out:1556 type:b dur:2 cpbdur:2 q:28.05 aq:25.56 tex:329 mv:363 misc:628 imb:0 pmb:145 smb:775 d:- ref:0 ;
in:1556 out:1557 type:b dur:2 cpbdur:2 q:28.06 aq:27.84 tex:2038 mv:2611 misc:871 imb:5 pmb:257 smb:658 d:- ref:0 ;
in:1561 out:1558 type:P dur:2 cpbdur:2 q:28.06 aq:29.15 tex:9688 mv:3297 misc:911 imb:15 pmb:416 smb:489 d:- ref:0 ;
in:1559 out:1559 type:B dur:2 cpbdur:2 q:28.06 aq:28.63 tex:3721 mv:2852 misc:955 imb:1 pmb:331 smb:588 d:- ref:0 ;
in:1558 out:1560 type:b dur:2 cpbdur:2 q:28.06 aq:23.40 tex:223 mv:498 misc:575 imb:0 pmb:122 smb:798 d:- ref:0 ;
in:1560 out:1561 type:b dur:2 cpbdur:2 q:28.06 aq:28.02 tex:2379 mv:2521 misc:924 imb:6 pmb:291 smb:623 d:- ref:0 ;
in:1562 out:1562 type:I dur:2 cpbdur:2 q:25.03 aq:19.67 tex:143165 mv:31224 misc:139 imb:920 pmb:0 smb:0 d:- ref:;
in:1566 out:1563 type:P dur:2 cpbdur:2 q:28.16 aq:22.33 tex:53707 mv:6636 misc:609 imb:88 pmb:684 smb:148 d:- ref:0 ;
in:1564 out:1564 type:B dur:2 cpbdur:2 q:28.16 aq:26.57 tex:7699 mv:4893 misc:888 imb:9 pmb:377 smb:534 d:- ref:0 ;
in:1563 out:1565 type:b dur:2 cpbdur:2 q:28.16 aq:27.98 tex:3721 mv:3060 misc:819 imb:1 pmb:277 smb:642 d:- ref:0 ;
in:1565 out:1566 type:b dur:2 cpbdur:2 q:28.16 aq:27.61 tex:2292 mv:2690 misc:794 imb:2 pmb:246 smb:672 d:- ref:0 ;
in:1570 out:1567 type:P dur:2 cpbdur:2 q:28.17 aq:22.93 tex:52110 mv:6067 misc:599 imb:67 pmb:715 smb:138 d:- ref:0 ;
in:1568 out:1568 type:B dur:2 cpbdur:2 q:28.16 aq:27.59 tex:5393 mv:4460 misc:931 imb:11 pmb:386 smb:523 d:- ref:0 ;
in:1567 out:1569 type:b dur:2 cpbdur:2 q:28.16 aq:28.05 tex:1608 mv:2081 misc:767 imb:3 pmb:208 smb:709 d:- ref:0 ;
in:1569 out:1570 type:b dur:2 cpbdur:2 q:28.17 aq:29.17 tex:1454 mv:1948 misc:734 imb:1 pmb:193 smb:726 d:- ref:0 ;
in:1574 out:1571 type:P dur:2 cpbdur:2 q:28.15 aq:22.91 tex:47240 mv:6100 misc:604 imb:72 pmb:705 smb:143 d:- ref:0 ;
in:1572 out:1572 type:B dur:2 cpbdur:2 q:28.16 aq:28.88 tex:3358 mv:3129 misc:825 imb:4 pmb:285 smb:631 d:- ref:0 ;
in:1571 out:1573 type:b dur:2 cpbdur:2 q:28.16 aq:24.49 tex:19 mv:7 misc:134 imb:0 pmb:2 smb:918 d:- ref:0 ;
in:1573 out:1574 type:b dur:2 cpbdur:2 q:28.16 aq:29.27 tex:1065 mv:1753 misc:734 imb:2 pmb:179 smb:739 d:- ref:0 ;
in:1578 out:1575 type:P dur:2 cpbdur:2 q:28.22 aq:23.70 tex:44123 mv:6610 misc:627 imb:120 pmb:664 smb:136 d:- ref:0 ;
in:1576 out:1576 type:B dur:2 cpbdur:2 q:28.19 aq:28.27 tex:2746 mv:3020 misc:850 imb:7 pmb:282 smb:631 d:- ref:0 ;
in:1575 out:1577 type:b dur:2 cpbdur:2 q:28.17 aq:24.69 tex:119 mv:301 misc:500 imb:0 pmb:101 smb:819 d:- ref:0 ;
in:1577 out:1578 type:b dur:2 cpbdur:2 q:28.20 aq:28.89 tex:3639 mv:3163 misc:846 imb:6 pmb:298 smb:616 d:- ref:0 ;
in:1582 out:1579 type:P dur:2 cpbdur:2 q:28.23 aq:24.82 tex:34992 mv:6139 misc:669 imb:125 pmb:614 smb:181 d:- ref:0 ;
in:1580 out:1580 type:B dur:2 cpbdur:2 q:28.23 aq:26.70 tex:5446 mv:3747 misc:919 imb:13 pmb:343 smb:564 d:- ref:0 ;
in:1579 out:1581 type:b dur:2 cpbdur:2 q:28.22 aq:26.09 tex:222 mv:390 misc:644 imb:0 pmb:139 smb:781 d:- ref:0 ;
in:1581 out:1582 type:b dur:2 cpbdur:2 q:28.23 aq:28.65 tex:4474 mv:3051 misc:867 imb:12 pmb:296 smb:612 d:- ref:0 ;
in:1586 out:1583 type:P dur:2 cpbdur:2 q:28.24 aq:28.49 tex:16949 mv:4725 misc:862 imb:89 pmb:476 smb:355 d:- ref:0 ;
in:1584 out:1584 type:B dur:2 cpbdur:2 q:28.24 aq:27.53 tex:6543 mv:4325 misc:1004 imb:22 pmb:403 smb:495 d:- ref:0 ;
in:1583 out:1585 type:b dur:2 cpbdur:2 q:28.24 aq:25.14 tex:241 mv:200 misc:359 imb:1 pmb:53 smb:866 d:- ref:0 ;
in:1585 out:1586 type:b dur:2 cpbdur:2 q:28.24 aq:29.85 tex:3802 mv:2681 misc:845 imb:5 pmb:280 smb:635 d:- ref:0 ;
in:1587 out:1587 type:I dur:2 cpbdur:2 q:25.21 aq:15.10 tex:182305 mv:30831 misc:144 imb:920 pmb:0 smb:0 d:- ref:;
in:1591 out:1588 type:P dur:2 cpbdur:2 q:28.40 aq:18.79 tex:7572 mv:628 misc:976 imb:4 pmb:326 smb:590 d:- ref:0 ;
in:1589 out:1589 type:B dur:2 cpbdur:2 q:28.40 aq:22.82 tex:148 mv:36 misc:232 imb:0 pmb:15 smb:905 d:- ref:0 ;
in:1588 out:1590 type:b dur:2 cpbdur:2 q:28.40 aq:22.78 tex:25 mv:14 misc:153 imb:0 pmb:4 smb:916 d:- ref:0 ;
in:1590 out:1591 type:b dur:2 cpbdur:2 q:28.40 aq:22.72 tex:129 mv:23 misc:200 imb:0 pmb:11 smb:909 d:- ref:0 ;
in:1595 out:1592 type:P dur:2 cpbdur:2 q:28.36 aq:18.41 tex:14143 mv:799 misc:1010 imb:19 pmb:396 smb:505 d:- ref:0 ;
in:1593 out:1593 type:B dur:2 cpbdur:2 q:28.38 aq:20.95 tex:223 mv:50 misc:271 imb:0 pmb:20 smb:900 d:- ref:0 ;
in:1592 out:1594 type:b dur:2 cpbdur:2 q:28.39 aq:21.16 tex:206 mv:32 misc:242 imb:0 pmb:17 smb:903 d:- ref:0 ;
in:1594 out:1595 type:b dur:2 cpbdur:2 q:28.37 aq:23.17 tex:168 mv:25 misc:215 imb:0 pmb:14 smb:906 d:- ref:0 ;
in:1599 out:1596 type:P dur:2 cpbdur:2 q:28.33 aq:17.35 tex:20275 mv:1048 misc:989 imb:12 pmb:496 smb:412 d:- ref:0 ;
in:1597 out:1597 type:B dur:2 cpbdur:2 q:28.34 aq:20.68 tex:83 mv:47 misc:198 imb:2 pmb:7 smb:911 d:- ref:0 ;
in:1596 out:1598 type:b dur:2 cpbdur:2 q:28.35 aq:23.23 tex:151 mv:39 misc:218 imb:0 pmb:14 smb:906 d:- ref:0 ;
in:1598 out:1599 type:b dur:2 cpbdur:2 q:28.34 aq:24.71 tex:45 mv:10 misc:137 imb:0 pmb:3 smb:917 d:- ref:0 ;
in:1601 out:1600 type:P dur:2 cpbdur:2 q:28.33 aq:16.93 tex:4940 mv:307 misc:785 imb:2 pmb:163 smb:755 d:- ref:0 ;
in:1600 out:1601 type:b dur:2 cpbdur:2 q:28.33 aq:22.91 tex:91 mv:20 misc:169 imb:0 pmb:7 smb:913 d:- ref:0 ;
in:1603 out:1602 type:P dur:2 cpbdur:2 q:28.28 aq:17.67 tex:5256 mv:414 misc:826 imb:8 pmb:182 smb:730 d:- ref:0 ;
in:1602 out:1603 type:b dur:2 cpbdur:2 q:28.31 aq:22.08 tex:86 mv:18 misc:168 imb:0 pmb:7 smb:913 d:- ref:0 ;
in:1605 out:1604 type:P dur:2 cpbdur:2 q:28.24 aq:17.16 tex:2604 mv:174 misc:574 imb:3 pmb:92 smb:825 d:- ref:0 ;
in:1604 out:1605 type:b dur:2 cpbdur:2 q:28.26 aq:22.97 tex:110 mv:22 misc:180 imb:0 pmb:8 smb:912 d:- ref:0 ;
in:1609 out:1606 type:P dur:2 cpbdur:2 q:28.17 aq:18.35 tex:3438 mv:154 misc:552 imb:2 pmb:87 smb:831 d:- ref:0 ;
in:1607 out:1607 type:B dur:2 cpbdur:2 q:28.21 aq:23.00 tex:20 mv:12 misc:152 imb:0 pmb:3 smb:917 d:- ref:0 ;
in:1606 out:1608 type:b dur:2 cpbdur:2 q:28.23 aq:22.33 tex:38 mv:14 misc:156 imb:0 pmb:4 smb:916 d:- ref:0 ;
in:1608 out:1609 type:b dur:2 cpbdur:2 q:28.19 aq:22.88 tex:104 mv:20 misc:188 imb:0 pmb:8 smb:912 d:- ref:0 ;
in:1613 out:1610 type:P dur:2 cpbdur:2 q:28.12 aq:17.33 tex:3364 mv:185 misc:459 imb:3 pmb:63 smb:854 d:- ref:0 ;
in:1611 out:1611 type:B dur:2 cpbdur:2 q:28.14 aq:26.80 tex:190 mv:14 misc:156 imb:0 pmb:4 smb:916 d:- ref:0 ;
in:1610 out:1612 type:b dur:2 cpbdur:2 q:28.15 aq:23.47 tex:114 mv:18 misc:164 imb:0 pmb:6 smb:914 d:- ref:0 ;
in:1612 out:1613 type:b dur:2 cpbdur:2 q:28.13 aq:23.07 tex:162 mv:25 misc:189 imb:0 pmb:9 smb:911 d:- ref:0 ;
in:1617 out:1614 type:P dur:2 cpbdur:2 q:28.04 aq:18.50 tex:3982 mv:144 misc:562 imb:4 pmb:86 smb:830 d:- ref:0 ;
in:1615 out:1615 type:B dur:2 cpbdur:2 q:28.08 aq:21.62 tex:421 mv:40 misc:235 imb:0 pmb:15 smb:905 d:- ref:0 ;
in:1614 out:1616 type:b dur:2 cpbdur:2 q:28.10 aq:24.00 tex:21 mv:10 misc:137 imb:0 pmb:3 smb:917 d:- ref:0 ;
in:1616 out:1617 type:b dur:2 cpbdur:2 q:28.06 aq:26.24 tex:207 mv:19 misc:142 imb:0 pmb:5 smb:915 d:- ref:0 ;
in:1621 out:1618 type:P dur:2 cpbdur:2 q:27.97 aq:18.48 tex:4494 mv:216 misc:834 imb:0 pmb:201 smb:719 d:- ref:0 ;
in:1619 out:1619 type:B dur:2 cpbdur:2 q:28.00 aq:20.85 tex:428 mv:44 misc:272 imb:0 pmb:21 smb:899 d:- ref:0 ;
in:1618 out:1620 type:b dur:2 cpbdur:2 q:28.02 aq:24.00 tex:1 mv:7 misc:128 imb:0 pmb:2 smb:918 d:- ref:0 ;
in:1620 out:1621 type:b dur:2 cpbdur:2 q:27.99 aq:21.67 tex:26 mv:12 misc:146 imb:0 pmb:3 smb:917 d:- ref:0 ;
in:1623 out:1622 type:P dur:2 cpbdur:2 q:27.88 aq:17.52 tex:10196 mv:629 misc:999 imb:5 pmb:329 smb:586 d:- ref:0 ;
in:1622 out:1623 type:b dur:2 cpbdur:2 q:27.92 aq:22.11 tex:120 mv:15 misc:153 imb:0 pmb:5 smb:915 d:- ref:0 ;
in:1627 out:1624 type:P dur:2 cpbdur:2 q:27.84 aq:16.47 tex:16504 mv:1129 misc:991 imb:20 pmb:480 smb:420 d:- ref:0 ;
in:1625 out:1625 type:B dur:2 cpbdur:2 q:27.86 aq:21.29 tex:125 mv:32 misc:203 imb:0 pmb:9 smb:911 d:- ref:0 ;
in:1624 out:1626 type:b dur:2 cpbdur:2 q:27.87 aq:21.50 tex:22 mv:9 misc:137 imb:0 pmb:2 smb:918 d:- ref:0 ;
in:1626 out:1627 type:b dur:2 cpbdur:2 q:27.85 aq:21.50 tex:38 mv:14 misc:148 imb:0 pmb:4 smb:916 d:- ref:0 ;
in:1631 out:1628 type:P dur:2 cpbdur:2 q:27.78 aq:16.26 tex:5629 mv:371 misc:880 imb:2 pmb:218 smb:700 d:- ref:0 ;
in:1629 out:1629 type:B dur:2 cpbdur:2 q:27.81 aq:24.43 tex:207 mv:33 misc:192 imb:0 pmb:9 smb:911 d:- ref:0 ;
in:1628 out:1630 type:b dur:2 cpbdur:2 q:27.83 aq:22.68 tex:32 mv:8 misc:136 imb:0 pmb:2 smb:918 d:- ref:0 ;
in:1630 out:1631 type:b dur:2 cpbdur:2 q:27.79 aq:33.15 tex:51 mv:4 misc:129 imb:0 pmb:1 smb:919 d:- ref:0 ;
in:1635 out:1632 type:P dur:2 cpbdur:2 q:27.65 aq:16.35 tex:6261 mv:355 misc:824 imb:1 pmb:197 smb:722 d:- ref:0 ;
in:1633 out:1633 type:B dur:2 cpbdur:2 q:27.71 aq:24.66 tex:549 mv:28 misc:183 imb:0 pmb:8 smb:912 d:- ref:0 ;
in:1632 out:1634 type:b dur:2 cpbdur:2 q:27.74 aq:26.34 tex:375 mv:22 misc:147 imb:0 pmb:6 smb:914 d:- ref:0 ;
in:1634 out:1635 type:b dur:2 cpbdur:2 q:27.68 aq:24.00 tex:3 mv:9 misc:132 imb:0 pmb:3 smb:917 d:- ref:0 ;
in:1639 out:1636 type:P dur:2 cpbdur:2 q:27.57 aq:16.56 tex:6229 mv:388 misc:831 imb:5 pmb:193 smb:722 d:- ref:0 ;
in:1637 out:1637 type:B dur:2 cpbdur:2 q:27.61 aq:22.31 tex:661 mv:40 misc:187 imb:0 pmb:11 smb:909 d:- ref:0 ;
in:1636 out:1638 type:b dur:2 cpbdur:2 q:27.63 aq:26.94 tex:573 mv:48 misc:147 imb:0 pmb:8 smb:912 d:- ref:0 ;
in:1638 out:1639 type:b dur:2 cpbdur:2 q:27.59 aq:24.00 tex:2 mv:14 misc:136 imb:0 pmb:5 smb:915 d:- ref:0 ;
in:1643 out:1640 type:P dur:2 cpbdur:2 q:27.49 aq:16.52 tex:5505 mv:189 misc:714 imb:0 pmb:144 smb:776 d:- ref:0 ;
in:1641 out:1641 type:B dur:2 cpbdur:2 q:27.53 aq:29.12 tex:560 mv:26 misc:166 imb:0 pmb:8 smb:912 d:- ref:0 ;
in:1640 out:1642 type:b dur:2 cpbdur:2 q:27.55 aq:24.63 tex:318 mv:30 misc:172 imb:0 pmb:10 smb:910 d:- ref:0 ;
in:1642 out:1643 type:b dur:2 cpbdur:2 q:27.51 aq:29.95 tex:282 mv:35 misc:131 imb:0 pmb:4 smb:916 d:- ref:0 ;
in:1647 out:1644 type:P dur:2 cpbdur:2 q:27.41 aq:17.06 tex:3259 mv:120 misc:581 imb:0 pmb:95 smb:825 d:- ref:0 ;
in:1645 out:1645 type:B dur:2 cpbdur:2 q:27.45 aq:23.13 tex:341 mv:24 misc:163 imb:0 pmb:6 smb:914 d:- ref:0 ;
in:1644 out:1646 type:b dur:2 cpbdur:2 q:27.47 aq:22.23 tex:99 mv:33 misc:196 imb:0 pmb:11 smb:909 d:- ref:0 ;
in:1646 out:1647 type:b dur:2 cpbdur:2 q:27.43 aq:29.17 tex:193 mv:14 misc:137 imb:0 pmb:4 smb:916 d:- ref:0 ;
in:1651 out:1648 type:P dur:2 cpbdur:2 q:27.34 aq:16.32 tex:4057 mv:230 misc:793 imb:0 pmb:181 smb:739 d:- ref:0 ;
in:1649 out:1649 type:B dur:2 cpbdur:2 q:27.38 aq:19.70 tex:74 mv:16 misc:182 imb:0 pmb:6 smb:914 d:- ref:0 ;
in:1648 out:1650 type:b dur:2 cpbdur:2 q:27.40 aq:21.84 tex:108 mv:21 misc:183 imb:0 pmb:8 smb:912 d:- ref:0 ;
in:1650 out:1651 type:b dur:2 cpbdur:2 q:27.36 aq:24.00 tex:0 mv:0 misc:120 imb:0 pmb:0 smb:920 d:- ref:0 ;
in:1655 out:1652 type:P dur:2 cpbdur:2 q:27.28 aq:15.87 tex:13982 mv:889 misc:1001 imb:11 pmb:404 smb:505 d:- ref:0 ;
in:1653 out:1653 type:B dur:2 cpbdur:2 q:27.31 aq:21.38 tex:485 mv:58 misc:257 imb:0 pmb:20 smb:900 d:- ref:0 ;
in:1652 out:1654 type:b dur:2 cpbdur:2 q:27.33 aq:28.63 tex:233 mv:21 misc:146 imb:0 pmb:6 smb:914 d:- ref:0 ;
in:1654 out:1655 type:b dur:2 cpbdur:2 q:27.29 aq:21.66 tex:66 mv:21 misc:153 imb:0 pmb:6 smb:914 d:- ref:0 ;
in:1659 out:1656 type:P dur:2 cpbdur:2 q:27.23 aq:15.55 tex:7024 mv:450 misc:878 imb:3 pmb:240 smb:677 d:- ref:0 ;
in:1657 out:1657 type:B dur:2 cpbdur:2 q:27.25 aq:24.54 tex:404 mv:35 misc:193 imb:0 pmb:10 smb:910 d:- ref:0 ;
in:1656 out:1658 type:b dur:2 cpbdur:2 q:27.27 aq:29.17 tex:226 mv:18 misc:132 imb:0 pmb:4 smb:916 d:- ref:0 ;
in:1658 out:1659 type:b dur:2 cpbdur:2 q:27.24 aq:23.00 tex:4 mv:13 misc:135 imb:0 pmb:4 smb:916 d:- ref:0 ;
in:1663 out:1660 type:P dur:2 cpbdur:2 q:27.13 aq:15.26 tex:7071 mv:225 misc:816 imb:1 pmb:182 smb:737 d:- ref:0 ;
in:1661 out:1661 type:B dur:2 cpbdur:2 q:27.18 aq:23.04 tex:952 mv:53 misc:203 imb:1 pmb:11 smb:908 d:- ref:0 ;
in:1660 out:1662 type:b dur:2 cpbdur:2 q:27.21 aq:28.03 tex:457 mv:24 misc:143 imb:0 pmb:5 smb:915 d:- ref:0 ;
in:1662 out:1663 type:b dur:2 cpbdur:2 q:27.16 aq:29.95 tex:760 mv:66 misc:142 imb:0 pmb:6 smb:914 d:- ref:0 ;
in:1667 out:1664 type:P dur:2 cpbdur:2 q:27.03 aq:15.40 tex:7144 mv:202 misc:798 imb:1 pmb:171 smb:748 d:- ref:0 ;
in:1665 out:1665 type:B dur:2 cpbdur:2 q:27.08 aq:20.67 tex:69 mv:34 misc:193 imb:0 pmb:10 smb:910 d:- ref:0 ;
in:1664 out:1666 type:b dur:2 cpbdur:2 q:27.11 aq:18.65 tex:23 mv:4 misc:133 imb:0 pmb:1 smb:919 d:- ref:0 ;
in:1666 out:1667 type:b dur:2 cpbdur:2 q:27.05 aq:30.24 tex:417 mv:28 misc:147 imb:0 pmb:6 smb:914 d:- ref:0 ;
in:1669 out:1668 type:P dur:2 cpbdur:2 q:26.93 aq:15.27 tex:5578 mv:180 misc:786 imb:0 pmb:177 smb:743 d:- ref:0 ;
in:1668 out:1669 type:b dur:2 cpbdur:2 q:26.98 aq:23.00 tex:3 mv:10 misc:131 imb:0 pmb:3 smb:917 d:- ref:0 ;
in:1673 out:1670 type:P dur:2 cpbdur:2 q:26.88 aq:14.99 tex:3199 mv:134 misc:635 imb:0 pmb:110 smb:810 d:- ref:0 ;
in:1671 out:1671 type:B dur:2 cpbdur:2 q:26.91 aq:23.59 tex:132 mv:23 misc:165 imb:0 pmb:5 smb:915 d:- ref:0 ;
in:1670 out:1672 type:b dur:2 cpbdur:2 q:26.92 aq:18.65 tex:23 mv:4 misc:133 imb:0 pmb:1 smb:919 d:- ref:0 ;
in:1672 out:1673 type:b dur:2 cpbdur:2 q:26.89 aq:18.65 tex:25 mv:14 misc:145 imb:0 pmb:4 smb:916 d:- ref:0 ;
in:1677 out:1674 type:P dur:2 cpbdur:2 q:26.80 aq:15.36 tex:3695 mv:142 misc:739 imb:0 pmb:152 smb:768 d:- ref:0 ;
in:1675 out:1675 type:B dur:2 cpbdur:2 q:26.84 aq:22.68 tex:96 mv:17 misc:175 imb:0 pmb:5 smb:915 d:- ref:0 ;
in:1674 out:1676 type:b dur:2 cpbdur:2 q:26.86 aq:18.65 tex:23 mv:4 misc:133 imb:0 pmb:1 smb:919 d:- ref:0 ;
in:1676 out:1677 type:b dur:2 cpbdur:2 q:26.82 aq:19.77 tex:37 mv:7 misc:140 imb:0 pmb:2 smb:918 d:- ref:0 ;
in:1681 out:1678 type:P dur:2 cpbdur:2 q:26.72 aq:15.51 tex:3840 mv:134 misc:658 imb:0 pmb:118 smb:802 d:- ref:0 ;
in:1679 out:1679 type:B dur:2 cpbdur:2 q:26.76 aq:22.95 tex:393 mv:33 misc:198 imb:0 pmb:10 smb:910 d:- ref:0 ;
in:1678 out:1680 type:b dur:2 cpbdur:2 q:26.78 aq:18.65 tex:25 mv:14 misc:145 imb:0 pmb:4 smb:916 d:- ref:0 ;
in:1680 out:1681 type:b dur:2 cpbdur:2 q:26.74 aq:30.18 tex:240 mv:10 misc:142 imb:0 pmb:3 smb:917 d:- ref:0 ;
in:1685 out:1682 type:P dur:2 cpbdur:2 q:26.64 aq:15.65 tex:10221 mv:348 misc:951 imb:3 pmb:303 smb:614 d:- ref:0 ;
in:1683 out:1683 type:B dur:2 cpbdur:2 q:26.68 aq:26.48 tex:537 mv:33 misc:182 imb:0 pmb:7 smb:913 d:- ref:0 ;
in:1682 out:1684 type:b dur:2 cpbdur:2 q:26.70 aq:29.48 tex:352 mv:24 misc:144 imb:0 pmb:4 smb:916 d:- ref:0 ;
in:1684 out:1685 type:b dur:2 cpbdur:2 q:26.66 aq:18.71 tex:43 mv:19 misc:154 imb:0 pmb:5 smb:915 d:- ref:0 ;
in:1689 out:1686 type:P dur:2 cpbdur:2 q:26.57 aq:15.63 tex:5616 mv:240 misc:784 imb:0 pmb:172 smb:748 d:- ref:0 ;
in:1687 out:1687 type:B dur:2 cpbdur:2 q:26.61 aq:20.90 tex:413 mv:72 misc:227 imb:0 pmb:14 smb:906 d:- ref:0 ;
in:1686 out:1688 type:b dur:2 cpbdur:2 q:26.63 aq:28.81 tex:515 mv:40 misc:149 imb:0 pmb:5 smb:915 d:- ref:0 ;
in:1688 out:1689 type:b dur:2 cpbdur:2 q:26.59 aq:18.65 tex:40 mv:16 misc:160 imb:0 pmb:5 smb:915 d:- ref:0 ;
in:1693 out:1690 type:P dur:2 cpbdur:2 q:26.48 aq:15.96 tex:5619 mv:166 misc:679 imb:1 pmb:129 smb:790 d:- ref:0 ;
in:1691 out:1691 type:B dur:2 cpbdur:2 q:26.53 aq:21.26 tex:515 mv:40 misc:213 imb:0 pmb:12 smb:908 d:- ref:0 ;
in:1690 out:1692 type:b dur:2 cpbdur:2 q:26.55 aq:28.64 tex:329 mv:33 misc:142 imb:0 pmb:5 smb:915 d:- ref:0 ;
in:1692 out:1693 type:b dur:2 cpbdur:2 q:26.51 aq:29.56 tex:263 mv:24 misc:145 imb:0 pmb:5 smb:915 d:- ref:0 ;
in:1695 out:1694 type:P dur:2 cpbdur:2 q:26.39 aq:15.07 tex:3514 mv:128 misc:630 imb:1 pmb:97 smb:822 d:- ref:0 ;
in:1694 out:1695 type:b dur:2 cpbdur:2 q:26.44 aq:23.00 tex:2 mv:11 misc:131 imb:0 pmb:3 smb:917 d:- ref:0 ;
in:1699 out:1696 type:P dur:2 cpbdur:2 q:26.34 aq:16.01 tex:7382 mv:373 misc:829 imb:5 pmb:190 smb:725 d:- ref:0 ;
in:1697 out:1697 type:B dur:2 cpbdur:2 q:26.37 aq:21.67 tex:799 mv:64 misc:209 imb:0 pmb:13 smb:907 d:- ref:0 ;
in:1696 out:1698 type:b dur:2 cpbdur:2 q:26.38 aq:29.56 tex:540 mv:25 misc:139 imb:0 pmb:5 smb:915 d:- ref:0 ;
in:1698 out:1699 type:b dur:2 cpbdur:2 q:26.36 aq:18.65 tex:27 mv:16 misc:141 imb:0 pmb:5 smb:915 d:- ref:0 ;
in:1703 out:1700 type:P dur:2 cpbdur:2 q:26.27 aq:16.06 tex:9179 mv:367 misc:910 imb:5 pmb:240 smb:675 d:- ref:0 ;
in:1701 out:1701 type:B dur:2 cpbdur:2 q:26.31 aq:22.59 tex:873 mv:60 misc:203 imb:0 pmb:13 smb:907 d:- ref:0 ;
in:1700 out:1702 type:b dur:2 cpbdur:2 q:26.33 aq:28.91 tex:692 mv:43 misc:145 imb:0 pmb:5 smb:915 d:- ref:0 ;
in:1702 out:1703 type:b dur:2 cpbdur:2 q:26.29 aq:28.61 tex:296 mv:17 misc:151 imb:0 pmb:5 smb:915 d:- ref:0 ;
in:1707 out:1704 type:P dur:2 cpbdur:2 q:26.19 aq:16.38 tex:5309 mv:239 misc:684 imb:2 pmb:126 smb:792 d:- ref:0 ;
in:1705 out:1705 type:B dur:2 cpbdur:2 q:26.23 aq:19.99 tex:302 mv:41 misc:233 imb:0 pmb:16 smb:904 d:- ref:0 ;
in:1704 out:1706 type:b dur:2 cpbdur:2 q:26.25 aq:21.53 tex:23 mv:7 misc:138 imb:0 pmb:2 smb:918 d:- ref:0 ;
in:1706 out:1707 type:b dur:2 cpbdur:2 q:26.21 aq:29.31 tex:118 mv:8 misc:138 imb:0 pmb:2 smb:918 d:- ref:0 ;
in:1711 out:1708 type:P dur:2 cpbdur:2 q:26.11 aq:16.57 tex:2442 mv:177 misc:581 imb:3 pmb:85 smb:832 d:- ref:0 ;
in:1709 out:1709 type:B dur:2 cpbdur:2 q:26.15 aq:20.30 tex:137 mv:23 misc:224 imb:0 pmb:12 smb:908 d:- ref:0 ;
in:1708 out:1710 type:b dur:2 cpbdur:2 q:26.17 aq:21.96 tex:25 mv:7 misc:136 imb:0 pmb:2 smb:918 d:- ref:0 ;
in:1710 out:1711 type:b dur:2 cpbdur:2 q:26.13 aq:21.96 tex:25 mv:7 misc:136 imb:0 pmb:2 smb:918 d:- ref:0 ;
in:1715 out:1712 type:P dur:2 cpbdur:2 q:26.01 aq:15.29 tex:4091 mv:295 misc:758 imb:4 pmb:152 smb:764 d:- ref:0 ;
in:1713 out:1713 type:B dur:2 cpbdur:2 q:26.06 aq:20.60 tex:86 mv:23 misc:203 imb:0 pmb:9 smb:911 d:- ref:0 ;
in:1712 out:1714 type:b dur:2 cpbdur:2 q:26.09 aq:22.00 tex:22 mv:12 misc:142 imb:0 pmb:3 smb:917 d:- ref:0 ;
in:1714 out:1715 type:b dur:2 cpbdur:2 q:26.04 aq:21.96 tex:17 mv:4 misc:131 imb:0 pmb:1 smb:919 d:- ref:0 ;
in:1719 out:1716 type:P dur:2 cpbdur:2 q:25.94 aq:16.96 tex:1667 mv:116 misc:449 imb:2 pmb:55 smb:863 d:- ref:0 ;
in:1717 out:1717 type:B dur:2 cpbdur:2 q:25.98 aq:19.38 tex:107 mv:21 misc:200 imb:0 pmb:9 smb:911 d:- ref:0 ;
in:1716 out:1718 type:b dur:2 cpbdur:2 q:25.99 aq:21.96 tex:17 mv:4 misc:131 imb:0 pmb:1 smb:919 d:- ref:0 ;
in:1718 out:1719 type:b dur:2 cpbdur:2 q:25.96 aq:21.96 tex:17 mv:4 misc:131 imb:0 pmb:1 smb:919 d:- ref:0 ;
in:1723 out:1720 type:P dur:2 cpbdur:2 q:25.84 aq:15.86 tex:2514 mv:119 misc:383 imb:2 pmb:47 smb:871 d:- ref:0 ;
in:1721 out:1721 type:B dur:2 cpbdur:2 q:25.89 aq:17.62 tex:80 mv:17 misc:191 imb:0 pmb:7 smb:913 d:- ref:0 ;
in:1720 out:1722 type:b dur:2 cpbdur:2 q:25.91 aq:22.00 tex:0 mv:0 misc:120 imb:0 pmb:0 smb:920 d:- ref:0 ;
in:1722 out:1723 type:b dur:2 cpbdur:2 q:25.86 aq:20.36 tex:16 mv:3 misc:133 imb:0 pmb:1 smb:919 d:- ref:0 ;
in:1727 out:1724 type:P dur:2 cpbdur:2 q:25.73 aq:18.08 tex:75986 mv:5952 misc:646 imb:193 pmb:577 smb:150 d:- ref:0 ;
in:1725 out:1725 type:B dur:2 cpbdur:2 q:25.79 aq:23.14 tex:9158 mv:2806 misc:708 imb:16 pmb:306 smb:598 d:- ref:0 ;
in:1724 out:1726 type:b dur:2 cpbdur:2 q:25.81 aq:20.36 tex:39 mv:74 misc:407 imb:0 pmb:79 smb:841 d:- ref:0 ;
in:1726 out:1727 type:b dur:2 cpbdur:2 q:25.76 aq:24.08 tex:10335 mv:4054 misc:795 imb:25 pmb:395 smb:500 d:- ref:0 ;
in:1731 out:1728 type:P dur:2 cpbdur:2 q:25.73 aq:17.17 tex:2525 mv:373 misc:638 imb:9 pmb:99 smb:812 d:- ref:0 ;
in:1729 out:1729 type:B dur:2 cpbdur:2 q:25.73 aq:19.54 tex:332 mv:55 misc:301 imb:0 pmb:27 smb:893 d:- ref:0 ;
in:1728 out:1730 type:b dur:2 cpbdur:2 q:25.73 aq:21.16 tex:76 mv:25 misc:171 imb:0 pmb:7 smb:913 d:- ref:0 ;
in:1730 out:1731 type:b dur:2 cpbdur:2 q:25.73 aq:19.86 tex:104 mv:20 misc:188 imb:0 pmb:9 smb:911 d:- ref:0 ;
in:1733 out:1732 type:P dur:2 cpbdur:2 q:25.65 aq:17.19 tex:1036 mv:117 misc:423 imb:2 pmb:43 smb:875 d:- ref:0 ;
in:1732 out:1733 type:b dur:2 cpbdur:2 q:25.69 aq:20.45 tex:94 mv:20 misc:174 imb:0 pmb:8 smb:912 d:- ref:0 ;
in:1737 out:1734 type:P dur:2 cpbdur:2 q:25.60 aq:18.67 tex:144520 mv:6900 misc:212 imb:773 pmb:135 smb:12 d:- ref:0 ;
in:1735 out:1735 type:B dur:2 cpbdur:2 q:25.62 aq:18.97 tex:881 mv:105 misc:422 imb:0 pmb:54 smb:866 d:- ref:0 ;
in:1734 out:1736 type:b dur:2 cpbdur:2 q:25.63 aq:19.88 tex:55 mv:12 misc:149 imb:0 pmb:4 smb:916 d:- ref:0 ;
in:1736 out:1737 type:b dur:2 cpbdur:2 q:25.61 aq:18.32 tex:135 mv:63 misc:266 imb:0 pmb:22 smb:898 d:- ref:0 ;
in:1739 out:1738 type:P dur:2 cpbdur:2 q:25.70 aq:18.30 tex:1399 mv:277 misc:556 imb:7 pmb:74 smb:839 d:- ref:0 ;
in:1738 out:1739 type:b dur:2 cpbdur:2 q:25.65 aq:18.46 tex:145 mv:72 misc:255 imb:1 pmb:21 smb:898 d:- ref:0 ;
in:1740 out:1740 type:P dur:2 cpbdur:2 q:25.65 aq:21.23 tex:237 mv:75 misc:288 imb:1 pmb:19 smb:900 d:- ref:0 ;
in:1741 out:1741 type:I dur:2 cpbdur:2 q:23.01 aq:16.31 tex:163085 mv:26407 misc:124 imb:920 pmb:0 smb:0 d:- ref:;
in:1745 out:1742 type:P dur:2 cpbdur:2 q:25.81 aq:21.60 tex:18294 mv:3130 misc:848 imb:35 pmb:478 smb:407 d:- ref:0 ;
in:1743 out:1743 type:B dur:2 cpbdur:2 q:25.81 aq:26.21 tex:2347 mv:1623 misc:590 imb:2 pmb:139 smb:779 d:- ref:0 ;
in:1742 out:1744 type:b dur:2 cpbdur:2 q:25.81 aq:19.93 tex:75 mv:88 misc:413 imb:0 pmb:89 smb:831 d:- ref:0 ;
in:1744 out:1745 type:b dur:2 cpbdur:2 q:25.81 aq:28.50 tex:1060 mv:585 misc:427 imb:1 pmb:67 smb:852 d:- ref:0 ;
in:1749 out:1746 type:P dur:2 cpbdur:2 q:25.90 aq:26.41 tex:7180 mv:2622 misc:878 imb:24 pmb:362 smb:534 d:- ref:0 ;
in:1747 out:1747 type:B dur:2 cpbdur:2 q:25.85 aq:26.78 tex:2804 mv:1922 misc:762 imb:3 pmb:233 smb:684 d:- ref:0 ;
in:1746 out:1748 type:b dur:2 cpbdur:2 q:25.83 aq:19.31 tex:42 mv:123 misc:243 imb:0 pmb:29 smb:891 d:- ref:0 ;
in:1748 out:1749 type:b dur:2 cpbdur:2 q:25.88 aq:27.98 tex:1866 mv:1748 misc:690 imb:2 pmb:182 smb:736 d:- ref:0 ;
in:1750 out:1750 type:i dur:2 cpbdur:2 q:22.98 aq:18.16 tex:245538 mv:33942 misc:128 imb:920 pmb:0 smb:0 d:- ref:;
in:1754 out:1751 type:P dur:2 cpbdur:2 q:26.05 aq:21.33 tex:83511 mv:6270 misc:571 imb:156 pmb:612 smb:152 d:- ref:0 ;
in:1752 out:1752 type:B dur:2 cpbdur:2 q:26.05 aq:23.89 tex:34567 mv:6204 misc:877 imb:42 pmb:493 smb:385 d:- ref:0 ;
in:1751 out:1753 type:b dur:2 cpbdur:2 q:26.05 aq:24.13 tex:80 mv:18 misc:166 imb:0 pmb:6 smb:914 d:- ref:0 ;
in:1753 out:1754 type:b dur:2 cpbdur:2 q:26.05 aq:26.48 tex:16554 mv:4490 misc:772 imb:14 pmb:376 smb:530 d:- ref:0 ;
in:1758 out:1755 type:P dur:2 cpbdur:2 q:26.10 aq:21.37 tex:99598 mv:7364 misc:454 imb:222 pmb:621 smb:77 d:- ref:0 ;
in:1756 out:1756 type:B dur:2 cpbdur:2 q:26.07 aq:25.01 tex:32898 mv:7083 misc:851 imb:34 pmb:531 smb:355 d:- ref:0 ;
in:1755 out:1757 type:b dur:2 cpbdur:2 q:26.06 aq:26.49 tex:17510 mv:4988 misc:782 imb:20 pmb:358 smb:542 d:- ref:0 ;
in:1757 out:1758 type:b dur:2 cpbdur:2 q:26.08 aq:26.08 tex:15759 mv:5386 misc:839 imb:9 pmb:413 smb:498 d:- ref:0 ;
in:1762 out:1759 type:P dur:2 cpbdur:2 q:26.08 aq:21.65 tex:91475 mv:7389 misc:440 imb:185 pmb:647 smb:88 d:- ref:0 ;
in:1760 out:1760 type:B dur:2 cpbdur:2 q:26.09 aq:24.61 tex:33435 mv:7093 misc:872 imb:33 pmb:526 smb:361 d:- ref:0 ;
in:1759 out:1761 type:b dur:2 cpbdur:2 q:26.09 aq:26.34 tex:16447 mv:5117 misc:828 imb:13 pmb:393 smb:514 d:- ref:0 ;
in:1761 out:1762 type:b dur:2 cpbdur:2 q:26.08 aq:27.07 tex:16232 mv:5366 misc:850 imb:15 pmb:399 smb:506 d:- ref:0 ;
in:1764 out:1763 type:P dur:2 cpbdur:2 q:26.33 aq:21.64 tex:77656 mv:6746 misc:494 imb:124 pmb:696 smb:100 d:- ref:0 ;
in:1763 out:1764 type:b dur:2 cpbdur:2 q:26.20 aq:27.52 tex:14587 mv:5361 misc:772 imb:6 pmb:380 smb:534 d:- ref:0 ;
in:1768 out:1765 type:P dur:2 cpbdur:2 q:26.37 aq:21.98 tex:94347 mv:8198 misc:359 imb:264 pmb:610 smb:46 d:- ref:0 ;
in:1766 out:1766 type:B dur:2 cpbdur:2 q:26.35 aq:24.69 tex:26026 mv:7253 misc:857 imb:35 pmb:518 smb:367 d:- ref:0 ;
in:1765 out:1767 type:b dur:2 cpbdur:2 q:26.34 aq:24.61 tex:95 mv:41 misc:192 imb:0 pmb:11 smb:909 d:- ref:0 ;
in:1767 out:1768 type:b dur:2 cpbdur:2 q:26.36 aq:26.51 tex:19338 mv:5960 misc:894 imb:25 pmb:444 smb:451 d:- ref:0 ;
in:1772 out:1769 type:P dur:2 cpbdur:2 q:26.55 aq:23.34 tex:85587 mv:7685 misc:488 imb:301 pmb:524 smb:95 d:- ref:0 ;
in:1770 out:1770 type:B dur:2 cpbdur:2 q:26.46 aq:25.71 tex:27032 mv:7273 misc:863 imb:43 pmb:541 smb:336 d:- ref:0 ;
in:1769 out:1771 type:b dur:2 cpbdur:2 q:26.41 aq:22.95 tex:229 mv:186 misc:385 imb:2 pmb:59 smb:859 d:- ref:0 ;
in:1771 out:1772 type:b dur:2 cpbdur:2 q:26.51 aq:26.10 tex:21742 mv:6412 misc:830 imb:39 pmb:485 smb:396 d:- ref:0 ;
in:1773 out:1773 type:P dur:2 cpbdur:2 q:26.80 aq:20.23 tex:166 mv:54 misc:236 imb:2 pmb:10 smb:908 d:- ref:0 ;
in:1774 out:1774 type:I dur:2 cpbdur:2 q:23.27 aq:17.80 tex:173886 mv:24896 misc:130 imb:920 pmb:0 smb:0 d:- ref:;
in:1776 out:1775 type:P dur:2 cpbdur:2 q:27.00 aq:21.11 tex:57451 mv:6252 misc:641 imb:118 pmb:634 smb:168 d:- ref:0 ;
in:1775 out:1776 type:b dur:2 cpbdur:2 q:27.00 aq:27.31 tex:9166 mv:4034 misc:784 imb:8 pmb:339 smb:573 d:- ref:0 ;
in:1780 out:1777 type:P dur:2 cpbdur:2 q:27.13 aq:21.45 tex:62616 mv:6439 misc:593 imb:163 pmb:630 smb:127 d:- ref:0 ;
in:1778 out:1778 type:B dur:2 cpbdur:2 q:27.06 aq:23.83 tex:8480 mv:3390 misc:818 imb:8 pmb:367 smb:545 d:- ref:0 ;
in:1777 out:1779 type:b dur:2 cpbdur:2 q:27.03 aq:22.33 tex:275 mv:253 misc:512 imb:0 pmb:105 smb:815 d:- ref:0 ;
in:1779 out:1780 type:b dur:2 cpbdur:2 q:27.09 aq:26.11 tex:6054 mv:2924 misc:686 imb:4 pmb:243 smb:673 d:- ref:0 ;
in:1784 out:1781 type:P dur:2 cpbdur:2 q:27.21 aq:21.25 tex:65586 mv:6395 misc:547 imb:249 pmb:558 smb:113 d:- ref:0 ;
in:1782 out:1782 type:B dur:2 cpbdur:2 q:27.17 aq:23.90 tex:17701 mv:4276 misc:855 imb:56 pmb:342 smb:522 d:- ref:0 ;
in:1781 out:1783 type:b dur:2 cpbdur:2 q:27.15 aq:24.66 tex:7048 mv:3032 misc:488 imb:10 pmb:199 smb:711 d:- ref:0 ;
in:1783 out:1784 type:b dur:2 cpbdur:2 q:27.19 aq:27.57 tex:6329 mv:2358 misc:449 imb:18 pmb:162 smb:740 d:- ref:0 ;
in:1788 out:1785 type:P dur:2 cpbdur:2 q:27.26 aq:22.24 tex:56645 mv:4680 misc:731 imb:130 pmb:506 smb:284 d:- ref:0 ;
in:1786 out:1786 type:B dur:2 cpbdur:2 q:27.24 aq:24.85 tex:12969 mv:2931 misc:724 imb:18 pmb:271 smb:631 d:- ref:0 ;
in:1785 out:1787 type:b dur:2 cpbdur:2 q:27.22 aq:26.28 tex:7030 mv:2081 misc:441 imb:20 pmb:147 smb:753 d:- ref:0 ;
in:1787 out:1788 type:b dur:2 cpbdur:2 q:27.25 aq:26.51 tex:5158 mv:1774 misc:444 imb:4 pmb:149 smb:767 d:- ref:0 ;
in:1792 out:1789 type:P dur:2 cpbdur:2 q:27.32 aq:22.69 tex:54314 mv:5765 misc:649 imb:139 pmb:577 smb:204 d:- ref:0 ;
in:1790 out:1790 type:B dur:2 cpbdur:2 q:27.29 aq:24.47 tex:14459 mv:4196 misc:897 imb:20 pmb:407 smb:493 d:- ref:0 ;
in:1789 out:1791 type:b dur:2 cpbdur:2 q:27.27 aq:22.50 tex:226 mv:341 misc:449 imb:0 pmb:75 smb:845 d:- ref:0 ;
in:1791 out:1792 type:b dur:2 cpbdur:2 q:27.30 aq:26.39 tex:6368 mv:3762 misc:838 imb:16 pmb:321 smb:583 d:- ref:0 ;
in:1796 out:1793 type:P dur:2 cpbdur:2 q:27.36 aq:23.23 tex:45304 mv:5412 misc:708 imb:188 pmb:530 smb:202 d:- ref:0 ;
in:1794 out:1794 type:B dur:2 cpbdur:2 q:27.34 aq:24.17 tex:25529 mv:5619 misc:772 imb:47 pmb:504 smb:369 d:- ref:0 ;
in:1793 out:1795 type:b dur:2 cpbdur:2 q:27.33 aq:25.61 tex:232 mv:288 misc:568 imb:2 pmb:137 smb:781 d:- ref:0 ;
in:1795 out:1796 type:b dur:2 cpbdur:2 q:27.35 aq:25.78 tex:8501 mv:2868 misc:623 imb:18 pmb:236 smb:666 d:- ref:0 ;
in:1798 out:1797 type:P dur:2 cpbdur:2 q:27.45 aq:24.41 tex:21228 mv:3369 misc:835 imb:78 pmb:374 smb:468 d:- ref:0 ;
in:1797 out:1798 type:b dur:2 cpbdur:2 q:27.40 aq:20.75 tex:619 mv:187 misc:530 imb:1 pmb:99 smb:820 d:- ref:0 ;
in:1800 out:1799 type:P dur:2 cpbdur:2 q:27.44 aq:27.01 tex:24465 mv:4054 misc:745 imb:108 pmb:354 smb:458 d:- ref:0 ;
in:1799 out:1800 type:b dur:2 cpbdur:2 q:27.44 aq:25.38 tex:7314 mv:2699 misc:491 imb:9 pmb:187 smb:724 d:- ref:0 ;
in:1801 out:1801 type:I dur:2 cpbdur:2 q:24.08 aq:19.64 tex:173007 mv:33722 misc:127 imb:920 pmb:0 smb:0 d:- ref:;
in:1803 out:1802 type:P dur:2 cpbdur:2 q:27.67 aq:24.48 tex:32769 mv:6146 misc:701 imb:93 pmb:611 smb:216 d:- ref:0 ;
in:1802 out:1803 type:b dur:2 cpbdur:2 q:27.67 aq:24.85 tex:86 mv:22 misc:164 imb:0 pmb:8 smb:912 d:- ref:0 ;
in:1805 out:1804 type:P dur:2 cpbdur:2 q:27.71 aq:23.87 tex:62814 mv:8256 misc:450 imb:169 pmb:668 smb:83 d:- ref:0 ;
in:1804 out:1805 type:b dur:2 cpbdur:2 q:27.69 aq:28.55 tex:11073 mv:6195 misc:852 imb:15 pmb:417 smb:488 d:- ref:0 ;
in:1807 out:1806 type:P dur:2 cpbdur:2 q:27.75 aq:23.48 tex:78840 mv:8247 misc:361 imb:176 pmb:696 smb:48 d:- ref:0 ;
in:1806 out:1807 type:b dur:2 cpbdur:2 q:27.73 aq:28.32 tex:10183 mv:6318 misc:787 imb:14 pmb:411 smb:495 d:- ref:0 ;
in:1811 out:1808 type:P dur:2 cpbdur:2 q:27.81 aq:23.72 tex:84821 mv:7706 misc:409 imb:185 pmb:663 smb:72 d:- ref:0 ;
in:1809 out:1809 type:B dur:2 cpbdur:2 q:27.78 aq:26.80 tex:24635 mv:7693 misc:816 imb:36 pmb:531 smb:353 d:- ref:0 ;
in:1808 out:1810 type:b dur:2 cpbdur:2 q:27.76 aq:28.66 tex:11237 mv:5132 misc:791 imb:13 pmb:361 smb:546 d:- ref:0 ;
in:1810 out:1811 type:b dur:2 cpbdur:2 q:27.79 aq:28.30 tex:8959 mv:5045 misc:780 imb:8 pmb:367 smb:545 d:- ref:0 ;
in:1815 out:1812 type:P dur:2 cpbdur:2 q:27.90 aq:24.40 tex:57897 mv:7341 misc:554 imb:151 pmb:651 smb:118 d:- ref:0 ;
in:1813 out:1813 type:B dur:2 cpbdur:2 q:27.85 aq:26.76 tex:15463 mv:6814 misc:875 imb:26 pmb:488 smb:406 d:- ref:0 ;
in:1812 out:1814 type:b dur:2 cpbdur:2 q:27.83 aq:28.55 tex:9177 mv:4930 misc:805 imb:10 pmb:354 smb:556 d:- ref:0 ;
in:1814 out:1815 type:b dur:2 cpbdur:2 q:27.87 aq:26.17 tex:298 mv:191 misc:303 imb:1 pmb:35 smb:884 d:- ref:0 ;
in:1817 out:1816 type:P dur:2 cpbdur:2 q:27.92 aq:23.69 tex:76102 mv:8006 misc:436 imb:195 pmb:647 smb:78 d:- ref:0 ;
in:1816 out:1817 type:b dur:2 cpbdur:2 q:27.91 aq:29.07 tex:11908 mv:5704 misc:828 imb:13 pmb:433 smb:474 d:- ref:0 ;
in:1819 out:1818 type:P dur:2 cpbdur:2 q:28.01 aq:24.34 tex:37947 mv:6087 misc:630 imb:90 pmb:697 smb:133 d:- ref:0 ;
in:1818 out:1819 type:b dur:2 cpbdur:2 q:27.96 aq:26.61 tex:193 mv:32 misc:199 imb:0 pmb:11 smb:909 d:- ref:0 ;
in:1821 out:1820 type:P dur:2 cpbdur:2 q:28.09 aq:24.05 tex:76196 mv:8254 misc:374 imb:232 pmb:632 smb:56 d:- ref:0 ;
in:1820 out:1821 type:b dur:2 cpbdur:2 q:28.05 aq:28.44 tex:13440 mv:6110 misc:834 imb:22 pmb:411 smb:487 d:- ref:0 ;
in:1823 out:1822 type:P dur:2 cpbdur:2 q:28.14 aq:24.74 tex:41012 mv:6528 misc:540 imb:118 pmb:686 smb:116 d:- ref:0 ;
in:1822 out:1823 type:b dur:2 cpbdur:2 q:28.12 aq:27.69 tex:268 mv:29 misc:215 imb:0 pmb:14 smb:906 d:- ref:0 ;
in:1825 out:1824 type:P dur:2 cpbdur:2 q:28.20 aq:24.66 tex:51980 mv:7603 misc:489 imb:195 pmb:623 smb:102 d:- ref:0 ;
in:1824 out:1825 type:b dur:2 cpbdur:2 q:28.17 aq:27.88 tex:8531 mv:5377 misc:860 imb:16 pmb:385 smb:519 d:- ref:0 ;
in:1828 out:1826 type:P dur:2 cpbdur:2 q:28.23 aq:25.36 tex:56252 mv:7958 misc:494 imb:198 pmb:614 smb:108 d:- ref:0 ;
in:1826 out:1827 type:B dur:2 cpbdur:2 q:28.21 aq:25.55 tex:19666 mv:6893 misc:873 imb:52 pmb:559 smb:309 d:- ref:0 ;
in:1827 out:1828 type:b dur:2 cpbdur:2 q:28.22 aq:23.56 tex:172 mv:377 misc:507 imb:3 pmb:100 smb:817 d:- ref:0 ;
in:1830 out:1829 type:P dur:2 cpbdur:2 q:28.31 aq:27.71 tex:31889 mv:6146 misc:693 imb:149 pmb:546 smb:225 d:- ref:0 ;
in:1829 out:1830 type:b dur:2 cpbdur:2 q:28.27 aq:27.38 tex:8204 mv:5024 misc:868 imb:25 pmb:364 smb:531 d:- ref:0 ;
in:1831 out:1831 type:I dur:2 cpbdur:2 q:24.89 aq:15.45 tex:249835 mv:27382 misc:143 imb:920 pmb:0 smb:0 d:- ref:;
in:1834 out:1832 type:P dur:2 cpbdur:2 q:28.73 aq:18.19 tex:5950 mv:486 misc:900 imb:13 pmb:239 smb:668 d:- ref:0 ;
in:1832 out:1833 type:B dur:2 cpbdur:2 q:28.73 aq:19.29 tex:61 mv:31 misc:164 imb:2 pmb:2 smb:916 d:- ref:0 ;
in:1833 out:1834 type:b dur:2 cpbdur:2 q:28.73 aq:20.08 tex:17 mv:3 misc:132 imb:0 pmb:1 smb:919 d:- ref:0 ;
in:1836 out:1835 type:P dur:2 cpbdur:2 q:28.72 aq:18.98 tex:10625 mv:532 misc:963 imb:9 pmb:327 smb:584 d:- ref:0 ;
in:1835 out:1836 type:b dur:2 cpbdur:2 q:28.72 aq:20.44 tex:69 mv:15 misc:164 imb:0 pmb:6 smb:914 d:- ref:0 ;
in:1838 out:1837 type:P dur:2 cpbdur:2 q:28.73 aq:19.88 tex:50188 mv:2614 misc:830 imb:66 pmb:500 smb:354 d:- ref:0 ;
in:1837 out:1838 type:b dur:2 cpbdur:2 q:28.72 aq:21.17 tex:111 mv:96 misc:377 imb:0 pmb:91 smb:829 d:- ref:0 ;
in:1842 out:1839 type:P dur:2 cpbdur:2 q:28.75 aq:19.55 tex:22513 mv:758 misc:977 imb:16 pmb:412 smb:492 d:- ref:0 ;
in:1840 out:1840 type:B dur:2 cpbdur:2 q:28.74 aq:18.80 tex:272 mv:70 misc:266 imb:0 pmb:22 smb:898 d:- ref:0 ;
in:1839 out:1841 type:b dur:2 cpbdur:2 q:28.73 aq:21.17 tex:180 mv:45 misc:215 imb:0 pmb:15 smb:905 d:- ref:0 ;
in:1841 out:1842 type:b dur:2 cpbdur:2 q:28.74 aq:21.38 tex:139 mv:53 misc:224 imb:0 pmb:15 smb:905 d:- ref:0 ;
in:1844 out:1843 type:P dur:2 cpbdur:2 q:28.64 aq:18.82 tex:21386 mv:844 misc:986 imb:22 pmb:463 smb:435 d:- ref:0 ;
in:1843 out:1844 type:b dur:2 cpbdur:2 q:28.69 aq:21.25 tex:122 mv:25 misc:213 imb:0 pmb:13 smb:907 d:- ref:0 ;
in:1846 out:1845 type:P dur:2 cpbdur:2 q:28.61 aq:18.83 tex:7537 mv:258 misc:821 imb:3 pmb:192 smb:725 d:- ref:0 ;
in:1845 out:1846 type:b dur:2 cpbdur:2 q:28.62 aq:20.59 tex:43 mv:13 misc:152 imb:0 pmb:4 smb:916 d:- ref:0 ;
in:1850 out:1847 type:P dur:2 cpbdur:2 q:28.57 aq:19.27 tex:4623 mv:160 misc:513 imb:3 pmb:91 smb:826 d:- ref:0 ;
in:1848 out:1848 type:B dur:2 cpbdur:2 q:28.59 aq:19.06 tex:44 mv:12 misc:168 imb:0 pmb:4 smb:916 d:- ref:0 ;
in:1847 out:1849 type:b dur:2 cpbdur:2 q:28.60 aq:20.59 tex:36 mv:10 misc:146 imb:0 pmb:3 smb:917 d:- ref:0 ;
in:1849 out:1850 type:b dur:2 cpbdur:2 q:28.58 aq:20.59 tex:44 mv:12 misc:152 imb:0 pmb:4 smb:916 d:- ref:0 ;
in:1854 out:1851 type:P dur:2 cpbdur:2 q:28.54 aq:18.95 tex:3058 mv:114 misc:476 imb:1 pmb:65 smb:854 d:- ref:0 ;
in:1852 out:1852 type:B dur:2 cpbdur:2 q:28.56 aq:19.06 tex:36 mv:13 misc:167 imb:0 pmb:4 smb:916 d:- ref:0 ;
in:1851 out:1853 type:b dur:2 cpbdur:2 q:28.56 aq:20.59 tex:44 mv:12 misc:152 imb:0 pmb:4 smb:916 d:- ref:0 ;
in:1853 out:1854 type:b dur:2 cpbdur:2 q:28.55 aq:19.99 tex:122 mv:35 misc:195 imb:1 pmb:10 smb:909 d:- ref:0 ;
in:1858 out:1855 type:P dur:2 cpbdur:2 q:28.47 aq:19.28 tex:7674 mv:217 misc:829 imb:3 pmb:199 smb:718 d:- ref:0 ;
in:1856 out:1856 type:B dur:2 cpbdur:2 q:28.51 aq:18.45 tex:202 mv:50 misc:268 imb:2 pmb:19 smb:899 d:- ref:0 ;
in:1855 out:1857 type:b dur:2 cpbdur:2 q:28.52 aq:22.00 tex:10 mv:4 misc:130 imb:0 pmb:1 smb:919 d:- ref:0 ;
in:1857 out:1858 type:b dur:2 cpbdur:2 q:28.49 aq:19.30 tex:47 mv:16 misc:145 imb:0 pmb:4 smb:916 d:- ref:0 ;
in:1861 out:1859 type:P dur:2 cpbdur:2 q:28.42 aq:18.11 tex:21568 mv:1064 misc:1000 imb:31 pmb:485 smb:404 d:- ref:0 ;
in:1859 out:1860 type:B dur:2 cpbdur:2 q:28.46 aq:18.63 tex:107 mv:32 misc:213 imb:1 pmb:8 smb:911 d:- ref:0 ;
in:1860 out:1861 type:b dur:2 cpbdur:2 q:28.44 aq:20.77 tex:79 mv:15 misc:162 imb:0 pmb:5 smb:915 d:- ref:0 ;
in:1865 out:1862 type:P dur:2 cpbdur:2 q:28.37 aq:17.30 tex:8882 mv:351 misc:839 imb:10 pmb:229 smb:681 d:- ref:0 ;
in:1863 out:1863 type:B dur:2 cpbdur:2 q:28.40 aq:17.34 tex:67 mv:11 misc:170 imb:0 pmb:4 smb:916 d:- ref:0 ;
in:1862 out:1864 type:b dur:2 cpbdur:2 q:28.41 aq:20.90 tex:37 mv:7 misc:140 imb:0 pmb:2 smb:918 d:- ref:0 ;
in:1864 out:1865 type:b dur:2 cpbdur:2 q:28.39 aq:22.00 tex:0 mv:0 misc:120 imb:0 pmb:0 smb:920 d:- ref:0 ;
in:1869 out:1866 type:P dur:2 cpbdur:2 q:28.30 aq:17.24 tex:6700 mv:203 misc:729 imb:2 pmb:159 smb:759 d:- ref:0 ;
in:1867 out:1867 type:B dur:2 cpbdur:2 q:28.34 aq:19.39 tex:50 mv:10 misc:172 imb:0 pmb:4 smb:916 d:- ref:0 ;
in:1866 out:1868 type:b dur:2 cpbdur:2 q:28.36 aq:22.00 tex:0 mv:0 misc:120 imb:0 pmb:0 smb:920 d:- ref:0 ;
in:1868 out:1869 type:b dur:2 cpbdur:2 q:28.32 aq:22.00 tex:0 mv:0 misc:120 imb:0 pmb:0 smb:920 d:- ref:0 ;
in:1873 out:1870 type:P dur:2 cpbdur:2 q:28.23 aq:19.59 tex:4277 mv:137 misc:474 imb:1 pmb:69 smb:850 d:- ref:0 ;
in:1871 out:1871 type:B dur:2 cpbdur:2 q:28.27 aq:19.39 tex:32 mv:11 misc:165 imb:0 pmb:3 smb:917 d:- ref:0 ;
in:1870 out:1872 type:b dur:2 cpbdur:2 q:28.29 aq:22.00 tex:1 mv:4 misc:131 imb:0 pmb:1 smb:919 d:- ref:0 ;
in:1872 out:1873 type:b dur:2 cpbdur:2 q:28.25 aq:22.00 tex:0 mv:0 misc:120 imb:0 pmb:0 smb:920 d:- ref:0 ;
in:1877 out:1874 type:P dur:2 cpbdur:2 q:28.17 aq:17.07 tex:3309 mv:165 misc:446 imb:2 pmb:58 smb:860 d:- ref:0 ;
in:1875 out:1875 type:B dur:2 cpbdur:2 q:28.20 aq:19.39 tex:48 mv:10 misc:174 imb:0 pmb:4 smb:916 d:- ref:0 ;
in:1874 out:1876 type:b dur:2 cpbdur:2 q:28.22 aq:22.00 tex:0 mv:0 misc:120 imb:0 pmb:0 smb:920 d:- ref:0 ;
in:1876 out:1877 type:b dur:2 cpbdur:2 q:28.19 aq:22.00 tex:0 mv:0 misc:120 imb:0 pmb:0 smb:920 d:- ref:0 ;
in:1881 out:1878 type:P dur:2 cpbdur:2 q:28.09 aq:16.37 tex:1792 mv:107 misc:445 imb:2 pmb:54 smb:864 d:- ref:0 ;
in:1879 out:1879 type:B dur:2 cpbdur:2 q:28.13 aq:17.52 tex:99 mv:16 misc:205 imb:0 pmb:8 smb:912 d:- ref:0 ;
in:1878 out:1880 type:b dur:2 cpbdur:2 q:28.15 aq:21.00 tex:0 mv:0 misc:120 imb:0 pmb:0 smb:920 d:- ref:0 ;
in:1880 out:1881 type:b dur:2 cpbdur:2 q:28.11 aq:21.00 tex:0 mv:0 misc:120 imb:0 pmb:0 smb:920 d:- ref:0 ;
in:1885 out:1882 type:P dur:2 cpbdur:2 q:28.08 aq:18.24 tex:2159 mv:104 misc:545 imb:1 pmb:76 smb:843 d:- ref:0 ;
in:1883 out:1883 type:B dur:2 cpbdur:2 q:28.09 aq:18.12 tex:100 mv:24 misc:220 imb:0 pmb:10 smb:910 d:- ref:0 ;
in:1882 out:1884 type:b dur:2 cpbdur:2 q:28.09 aq:21.00 tex:0 mv:0 misc:120 imb:0 pmb:0 smb:920 d:- ref:0 ;
in:1884 out:1885 type:b dur:2 cpbdur:2 q:28.08 aq:21.00 tex:0 mv:0 misc:120 imb:0 pmb:0 smb:920 d:- ref:0 ;
in:1889 out:1886 type:P dur:2 cpbdur:2 q:28.01 aq:18.19 tex:31090 mv:1733 misc:881 imb:111 pmb:536 smb:273 d:- ref:0 ;
in:1887 out:1887 type:B dur:2 cpbdur:2 q:28.04 aq:19.38 tex:384 mv:180 misc:412 imb:0 pmb:71 smb:849 d:- ref:0 ;
in:1886 out:1888 type:b dur:2 cpbdur:2 q:28.06 aq:21.00 tex:0 mv:0 misc:120 imb:0 pmb:0 smb:920 d:- ref:0 ;
in:1888 out:1889 type:b dur:2 cpbdur:2 q:28.03 aq:19.12 tex:409 mv:155 misc:364 imb:1 pmb:62 smb:857 d:- ref:0 ;
in:1893 out:1890 type:P dur:2 cpbdur:2 q:27.95 aq:18.21 tex:11390 mv:582 misc:988 imb:16 pmb:313 smb:591 d:- ref:0 ;
in:1891 out:1891 type:B dur:2 cpbdur:2 q:27.98 aq:20.56 tex:312 mv:47 misc:233 imb:0 pmb:16 smb:904 d:- ref:0 ;
in:1890 out:1892 type:b dur:2 cpbdur:2 q:27.99 aq:21.00 tex:13 mv:21 misc:158 imb:0 pmb:5 smb:915 d:- ref:0 ;
in:1892 out:1893 type:b dur:2 cpbdur:2 q:27.97 aq:25.59 tex:305 mv:28 misc:155 imb:0 pmb:6 smb:914 d:- ref:0 ;
in:1897 out:1894 type:P dur:2 cpbdur:2 q:27.80 aq:18.29 tex:9636 mv:429 misc:919 imb:9 pmb:248 smb:663 d:- ref:0 ;
in:1895 out:1895 type:B dur:2 cpbdur:2 q:27.88 aq:20.31 tex:763 mv:55 misc:206 imb:0 pmb:12 smb:908 d:- ref:0 ;
in:1894 out:1896 type:b dur:2 cpbdur:2 q:27.91 aq:20.11 tex:62 mv:28 misc:182 imb:0 pmb:10 smb:910 d:- ref:0 ;
in:1896 out:1897 type:b dur:2 cpbdur:2 q:27.84 aq:23.85 tex:550 mv:38 misc:156 imb:0 pmb:7 smb:913 d:- ref:0 ;
in:1901 out:1898 type:P dur:2 cpbdur:2 q:27.74 aq:18.44 tex:7798 mv:290 misc:832 imb:6 pmb:213 smb:701 d:- ref:0 ;
in:1899 out:1899 type:B dur:2 cpbdur:2 q:27.77 aq:22.11 tex:354 mv:38 misc:192 imb:0 pmb:10 smb:910 d:- ref:0 ;
in:1898 out:1900 type:b dur:2 cpbdur:2 q:27.79 aq:24.43 tex:248 mv:23 misc:145 imb:0 pmb:4 smb:916 d:- ref:0 ;
in:1900 out:1901 type:b dur:2 cpbdur:2 q:27.75 aq:20.11 tex:26 mv:19 misc:155 imb:0 pmb:5 smb:915 d:- ref:0 ;
in:1905 out:1902 type:P dur:2 cpbdur:2 q:27.67 aq:17.54 tex:13276 mv:1041 misc:1019 imb:26 pmb:346 smb:548 d:- ref:0 ;
in:1903 out:1903 type:B dur:2 cpbdur:2 q:27.70 aq:20.78 tex:78 mv:16 misc:162 imb:0 pmb:4 smb:916 d:- ref:0 ;
in:1902 out:1904 type:b dur:2 cpbdur:2 q:27.72 aq:25.11 tex:73 mv:16 misc:151 imb:0 pmb:4 smb:916 d:- ref:0 ;
in:1904 out:1905 type:b dur:2 cpbdur:2 q:27.68 aq:21.00 tex:0 mv:0 misc:120 imb:0 pmb:0 smb:920 d:- ref:0 ;
in:1909 out:1906 type:P dur:2 cpbdur:2 q:27.62 aq:17.74 tex:5934 mv:433 misc:857 imb:6 pmb:200 smb:714 d:- ref:0 ;
in:1907 out:1907 type:B dur:2 cpbdur:2 q:27.64 aq:21.87 tex:77 mv:12 misc:167 imb:0 pmb:3 smb:917 d:- ref:0 ;
in:1906 out:1908 type:b dur:2 cpbdur:2 q:27.65 aq:21.00 tex:0 mv:0 misc:120 imb:0 pmb:0 smb:920 d:- ref:0 ;
in:1908 out:1909 type:b dur:2 cpbdur:2 q:27.63 aq:21.00 tex:0 mv:0 misc:120 imb:0 pmb:0 smb:920 d:- ref:0 ;
in:1913 out:1910 type:P dur:2 cpbdur:2 q:27.54 aq:18.10 tex:2738 mv:170 misc:604 imb:4 pmb:91 smb:825 d:- ref:0 ;
in:1911 out:1911 type:B dur:2 cpbdur:2 q:27.58 aq:21.65 tex:98 mv:9 misc:165 imb:0 pmb:3 smb:917 d:- ref:0 ;
in:1910 out:1912 type:b dur:2 cpbdur:2 q:27.60 aq:21.00 tex:0 mv:0 misc:120 imb:0 pmb:0 smb:920 d:- ref:0 ;
in:1912 out:1913 type:b dur:2 cpbdur:2 q:27.56 aq:21.00 tex:0 mv:0 misc:120 imb:0 pmb:0 smb:920 d:- ref:0 ;
in:1917 out:1914 type:P dur:2 cpbdur:2 q:27.46 aq:17.23 tex:12276 mv:788 misc:968 imb:17 pmb:337 smb:566 d:- ref:0 ;
in:1915 out:1915 type:B dur:2 cpbdur:2 q:27.50 aq:16.91 tex:149 mv:53 misc:246 imb:0 pmb:16 smb:904 d:- ref:0 ;
in:1914 out:1916 type:b dur:2 cpbdur:2 q:27.52 aq:21.00 tex:0 mv:0 misc:120 imb:0 pmb:0 smb:920 d:- ref:0 ;
in:1916 out:1917 type:b dur:2 cpbdur:2 q:27.48 aq:29.64 tex:60 mv:19 misc:153 imb:0 pmb:5 smb:915 d:- ref:0 ;
in:1921 out:1918 type:P dur:2 cpbdur:2 q:27.39 aq:15.84 tex:5371 mv:375 misc:686 imb:5 pmb:140 smb:775 d:- ref:0 ;
in:1919 out:1919 type:B dur:2 cpbdur:2 q:27.43 aq:23.45 tex:129 mv:32 misc:183 imb:0 pmb:10 smb:910 d:- ref:0 ;
in:1918 out:1920 type:b dur:2 cpbdur:2 q:27.44 aq:30.13 tex:470 mv:38 misc:140 imb:0 pmb:6 smb:914 d:- ref:0 ;
in:1920 out:1921 type:b dur:2 cpbdur:2 q:27.41 aq:21.00 tex:9 mv:4 misc:131 imb:0 pmb:1 smb:919 d:- ref:0 ;
in:1925 out:1922 type:P dur:2 cpbdur:2 q:27.31 aq:15.84 tex:5928 mv:272 misc:624 imb:4 pmb:109 smb:807 d:- ref:0 ;
in:1923 out:1923 type:B dur:2 cpbdur:2 q:27.35 aq:22.46 tex:1470 mv:68 misc:174 imb:0 pmb:10 smb:910 d:- ref:0 ;
in:1922 out:1924 type:b dur:2 cpbdur:2 q:27.37 aq:30.93 tex:1011 mv:67 misc:146 imb:0 pmb:8 smb:912 d:- ref:0 ;
in:1924 out:1925 type:b dur:2 cpbdur:2 q:27.33 aq:21.00 tex:4 mv:18 misc:138 imb:0 pmb:6 smb:914 d:- ref:0 ;
in:1929 out:1926 type:P dur:2 cpbdur:2 q:27.23 aq:15.61 tex:4464 mv:195 misc:501 imb:3 pmb:69 smb:848 d:- ref:0 ;
in:1927 out:1927 type:B dur:2 cpbdur:2 q:27.27 aq:28.89 tex:1396 mv:81 misc:171 imb:0 pmb:10 smb:910 d:- ref:0 ;
in:1926 out:1928 type:b dur:2 cpbdur:2 q:27.29 aq:30.15 tex:740 mv:30 misc:142 imb:0 pmb:8 smb:912 d:- ref:0 ;
in:1928 out:1929 type:b dur:2 cpbdur:2 q:27.25 aq:30.97 tex:640 mv:36 misc:140 imb:0 pmb:7 smb:913 d:- ref:0 ;
in:1933 out:1930 type:P dur:2 cpbdur:2 q:27.15 aq:15.76 tex:3752 mv:146 misc:350 imb:3 pmb:35 smb:882 d:- ref:0 ;
in:1931 out:1931 type:B dur:2 cpbdur:2 q:27.19 aq:22.67 tex:767 mv:58 misc:183 imb:0 pmb:10 smb:910 d:- ref:0 ;
in:1930 out:1932 type:b dur:2 cpbdur:2 q:27.21 aq:21.00 tex:5 mv:21 misc:142 imb:0 pmb:6 smb:914 d:- ref:0 ;
in:1932 out:1933 type:b dur:2 cpbdur:2 q:27.17 aq:28.61 tex:694 mv:35 misc:143 imb:0 pmb:8 smb:912 d:- ref:0 ;
in:1937 out:1934 type:P dur:2 cpbdur:2 q:27.08 aq:15.36 tex:2691 mv:106 misc:267 imb:3 pmb:19 smb:898 d:- ref:0 ;
in:1935 out:1935 type:B dur:2 cpbdur:2 q:27.12 aq:27.74 tex:1019 mv:60 misc:169 imb:0 pmb:9 smb:911 d:- ref:0 ;
in:1934 out:1936 type:b dur:2 cpbdur:2 q:27.13 aq:21.00 tex:5 mv:15 misc:140 imb:0 pmb:5 smb:915 d:- ref:0 ;
in:1936 out:1937 type:b dur:2 cpbdur:2 q:27.10 aq:28.61 tex:849 mv:52 misc:139 imb:0 pmb:6 smb:914 d:- ref:0 ;
in:1938 out:1938 type:P dur:2 cpbdur:2 q:27.01 aq:15.58 tex:2323 mv:100 misc:241 imb:1 pmb:18 smb:901 d:- ref:0 ;
in:1942 out:1939 type:P dur:2 cpbdur:2 q:26.99 aq:19.49 tex:3114 mv:107 misc:219 imb:2 pmb:16 smb:902 d:- ref:0 ;
in:1940 out:1940 type:B dur:2 cpbdur:2 q:27.00 aq:21.59 tex:1627 mv:81 misc:188 imb:0 pmb:15 smb:905 d:- ref:0 ;
in:1939 out:1941 type:b dur:2 cpbdur:2 q:27.00 aq:21.00 tex:5 mv:22 misc:141 imb:0 pmb:7 smb:913 d:- ref:0 ;
in:1941 out:1942 type:b dur:2 cpbdur:2 q:26.99 aq:29.39 tex:1075 mv:100 misc:153 imb:0 pmb:11 smb:909 d:- ref:0 ;
in:1945 out:1943 type:P dur:2 cpbdur:2 q:26.90 aq:30.55 tex:1831 mv:68 misc:189 imb:1 pmb:12 smb:907 d:- ref:0 ;
in:1943 out:1944 type:B dur:2 cpbdur:2 q:26.96 aq:28.27 tex:761 mv:49 misc:158 imb:0 pmb:8 smb:912 d:- ref:0 ;
in:1944 out:1945 type:b dur:2 cpbdur:2 q:26.93 aq:29.30 tex:36 mv:21 misc:143 imb:0 pmb:7 smb:913 d:- ref:0 ;
in:1946 out:1946 type:P dur:2 cpbdur:2 q:26.84 aq:27.37 tex:141640 mv:7566 misc:170 imb:821 pmb:99 smb:0 d:- ref:0 ;
in:1947 out:1947 type:I dur:2 cpbdur:2 q:24.34 aq:15.96 tex:176551 mv:31333 misc:140 imb:920 pmb:0 smb:0 d:- ref:;
in:1951 out:1948 type:P dur:2 cpbdur:2 q:27.09 aq:21.35 tex:19548 mv:3159 misc:821 imb:10 pmb:475 smb:435 d:- ref:0 ;
in:1949 out:1949 type:B dur:2 cpbdur:2 q:27.09 aq:29.44 tex:978 mv:1293 misc:553 imb:0 pmb:129 smb:791 d:- ref:0 ;
in:1948 out:1950 type:b dur:2 cpbdur:2 q:27.09 aq:26.00 tex:7 mv:64 misc:449 imb:0 pmb:78 smb:842 d:- ref:0 ;
in:1950 out:1951 type:b dur:2 cpbdur:2 q:27.09 aq:28.34 tex:365 mv:575 misc:380 imb:0 pmb:67 smb:853 d:- ref:0 ;
in:1955 out:1952 type:P dur:2 cpbdur:2 q:27.05 aq:20.20 tex:42481 mv:4005 misc:666 imb:15 pmb:607 smb:298 d:- ref:0 ;
in:1953 out:1953 type:B dur:2 cpbdur:2 q:27.07 aq:27.29 tex:2058 mv:2023 misc:695 imb:0 pmb:202 smb:718 d:- ref:0 ;
in:1952 out:1954 type:b dur:2 cpbdur:2 q:27.08 aq:28.06 tex:636 mv:337 misc:331 imb:1 pmb:42 smb:877 d:- ref:0 ;
in:1954 out:1955 type:b dur:2 cpbdur:2 q:27.06 aq:29.94 tex:690 mv:539 misc:363 imb:0 pmb:59 smb:861 d:- ref:0 ;
in:1959 out:1956 type:P dur:2 cpbdur:2 q:27.02 aq:20.33 tex:31682 mv:3626 misc:756 imb:14 pmb:560 smb:346 d:- ref:0 ;
in:1957 out:1957 type:B dur:2 cpbdur:2 q:27.03 aq:27.44 tex:1939 mv:1473 misc:628 imb:1 pmb:150 smb:769 d:- ref:0 ;
in:1956 out:1958 type:b dur:2 cpbdur:2 q:27.04 aq:28.22 tex:454 mv:277 misc:293 imb:0 pmb:31 smb:889 d:- ref:0 ;
in:1958 out:1959 type:b dur:2 cpbdur:2 q:27.02 aq:27.41 tex:433 mv:319 misc:304 imb:0 pmb:35 smb:885 d:- ref:0 ;
in:1963 out:1960 type:P dur:2 cpbdur:2 q:27.16 aq:20.46 tex:32342 mv:3544 misc:754 imb:18 pmb:539 smb:363 d:- ref:0 ;
in:1961 out:1961 type:B dur:2 cpbdur:2 q:27.09 aq:24.67 tex:1786 mv:1476 misc:706 imb:0 pmb:209 smb:711 d:- ref:0 ;
in:1960 out:1962 type:b dur:2 cpbdur:2 q:27.05 aq:18.93 tex:45 mv:270 misc:437 imb:0 pmb:77 smb:843 d:- ref:0 ;
in:1962 out:1963 type:b dur:2 cpbdur:2 q:27.12 aq:29.03 tex:1158 mv:1038 misc:548 imb:2 pmb:121 smb:797 d:- ref:0 ;
in:1967 out:1964 type:P dur:2 cpbdur:2 q:27.16 aq:20.97 tex:32583 mv:3893 misc:724 imb:23 pmb:559 smb:338 d:- ref:0 ;
in:1965 out:1965 type:B dur:2 cpbdur:2 q:27.16 aq:24.62 tex:2356 mv:1747 misc:753 imb:0 pmb:245 smb:675 d:- ref:0 ;
in:1964 out:1966 type:b dur:2 cpbdur:2 q:27.16 aq:25.63 tex:84 mv:320 misc:444 imb:0 pmb:82 smb:838 d:- ref:0 ;
in:1966 out:1967 type:b dur:2 cpbdur:2 q:27.16 aq:28.94 tex:945 mv:1132 misc:579 imb:0 pmb:143 smb:777 d:- ref:0 ;
in:1971 out:1968 type:P dur:2 cpbdur:2 q:27.14 aq:21.15 tex:21143 mv:3333 misc:732 imb:13 pmb:511 smb:396 d:- ref:0 ;
in:1969 out:1969 type:B dur:2 cpbdur:2 q:27.15 aq:27.13 tex:1863 mv:1891 misc:718 imb:0 pmb:210 smb:710 d:- ref:0 ;
in:1968 out:1970 type:b dur:2 cpbdur:2 q:27.15 aq:25.71 tex:85 mv:344 misc:491 imb:0 pmb:100 smb:820 d:- ref:0 ;
in:1970 out:1971 type:b dur:2 cpbdur:2 q:27.15 aq:29.49 tex:342 mv:544 misc:354 imb:0 pmb:57 smb:863 d:- ref:0 ;
in:1975 out:1972 type:P dur:2 cpbdur:2 q:27.07 aq:21.43 tex:34894 mv:4200 misc:730 imb:22 pmb:587 smb:311 d:- ref:0 ;
in:1973 out:1973 type:B dur:2 cpbdur:2 q:27.11 aq:26.10 tex:3967 mv:2538 misc:823 imb:0 pmb:273 smb:647 d:- ref:0 ;
in:1972 out:1974 type:b dur:2 cpbdur:2 q:27.13 aq:26.00 tex:17 mv:270 misc:305 imb:0 pmb:56 smb:864 d:- ref:0 ;
in:1974 out:1975 type:b dur:2 cpbdur:2 q:27.09 aq:29.94 tex:406 mv:613 misc:437 imb:0 pmb:78 smb:842 d:- ref:0 ;
in:1979 out:1976 type:P dur:2 cpbdur:2 q:27.05 aq:21.01 tex:29136 mv:4019 misc:749 imb:24 pmb:590 smb:306 d:- ref:0 ;
in:1977 out:1977 type:B dur:2 cpbdur:2 q:27.06 aq:26.19 tex:2338 mv:2291 misc:779 imb:2 pmb:238 smb:680 d:- ref:0 ;
in:1976 out:1978 type:b dur:2 cpbdur:2 q:27.07 aq:29.11 tex:560 mv:840 misc:480 imb:1 pmb:86 smb:833 d:- ref:0 ;
in:1978 out:1979 type:b dur:2 cpbdur:2 q:27.06 aq:29.03 tex:302 mv:498 misc:376 imb:0 pmb:55 smb:865 d:- ref:0 ;
in:1983 out:1980 type:P dur:2 cpbdur:2 q:27.01 aq:22.66 tex:21590 mv:3657 misc:817 imb:20 pmb:504 smb:396 d:- ref:0 ;
in:1981 out:1981 type:B dur:2 cpbdur:2 q:27.03 aq:26.90 tex:2349 mv:1741 misc:678 imb:1 pmb:188 smb:731 d:- ref:0 ;
in:1980 out:1982 type:b dur:2 cpbdur:2 q:27.04 aq:28.31 tex:525 mv:523 misc:432 imb:0 pmb:68 smb:852 d:- ref:0 ;
in:1982 out:1983 type:b dur:2 cpbdur:2 q:27.02 aq:28.68 tex:673 mv:443 misc:372 imb:0 pmb:57 smb:863 d:- ref:0 ;
in:1985 out:1984 type:P dur:2 cpbdur:2 q:26.97 aq:23.48 tex:7971 mv:1811 misc:858 imb:7 pmb:320 smb:593 d:- ref:0 ;
in:1984 out:1985 type:b dur:2 cpbdur:2 q:26.99 aq:27.65 tex:250 mv:250 misc:300 imb:0 pmb:39 smb:881 d:- ref:0 ;
in:1988 out:1986 type:P dur:2 cpbdur:2 q:26.95 aq:26.98 tex:2337 mv:1365 misc:714 imb:2 pmb:208 smb:710 d:- ref:0 ;
in:1986 out:1987 type:B dur:2 cpbdur:2 q:26.96 aq:26.00 tex:19 mv:211 misc:394 imb:0 pmb:78 smb:842 d:- ref:0 ;
in:1987 out:1988 type:b dur:2 cpbdur:2 q:26.96 aq:30.62 tex:680 mv:808 misc:504 imb:0 pmb:103 smb:817 d:- ref:0 ;
in:1989 out:1989 type:I dur:2 cpbdur:2 q:24.16 aq:15.65 tex:109354 mv:30600 misc:142 imb:920 pmb:0 smb:0 d:- ref:;
in:1990 out:1990 type:P dur:2 cpbdur:2 q:27.02 aq:17.70 tex:685 mv:140 misc:407 imb:0 pmb:48 smb:872 d:- ref:0 ;
in:1994 out:1991 type:P dur:2 cpbdur:2 q:27.02 aq:19.59 tex:26530 mv:4715 misc:739 imb:85 pmb:438 smb:397 d:- ref:0 ;
in:1992 out:1992 type:B dur:2 cpbdur:2 q:27.02 aq:26.02 tex:2337 mv:2086 misc:689 imb:11 pmb:228 smb:681 d:- ref:0 ;
in:1991 out:1993 type:b dur:2 cpbdur:2 q:27.02 aq:27.48 tex:2110 mv:2337 misc:561 imb:4 pmb:195 smb:721 d:- ref:0 ;
in:1993 out:1994 type:b dur:2 cpbdur:2 q:27.02 aq:24.74 tex:98 mv:223 misc:463 imb:0 pmb:92 smb:828 d:- ref:0 ;
in:1998 out:1995 type:P dur:2 cpbdur:2 q:26.98 aq:20.36 tex:20154 mv:3876 misc:826 imb:33 pmb:486 smb:401 d:- ref:0 ;
in:1996 out:1996 type:B dur:2 cpbdur:2 q:27.00 aq:24.68 tex:2481 mv:1849 misc:590 imb:0 pmb:194 smb:726 d:- ref:0 ;
in:1995 out:1997 type:b dur:2 cpbdur:2 q:27.01 aq:25.89 tex:670 mv:947 misc:447 imb:0 pmb:99 smb:821 d:- ref:0 ;
in:1997 out:1998 type:b dur:2 cpbdur:2 q:26.99 aq:24.81 tex:67 mv:422 misc:471 imb:0 pmb:113 smb:807 d:- ref:0 ;
in:2002 out:1999 type:P dur:2 cpbdur:2 q:26.91 aq:19.22 tex:25036 mv:3298 misc:802 imb:94 pmb:326 smb:500 d:- ref:0 ;
in:2000 out:2000 type:B dur:2 cpbdur:2 q:26.94 aq:24.46 tex:5163 mv:2509 misc:552 imb:15 pmb:191 smb:714 d:- ref:0 ;
in:1999 out:2001 type:b dur:2 cpbdur:2 q:26.96 aq:25.95 tex:1745 mv:1397 misc:402 imb:6 pmb:114 smb:800 d:- ref:0 ;
in:2001 out:2002 type:b dur:2 cpbdur:2 q:26.93 aq:26.70 tex:2757 mv:1771 misc:392 imb:8 pmb:130 smb:782 d:- ref:0 ;
in:2006 out:2003 type:P dur:2 cpbdur:2 q:26.90 aq:19.96 tex:23541 mv:3528 misc:763 imb:74 pmb:367 smb:479 d:- ref:0 ;
in:2004 out:2004 type:B dur:2 cpbdur:2 q:26.91 aq:25.13 tex:5883 mv:2830 misc:551 imb:15 pmb:232 smb:673 d:- ref:0 ;
in:2003 out:2005 type:b dur:2 cpbdur:2 q:26.91 aq:26.76 tex:1934 mv:1435 misc:351 imb:0 pmb:125 smb:795 d:- ref:0 ;
in:2005 out:2006 type:b dur:2 cpbdur:2 q:26.90 aq:26.99 tex:3104 mv:2207 misc:505 imb:6 pmb:175 smb:739 d:- ref:0 ;
in:2010 out:2007 type:P dur:2 cpbdur:2 q:26.86 aq:20.81 tex:26388 mv:4090 misc:626 imb:64 pmb:391 smb:465 d:- ref:0 ;
in:2008 out:2008 type:B dur:2 cpbdur:2 q:26.88 aq:24.17 tex:6339 mv:2720 misc:581 imb:7 pmb:251 smb:662 d:- ref:0 ;
in:2007 out:2009 type:b dur:2 cpbdur:2 q:26.89 aq:27.31 tex:2595 mv:2137 misc:540 imb:4 pmb:183 smb:733 d:- ref:0 ;
in:2009 out:2010 type:b dur:2 cpbdur:2 q:26.87 aq:26.02 tex:1596 mv:1236 misc:504 imb:1 pmb:133 smb:786 d:- ref:0 ;
in:2014 out:2011 type:P dur:2 cpbdur:2 q:26.84 aq:20.69 tex:31232 mv:5152 misc:736 imb:109 pmb:445 smb:366 d:- ref:0 ;
in:2012 out:2012 type:B dur:2 cpbdur:2 q:26.85 aq:25.87 tex:5992 mv:3456 misc:536 imb:22 pmb:244 smb:654 d:- ref:0 ;
in:2011 out:2013 type:b dur:2 cpbdur:2 q:26.86 aq:25.28 tex:256 mv:193 misc:455 imb:0 pmb:93 smb:827 d:- ref:0 ;
in:2013 out:2014 type:b dur:2 cpbdur:2 q:26.85 aq:26.34 tex:3183 mv:2383 misc:570 imb:3 pmb:205 smb:712 d:- ref:0 ;
in:2018 out:2015 type:P dur:2 cpbdur:2 q:26.83 aq:21.06 tex:28658 mv:4797 misc:673 imb:145 pmb:359 smb:416 d:- ref:0 ;
in:2016 out:2016 type:B dur:2 cpbdur:2 q:26.83 aq:25.58 tex:3710 mv:2383 misc:619 imb:10 pmb:212 smb:698 d:- ref:0 ;
in:2015 out:2017 type:b dur:2 cpbdur:2 q:26.84 aq:26.18 tex:91 mv:266 misc:379 imb:0 pmb:76 smb:844 d:- ref:0 ;
in:2017 out:2018 type:b dur:2 cpbdur:2 q:26.83 aq:25.77 tex:5366 mv:3155 misc:599 imb:33 pmb:228 smb:659 d:- ref:0 ;
in:2022 out:2019 type:P dur:2 cpbdur:2 q:26.82 aq:22.19 tex:24754 mv:4847 misc:759 imb:155 pmb:382 smb:383 d:- ref:0 ;
in:2020 out:2020 type:B dur:2 cpbdur:2 q:26.82 aq:24.62 tex:6562 mv:3088 misc:790 imb:21 pmb:309 smb:590 d:- ref:0 ;
in:2019 out:2021 type:b dur:2 cpbdur:2 q:26.82 aq:24.43 tex:102 mv:258 misc:432 imb:0 pmb:92 smb:828 d:- ref:0 ;
in:2021 out:2022 type:b dur:2 cpbdur:2 q:26.82 aq:25.68 tex:4481 mv:2713 misc:686 imb:16 pmb:242 smb:662 d:- ref:0 ;
in:2025 out:2023 type:P dur:2 cpbdur:2 q:26.79 aq:25.21 tex:9926 mv:2826 misc:808 imb:67 pmb:265 smb:588 d:- ref:0 ;
in:2023 out:2024 type:B dur:2 cpbdur:2 q:26.81 aq:24.16 tex:182 mv:370 misc:536 imb:1 pmb:108 smb:811 d:- ref:0 ;
in:2024 out:2025 type:b dur:2 cpbdur:2 q:26.80 aq:26.56 tex:2895 mv:1901 misc:604 imb:2 pmb:164 smb:754 d:- ref:0 ;
in:2026 out:2026 type:I dur:2 cpbdur:2 q:23.98 aq:15.67 tex:123346 mv:33871 misc:151 imb:920 pmb:0 smb:0 d:- ref:;
in:2030 out:2027 type:P dur:2 cpbdur:2 q:26.88 aq:20.05 tex:7044 mv:2756 misc:912 imb:2 pmb:454 smb:464 d:- ref:0 ;
in:2028 out:2028 type:B dur:2 cpbdur:2 q:26.88 aq:23.36 tex:154 mv:645 misc:409 imb:0 pmb:72 smb:848 d:- ref:0 ;
in:2027 out:2029 type:b dur:2 cpbdur:2 q:26.88 aq:17.92 tex:51 mv:109 misc:184 imb:0 pmb:9 smb:911 d:- ref:0 ;
in:2029 out:2030 type:b dur:2 cpbdur:2 q:26.88 aq:23.20 tex:101 mv:162 misc:241 imb:0 pmb:19 smb:901 d:- ref:0 ;
in:2034 out:2031 type:P dur:2 cpbdur:2 q:26.84 aq:19.53 tex:12384 mv:3508 misc:868 imb:6 pmb:604 smb:310 d:- ref:0 ;
in:2032 out:2032 type:B dur:2 cpbdur:2 q:26.86 aq:24.90 tex:567 mv:457 misc:520 imb:0 pmb:83 smb:837 d:- ref:0 ;
in:2031 out:2033 type:b dur:2 cpbdur:2 q:26.87 aq:17.84 tex:50 mv:76 misc:202 imb:0 pmb:11 smb:909 d:- ref:0 ;
in:2033 out:2034 type:b dur:2 cpbdur:2 q:26.85 aq:23.68 tex:169 mv:181 misc:282 imb:0 pmb:27 smb:893 d:- ref:0 ;
in:2038 out:2035 type:P dur:2 cpbdur:2 q:26.80 aq:19.70 tex:8717 mv:2899 misc:928 imb:3 pmb:495 smb:422 d:- ref:0 ;
in:2036 out:2036 type:B dur:2 cpbdur:2 q:26.82 aq:22.75 tex:888 mv:1086 misc:578 imb:0 pmb:130 smb:790 d:- ref:0 ;
in:2035 out:2037 type:b dur:2 cpbdur:2 q:26.83 aq:24.80 tex:97 mv:192 misc:335 imb:0 pmb:55 smb:865 d:- ref:0 ;
in:2037 out:2038 type:b dur:2 cpbdur:2 q:26.81 aq:26.61 tex:469 mv:687 misc:420 imb:0 pmb:77 smb:843 d:- ref:0 ;
in:2042 out:2039 type:P dur:2 cpbdur:2 q:26.79 aq:19.81 tex:17059 mv:5155 misc:794 imb:17 pmb:668 smb:235 d:- ref:0 ;
in:2040 out:2040 type:B dur:2 cpbdur:2 q:26.80 aq:23.66 tex:1252 mv:1758 misc:894 imb:0 pmb:270 smb:650 d:- ref:0 ;
in:2039 out:2041 type:b dur:2 cpbdur:2 q:26.80 aq:23.96 tex:78 mv:144 misc:298 imb:0 pmb:39 smb:881 d:- ref:0 ;
in:2041 out:2042 type:b dur:2 cpbdur:2 q:26.79 aq:27.12 tex:794 mv:1237 misc:601 imb:0 pmb:143 smb:777 d:- ref:0 ;
in:2046 out:2043 type:P dur:2 cpbdur:2 q:26.73 aq:20.03 tex:11633 mv:4430 misc:865 imb:15 pmb:636 smb:269 d:- ref:0 ;
in:2044 out:2044 type:B dur:2 cpbdur:2 q:26.76 aq:24.11 tex:1299 mv:1266 misc:755 imb:1 pmb:177 smb:742 d:- ref:0 ;
in:2043 out:2045 type:b dur:2 cpbdur:2 q:26.78 aq:23.01 tex:146 mv:381 misc:473 imb:1 pmb:83 smb:836 d:- ref:0 ;
in:2045 out:2046 type:b dur:2 cpbdur:2 q:26.74 aq:25.75 tex:137 mv:441 misc:286 imb:0 pmb:43 smb:877 d:- ref:0 ;
in:2050 out:2047 type:P dur:2 cpbdur:2 q:26.67 aq:20.19 tex:13799 mv:4475 misc:838 imb:13 pmb:626 smb:281 d:- ref:0 ;
in:2048 out:2048 type:B dur:2 cpbdur:2 q:26.70 aq:23.56 tex:1442 mv:1528 misc:686 imb:2 pmb:161 smb:757 d:- ref:0 ;
in:2047 out:2049 type:b dur:2 cpbdur:2 q:26.71 aq:24.70 tex:62 mv:389 misc:485 imb:0 pmb:76 smb:844 d:- ref:0 ;
in:2049 out:2050 type:b dur:2 cpbdur:2 q:26.69 aq:24.20 tex:368 mv:335 misc:337 imb:0 pmb:46 smb:874 d:- ref:0 ;
in:2054 out:2051 type:P dur:2 cpbdur:2 q:26.62 aq:20.37 tex:12164 mv:4668 misc:848 imb:18 pmb:633 smb:269 d:- ref:0 ;
in:2052 out:2052 type:B dur:2 cpbdur:2 q:26.65 aq:23.69 tex:1636 mv:1634 misc:682 imb:1 pmb:189 smb:730 d:- ref:0 ;
in:2051 out:2053 type:b dur:2 cpbdur:2 q:26.66 aq:23.68 tex:299 mv:464 misc:357 imb:1 pmb:49 smb:870 d:- ref:0 ;
in:2053 out:2054 type:b dur:2 cpbdur:2 q:26.63 aq:26.22 tex:905 mv:966 misc:393 imb:0 pmb:103 smb:817 d:- ref:0 ;
in:2058 out:2055 type:P dur:2 cpbdur:2 q:26.56 aq:21.46 tex:8534 mv:3247 misc:891 imb:7 pmb:488 smb:425 d:- ref:0 ;
in:2056 out:2056 type:B dur:2 cpbdur:2 q:26.59 aq:24.20 tex:2386 mv:1854 misc:632 imb:0 pmb:192 smb:728 d:- ref:0 ;
in:2055 out:2057 type:b dur:2 cpbdur:2 q:26.60 aq:24.06 tex:361 mv:784 misc:399 imb:0 pmb:77 smb:843 d:- ref:0 ;
in:2057 out:2058 type:b dur:2 cpbdur:2 q:26.58 aq:26.13 tex:1014 mv:1010 misc:520 imb:0 pmb:129 smb:791 d:- ref:0 ;
in:2062 out:2059 type:P dur:2 cpbdur:2 q:26.50 aq:20.71 tex:28963 mv:6832 misc:701 imb:100 pmb:622 smb:198 d:- ref:0 ;
in:2060 out:2060 type:B dur:2 cpbdur:2 q:26.53 aq:22.69 tex:9019 mv:3772 misc:673 imb:21 pmb:320 smb:579 d:- ref:0 ;
in:2059 out:2061 type:b dur:2 cpbdur:2 q:26.55 aq:27.44 tex:3752 mv:2917 misc:619 imb:10 pmb:235 smb:675 d:- ref:0 ;
in:2061 out:2062 type:b dur:2 cpbdur:2 q:26.52 aq:18.95 tex:62 mv:141 misc:309 imb:2 pmb:28 smb:890 d:- ref:0 ;
in:2066 out:2063 type:P dur:2 cpbdur:2 q:26.46 aq:21.56 tex:20641 mv:5239 misc:800 imb:53 pmb:562 smb:305 d:- ref:0 ;
in:2064 out:2064 type:B dur:2 cpbdur:2 q:26.48 aq:23.57 tex:2890 mv:1866 misc:844 imb:2 pmb:285 smb:633 d:- ref:0 ;
in:2063 out:2065 type:b dur:2 cpbdur:2 q:26.49 aq:26.89 tex:1387 mv:1407 misc:558 imb:1 pmb:152 smb:767 d:- ref:0 ;
in:2065 out:2066 type:b dur:2 cpbdur:2 q:26.47 aq:23.18 tex:239 mv:320 misc:489 imb:0 pmb:83 smb:837 d:- ref:0 ;
in:2068 out:2067 type:P dur:2 cpbdur:2 q:26.41 aq:21.68 tex:3349 mv:1697 misc:834 imb:2 pmb:287 smb:631 d:- ref:0 ;
in:2067 out:2068 type:b dur:2 cpbdur:2 q:26.44 aq:26.77 tex:335 mv:457 misc:360 imb:0 pmb:57 smb:863 d:- ref:0 ;
in:2069 out:2069 type:P dur:2 cpbdur:2 q:26.36 aq:20.10 tex:349 mv:63 misc:300 imb:0 pmb:19 smb:901 d:- ref:0 ;
in:2070 out:2070 type:I dur:2 cpbdur:2 q:23.71 aq:14.26 tex:325025 mv:28727 misc:136 imb:920 pmb:0 smb:0 d:- ref:;
in:2074 out:2071 type:P dur:2 cpbdur:2 q:26.86 aq:16.67 tex:11790 mv:412 misc:918 imb:13 pmb:246 smb:661 d:- ref:0 ;
in:2072 out:2072 type:B dur:2 cpbdur:2 q:26.86 aq:20.61 tex:561 mv:124 misc:275 imb:2 pmb:24 smb:894 d:- ref:0 ;
in:2071 out:2073 type:b dur:2 cpbdur:2 q:26.86 aq:24.68 tex:229 mv:39 misc:196 imb:0 pmb:12 smb:908 d:- ref:0 ;
in:2073 out:2074 type:b dur:2 cpbdur:2 q:26.86 aq:19.76 tex:96 mv:21 misc:179 imb:0 pmb:8 smb:912 d:- ref:0 ;
in:2078 out:2075 type:P dur:2 cpbdur:2 q:26.81 aq:16.43 tex:7811 mv:240 misc:821 imb:4 pmb:199 smb:717 d:- ref:0 ;
in:2076 out:2076 type:B dur:2 cpbdur:2 q:26.84 aq:18.92 tex:872 mv:39 misc:297 imb:0 pmb:29 smb:891 d:- ref:0 ;
in:2075 out:2077 type:b dur:2 cpbdur:2 q:26.85 aq:28.56 tex:112 mv:6 misc:138 imb:0 pmb:2 smb:918 d:- ref:0 ;
in:2077 out:2078 type:b dur:2 cpbdur:2 q:26.83 aq:28.87 tex:255 mv:12 misc:141 imb:0 pmb:4 smb:916 d:- ref:0 ;
in:2081 out:2079 type:P dur:2 cpbdur:2 q:26.74 aq:16.24 tex:5717 mv:177 misc:642 imb:2 pmb:111 smb:807 d:- ref:0 ;
in:2079 out:2080 type:B dur:2 cpbdur:2 q:26.79 aq:19.01 tex:669 mv:39 misc:204 imb:0 pmb:12 smb:908 d:- ref:0 ;
in:2080 out:2081 type:b dur:2 cpbdur:2 q:26.77 aq:29.32 tex:302 mv:27 misc:143 imb:0 pmb:4 smb:916 d:- ref:0 ;
in:2085 out:2082 type:P dur:2 cpbdur:2 q:26.60 aq:17.91 tex:8719 mv:191 misc:682 imb:3 pmb:147 smb:770 d:- ref:0 ;
in:2083 out:2083 type:B dur:2 cpbdur:2 q:26.67 aq:27.32 tex:391 mv:42 misc:167 imb:0 pmb:6 smb:914 d:- ref:0 ;
in:2082 out:2084 type:b dur:2 cpbdur:2 q:26.71 aq:29.40 tex:129 mv:8 misc:143 imb:0 pmb:3 smb:917 d:- ref:0 ;
in:2084 out:2085 type:b dur:2 cpbdur:2 q:26.64 aq:21.00 tex:10 mv:4 misc:130 imb:0 pmb:1 smb:919 d:- ref:0 ;
in:2089 out:2086 type:P dur:2 cpbdur:2 q:26.53 aq:16.84 tex:7339 mv:203 misc:738 imb:3 pmb:163 smb:754 d:- ref:0 ;
in:2087 out:2087 type:B dur:2 cpbdur:2 q:26.57 aq:26.49 tex:449 mv:32 misc:159 imb:0 pmb:7 smb:913 d:- ref:0 ;
in:2086 out:2088 type:b dur:2 cpbdur:2 q:26.58 aq:19.16 tex:35 mv:14 misc:151 imb:0 pmb:4 smb:916 d:- ref:0 ;
in:2088 out:2089 type:b dur:2 cpbdur:2 q:26.55 aq:20.83 tex:288 mv:25 misc:159 imb:0 pmb:7 smb:913 d:- ref:0 ;
in:2093 out:2090 type:P dur:2 cpbdur:2 q:26.45 aq:15.44 tex:15722 mv:493 misc:985 imb:5 pmb:356 smb:559 d:- ref:0 ;
in:2091 out:2091 type:B dur:2 cpbdur:2 q:26.49 aq:18.92 tex:188 mv:27 misc:193 imb:0 pmb:8 smb:912 d:- ref:0 ;
in:2090 out:2092 type:b dur:2 cpbdur:2 q:26.51 aq:21.00 tex:0 mv:0 misc:120 imb:0 pmb:0 smb:920 d:- ref:0 ;
in:2092 out:2093 type:b dur:2 cpbdur:2 q:26.47 aq:21.00 tex:0 mv:0 misc:120 imb:0 pmb:0 smb:920 d:- ref:0 ;
in:2097 out:2094 type:P dur:2 cpbdur:2 q:26.41 aq:15.50 tex:8469 mv:189 misc:726 imb:1 pmb:163 smb:756 d:- ref:0 ;
in:2095 out:2095 type:B dur:2 cpbdur:2 q:26.43 aq:21.16 tex:458 mv:34 misc:164 imb:0 pmb:6 smb:914 d:- ref:0 ;
in:2094 out:2096 type:b dur:2 cpbdur:2 q:26.44 aq:29.32 tex:186 mv:8 misc:134 imb:0 pmb:3 smb:917 d:- ref:0 ;
in:2096 out:2097 type:b dur:2 cpbdur:2 q:26.42 aq:21.00 tex:4 mv:12 misc:136 imb:0 pmb:4 smb:916 d:- ref:0 ;
in:2101 out:2098 type:P dur:2 cpbdur:2 q:26.33 aq:14.46 tex:5721 mv:133 misc:626 imb:1 pmb:113 smb:806 d:- ref:0 ;
in:2099 out:2099 type:B dur:2 cpbdur:2 q:26.37 aq:21.24 tex:758 mv:35 misc:175 imb:0 pmb:8 smb:912 d:- ref:0 ;
in:2098 out:2100 type:b dur:2 cpbdur:2 q:26.39 aq:29.15 tex:343 mv:16 misc:137 imb:0 pmb:4 smb:916 d:- ref:0 ;
in:2100 out:2101 type:b dur:2 cpbdur:2 q:26.35 aq:29.15 tex:199 mv:6 misc:131 imb:0 pmb:2 smb:918 d:- ref:0 ;
in:2105 out:2102 type:P dur:2 cpbdur:2 q:26.25 aq:14.27 tex:3013 mv:104 misc:531 imb:0 pmb:81 smb:839 d:- ref:0 ;
in:2103 out:2103 type:B dur:2 cpbdur:2 q:26.29 aq:20.99 tex:565 mv:37 misc:174 imb:0 pmb:6 smb:914 d:- ref:0 ;
in:2102 out:2104 type:b dur:2 cpbdur:2 q:26.31 aq:20.00 tex:4 mv:12 misc:136 imb:0 pmb:3 smb:917 d:- ref:0 ;
in:2104 out:2105 type:b dur:2 cpbdur:2 q:26.27 aq:29.13 tex:61 mv:8 misc:139 imb:0 pmb:2 smb:918 d:- ref:0 ;
in:2109 out:2106 type:P dur:2 cpbdur:2 q:26.16 aq:16.29 tex:4695 mv:126 misc:603 imb:1 pmb:101 smb:818 d:- ref:0 ;
in:2107 out:2107 type:B dur:2 cpbdur:2 q:26.21 aq:20.65 tex:531 mv:19 misc:170 imb:0 pmb:6 smb:914 d:- ref:0 ;
in:2106 out:2108 type:b dur:2 cpbdur:2 q:26.23 aq:20.00 tex:3 mv:15 misc:134 imb:0 pmb:4 smb:916 d:- ref:0 ;
in:2108 out:2109 type:b dur:2 cpbdur:2 q:26.18 aq:27.57 tex:235 mv:17 misc:132 imb:0 pmb:4 smb:916 d:- ref:0 ;
in:2113 out:2110 type:P dur:2 cpbdur:2 q:26.09 aq:15.42 tex:4555 mv:120 misc:629 imb:0 pmb:113 smb:807 d:- ref:0 ;
in:2111 out:2111 type:B dur:2 cpbdur:2 q:26.12 aq:20.90 tex:462 mv:12 misc:174 imb:0 pmb:5 smb:915 d:- ref:0 ;
in:2110 out:2112 type:b dur:2 cpbdur:2 q:26.14 aq:29.15 tex:166 mv:6 misc:132 imb:0 pmb:2 smb:918 d:- ref:0 ;
in:2112 out:2113 type:b dur:2 cpbdur:2 q:26.11 aq:20.00 tex:3 mv:8 misc:133 imb:0 pmb:2 smb:918 d:- ref:0 ;
in:2117 out:2114 type:P dur:2 cpbdur:2 q:26.01 aq:16.86 tex:4243 mv:107 misc:586 imb:0 pmb:99 smb:821 d:- ref:0 ;
in:2115 out:2115 type:B dur:2 cpbdur:2 q:26.05 aq:20.99 tex:513 mv:27 misc:172 imb:0 pmb:6 smb:914 d:- ref:0 ;
in:2114 out:2116 type:b dur:2 cpbdur:2 q:26.07 aq:27.57 tex:236 mv:11 misc:137 imb:0 pmb:3 smb:917 d:- ref:0 ;
in:2116 out:2117 type:b dur:2 cpbdur:2 q:26.03 aq:20.00 tex:3 mv:15 misc:134 imb:0 pmb:4 smb:916 d:- ref:0 ;
in:2121 out:2118 type:P dur:2 cpbdur:2 q:25.93 aq:16.43 tex:8967 mv:177 misc:784 imb:2 pmb:186 smb:732 d:- ref:0 ;
in:2119 out:2119 type:B dur:2 cpbdur:2 q:25.97 aq:27.43 tex:617 mv:45 misc:162 imb:0 pmb:7 smb:913 d:- ref:0 ;
in:2118 out:2120 type:b dur:2 cpbdur:2 q:25.99 aq:27.57 tex:457 mv:17 misc:134 imb:0 pmb:4 smb:916 d:- ref:0 ;
in:2120 out:2121 type:b dur:2 cpbdur:2 q:25.95 aq:27.88 tex:107 mv:23 misc:134 imb:0 pmb:2 smb:918 d:- ref:0 ;
in:2125 out:2122 type:P dur:2 cpbdur:2 q:25.86 aq:15.67 tex:6022 mv:115 misc:623 imb:1 pmb:124 smb:795 d:- ref:0 ;
in:2123 out:2123 type:B dur:2 cpbdur:2 q:25.90 aq:21.06 tex:196 mv:23 misc:165 imb:0 pmb:3 smb:917 d:- ref:0 ;
in:2122 out:2124 type:b dur:2 cpbdur:2 q:25.92 aq:20.00 tex:2 mv:9 misc:133 imb:0 pmb:2 smb:918 d:- ref:0 ;
in:2124 out:2125 type:b dur:2 cpbdur:2 q:25.88 aq:27.88 tex:150 mv:13 misc:133 imb:0 pmb:2 smb:918 d:- ref:0 ;
in:2129 out:2126 type:P dur:2 cpbdur:2 q:25.77 aq:16.20 tex:8753 mv:240 misc:839 imb:3 pmb:217 smb:700 d:- ref:0 ;
in:2127 out:2127 type:B dur:2 cpbdur:2 q:25.81 aq:21.32 tex:201 mv:24 misc:175 imb:0 pmb:5 smb:915 d:- ref:0 ;
in:2126 out:2128 type:b dur:2 cpbdur:2 q:25.84 aq:20.00 tex:2 mv:4 misc:130 imb:0 pmb:1 smb:919 d:- ref:0 ;
in:2128 out:2129 type:b dur:2 cpbdur:2 q:25.79 aq:27.88 tex:355 mv:19 misc:130 imb:0 pmb:2 smb:918 d:- ref:0 ;
in:2133 out:2130 type:P dur:2 cpbdur:2 q:25.69 aq:16.18 tex:10993 mv:334 misc:889 imb:2 pmb:245 smb:673 d:- ref:0 ;
in:2131 out:2131 type:B dur:2 cpbdur:2 q:25.73 aq:18.88 tex:774 mv:73 misc:193 imb:0 pmb:8 smb:912 d:- ref:0 ;
in:2130 out:2132 type:b dur:2 cpbdur:2 q:25.75 aq:20.00 tex:2 mv:16 misc:142 imb:0 pmb:4 smb:916 d:- ref:0 ;
in:2132 out:2133 type:b dur:2 cpbdur:2 q:25.71 aq:20.00 tex:7 mv:23 misc:146 imb:0 pmb:6 smb:914 d:- ref:0 ;
in:2137 out:2134 type:P dur:2 cpbdur:2 q:25.63 aq:14.90 tex:10105 mv:263 misc:832 imb:2 pmb:219 smb:699 d:- ref:0 ;
in:2135 out:2135 type:B dur:2 cpbdur:2 q:25.66 aq:21.62 tex:476 mv:44 misc:192 imb:0 pmb:8 smb:912 d:- ref:0 ;
in:2134 out:2136 type:b dur:2 cpbdur:2 q:25.68 aq:28.32 tex:280 mv:32 misc:136 imb:0 pmb:4 smb:916 d:- ref:0 ;
in:2136 out:2137 type:b dur:2 cpbdur:2 q:25.64 aq:19.00 tex:4 mv:15 misc:133 imb:0 pmb:4 smb:916 d:- ref:0 ;
in:2141 out:2138 type:P dur:2 cpbdur:2 q:25.56 aq:16.42 tex:9214 mv:235 misc:719 imb:3 pmb:149 smb:768 d:- ref:0 ;
in:2139 out:2139 type:B dur:2 cpbdur:2 q:25.59 aq:21.69 tex:864 mv:36 misc:196 imb:0 pmb:10 smb:910 d:- ref:0 ;
in:2138 out:2140 type:b dur:2 cpbdur:2 q:25.61 aq:28.62 tex:562 mv:31 misc:151 imb:0 pmb:6 smb:914 d:- ref:0 ;
in:2140 out:2141 type:b dur:2 cpbdur:2 q:25.58 aq:27.40 tex:339 mv:19 misc:130 imb:0 pmb:4 smb:916 d:- ref:0 ;
in:2145 out:2142 type:P dur:2 cpbdur:2 q:25.48 aq:14.91 tex:6551 mv:162 misc:711 imb:2 pmb:142 smb:776 d:- ref:0 ;
in:2143 out:2143 type:B dur:2 cpbdur:2 q:25.52 aq:21.80 tex:485 mv:27 misc:184 imb:0 pmb:8 smb:912 d:- ref:0 ;
in:2142 out:2144 type:b dur:2 cpbdur:2 q:25.54 aq:19.00 tex:3 mv:13 misc:136 imb:0 pmb:3 smb:917 d:- ref:0 ;
in:2144 out:2145 type:b dur:2 cpbdur:2 q:25.50 aq:27.40 tex:248 mv:10 misc:134 imb:0 pmb:3 smb:917 d:- ref:0 ;
in:2149 out:2146 type:P dur:2 cpbdur:2 q:25.39 aq:14.86 tex:14542 mv:519 misc:955 imb:4 pmb:318 smb:598 d:- ref:0 ;
in:2147 out:2147 type:B dur:2 cpbdur:2 q:25.44 aq:25.57 tex:686 mv:31 misc:171 imb:0 pmb:7 smb:913 d:- ref:0 ;
in:2146 out:2148 type:b dur:2 cpbdur:2 q:25.46 aq:19.00 tex:4 mv:11 misc:137 imb:0 pmb:3 smb:917 d:- ref:0 ;
in:2148 out:2149 type:b dur:2 cpbdur:2 q:25.42 aq:21.92 tex:426 mv:24 misc:150 imb:0 pmb:6 smb:914 d:- ref:0 ;
in:2153 out:2150 type:P dur:2 cpbdur:2 q:25.33 aq:13.49 tex:6246 mv:207 misc:723 imb:2 pmb:140 smb:778 d:- ref:0 ;
in:2151 out:2151 type:B dur:2 cpbdur:2 q:25.36 aq:21.36 tex:701 mv:24 misc:179 imb:0 pmb:5 smb:915 d:- ref:0 ;
in:2150 out:2152 type:b dur:2 cpbdur:2 q:25.38 aq:19.56 tex:118 mv:16 misc:138 imb:0 pmb:4 smb:916 d:- ref:0 ;
in:2152 out:2153 type:b dur:2 cpbdur:2 q:25.34 aq:19.00 tex:3 mv:14 misc:135 imb:0 pmb:3 smb:917 d:- ref:0 ;
in:2157 out:2154 type:P dur:2 cpbdur:2 q:25.25 aq:14.06 tex:6144 mv:191 misc:705 imb:2 pmb:135 smb:783 d:- ref:0 ;
in:2155 out:2155 type:B dur:2 cpbdur:2 q:25.29 aq:18.10 tex:557 mv:22 misc:181 imb:0 pmb:5 smb:915 d:- ref:0 ;
in:2154 out:2156 type:b dur:2 cpbdur:2 q:25.31 aq:20.06 tex:214 mv:19 misc:151 imb:0 pmb:5 smb:915 d:- ref:0 ;
in:2156 out:2157 type:b dur:2 cpbdur:2 q:25.27 aq:19.00 tex:13 mv:14 misc:141 imb:0 pmb:4 smb:916 d:- ref:0 ;
in:2161 out:2158 type:P dur:2 cpbdur:2 q:25.16 aq:15.95 tex:7786 mv:211 misc:715 imb:2 pmb:152 smb:766 d:- ref:0 ;
in:2159 out:2159 type:B dur:2 cpbdur:2 q:25.21 aq:19.07 tex:1048 mv:29 misc:203 imb:0 pmb:11 smb:909 d:- ref:0 ;
in:2158 out:2160 type:b dur:2 cpbdur:2 q:25.23 aq:19.40 tex:594 mv:29 misc:169 imb:0 pmb:8 smb:912 d:- ref:0 ;
in:2160 out:2161 type:b dur:2 cpbdur:2 q:25.18 aq:19.44 tex:491 mv:14 misc:151 imb:0 pmb:6 smb:914 d:- ref:0 ;
in:2165 out:2162 type:P dur:2 cpbdur:2 q:25.09 aq:16.63 tex:8149 mv:200 misc:643 imb:1 pmb:127 smb:792 d:- ref:0 ;
in:2163 out:2163 type:B dur:2 cpbdur:2 q:25.12 aq:22.44 tex:818 mv:54 misc:176 imb:0 pmb:7 smb:913 d:- ref:0 ;
in:2162 out:2164 type:b dur:2 cpbdur:2 q:25.14 aq:19.00 tex:5 mv:21 misc:142 imb:0 pmb:5 smb:915 d:- ref:0 ;
in:2164 out:2165 type:b dur:2 cpbdur:2 q:25.10 aq:28.99 tex:347 mv:35 misc:130 imb:0 pmb:3 smb:917 d:- ref:0 ;
in:2169 out:2166 type:P dur:2 cpbdur:2 q:25.01 aq:15.09 tex:5594 mv:154 misc:532 imb:1 pmb:79 smb:840 d:- ref:0 ;
in:2167 out:2167 type:B dur:2 cpbdur:2 q:25.05 aq:25.41 tex:555 mv:28 misc:169 imb:0 pmb:5 smb:915 d:- ref:0 ;
in:2166 out:2168 type:b dur:2 cpbdur:2 q:25.07 aq:19.00 tex:2 mv:8 misc:134 imb:0 pmb:2 smb:918 d:- ref:0 ;
in:2168 out:2169 type:b dur:2 cpbdur:2 q:25.03 aq:27.41 tex:639 mv:18 misc:143 imb:0 pmb:5 smb:915 d:- ref:0 ;
in:2173 out:2170 type:P dur:2 cpbdur:2 q:24.93 aq:13.81 tex:4331 mv:114 misc:451 imb:1 pmb:63 smb:856 d:- ref:0 ;
in:2171 out:2171 type:B dur:2 cpbdur:2 q:24.97 aq:25.74 tex:310 mv:25 misc:169 imb:0 pmb:5 smb:915 d:- ref:0 ;
in:2170 out:2172 type:b dur:2 cpbdur:2 q:24.99 aq:27.33 tex:313 mv:29 misc:138 imb:0 pmb:4 smb:916 d:- ref:0 ;
in:2172 out:2173 type:b dur:2 cpbdur:2 q:24.95 aq:19.00 tex:3 mv:14 misc:143 imb:0 pmb:3 smb:917 d:- ref:0 ;
in:2177 out:2174 type:P dur:2 cpbdur:2 q:24.85 aq:14.50 tex:6541 mv:220 misc:727 imb:1 pmb:159 smb:760 d:- ref:0 ;
in:2175 out:2175 type:B dur:2 cpbdur:2 q:24.89 aq:19.63 tex:104 mv:10 misc:182 imb:0 pmb:4 smb:916 d:- ref:0 ;
in:2174 out:2176 type:b dur:2 cpbdur:2 q:24.91 aq:19.00 tex:0 mv:0 misc:120 imb:0 pmb:0 smb:920 d:- ref:0 ;
in:2176 out:2177 type:b dur:2 cpbdur:2 q:24.87 aq:19.00 tex:11 mv:8 misc:141 imb:0 pmb:2 smb:918 d:- ref:0 ;
in:2181 out:2178 type:P dur:2 cpbdur:2 q:24.78 aq:13.83 tex:4321 mv:121 misc:534 imb:1 pmb:83 smb:836 d:- ref:0 ;
in:2179 out:2179 type:B dur:2 cpbdur:2 q:24.81 aq:20.93 tex:223 mv:29 misc:180 imb:0 pmb:6 smb:914 d:- ref:0 ;
in:2178 out:2180 type:b dur:2 cpbdur:2 q:24.83 aq:22.48 tex:187 mv:26 misc:147 imb:0 pmb:6 smb:914 d:- ref:0 ;
in:2180 out:2181 type:b dur:2 cpbdur:2 q:24.79 aq:22.18 tex:227 mv:28 misc:153 imb:0 pmb:3 smb:917 d:- ref:0 ;
in:2185 out:2182 type:P dur:2 cpbdur:2 q:24.69 aq:14.19 tex:4514 mv:233 misc:701 imb:5 pmb:134 smb:781 d:- ref:0 ;
in:2183 out:2183 type:B dur:2 cpbdur:2 q:24.73 aq:20.04 tex:295 mv:22 misc:179 imb:0 pmb:5 smb:915 d:- ref:0 ;
in:2182 out:2184 type:b dur:2 cpbdur:2 q:24.76 aq:18.00 tex:4 mv:15 misc:149 imb:0 pmb:3 smb:917 d:- ref:0 ;
in:2184 out:2185 type:b dur:2 cpbdur:2 q:24.71 aq:22.40 tex:78 mv:19 misc:143 imb:0 pmb:2 smb:918 d:- ref:0 ;
in:2189 out:2186 type:P dur:2 cpbdur:2 q:24.60 aq:13.77 tex:3788 mv:140 misc:592 imb:1 pmb:91 smb:828 d:- ref:0 ;
in:2187 out:2187 type:B dur:2 cpbdur:2 q:24.65 aq:19.50 tex:180 mv:19 misc:177 imb:0 pmb:4 smb:916 d:- ref:0 ;
in:2186 out:2188 type:b dur:2 cpbdur:2 q:24.67 aq:18.00 tex:10 mv:8 misc:150 imb:0 pmb:2 smb:918 d:- ref:0 ;
in:2188 out:2189 type:b dur:2 cpbdur:2 q:24.63 aq:22.40 tex:171 mv:10 misc:147 imb:0 pmb:3 smb:917 d:- ref:0 ;
in:2193 out:2190 type:P dur:2 cpbdur:2 q:24.51 aq:13.21 tex:4488 mv:108 misc:436 imb:1 pmb:73 smb:846 d:- ref:0 ;
in:2191 out:2191 type:B dur:2 cpbdur:2 q:24.56 aq:19.78 tex:352 mv:38 misc:210 imb:0 pmb:11 smb:909 d:- ref:0 ;
in:2190 out:2192 type:b dur:2 cpbdur:2 q:24.58 aq:22.92 tex:232 mv:21 misc:147 imb:0 pmb:5 smb:915 d:- ref:0 ;
in:2192 out:2193 type:b dur:2 cpbdur:2 q:24.53 aq:18.00 tex:14 mv:26 misc:168 imb:0 pmb:6 smb:914 d:- ref:0 ;
in:2197 out:2194 type:P dur:2 cpbdur:2 q:24.42 aq:14.18 tex:169640 mv:4560 misc:632 imb:280 pmb:489 smb:151 d:- ref:0 ;
in:2195 out:2195 type:B dur:2 cpbdur:2 q:24.46 aq:18.49 tex:984 mv:172 misc:572 imb:0 pmb:137 smb:783 d:- ref:0 ;
in:2194 out:2196 type:b dur:2 cpbdur:2 q:24.49 aq:21.95 tex:309 mv:18 misc:153 imb:0 pmb:4 smb:916 d:- ref:0 ;
in:2196 out:2197 type:b dur:2 cpbdur:2 q:24.44 aq:16.57 tex:295 mv:196 misc:517 imb:1 pmb:129 smb:790 d:- ref:0 ;
in:2201 out:2198 type:P dur:2 cpbdur:2 q:24.61 aq:14.80 tex:9229 mv:403 misc:904 imb:9 pmb:224 smb:687 d:- ref:0 ;
in:2199 out:2199 type:B dur:2 cpbdur:2 q:24.52 aq:17.30 tex:147 mv:19 misc:210 imb:0 pmb:9 smb:911 d:- ref:0 ;
in:2198 out:2200 type:b dur:2 cpbdur:2 q:24.47 aq:18.00 tex:9 mv:4 misc:139 imb:0 pmb:1 smb:919 d:- ref:0 ;
in:2200 out:2201 type:b dur:2 cpbdur:2 q:24.57 aq:18.00 tex:9 mv:4 misc:139 imb:0 pmb:1 smb:919 d:- ref:0 ;
in:2205 out:2202 type:P dur:2 cpbdur:2 q:24.54 aq:14.44 tex:7232 mv:210 misc:654 imb:6 pmb:129 smb:785 d:- ref:0 ;
in:2203 out:2203 type:B dur:2 cpbdur:2 q:24.57 aq:16.58 tex:106 mv:38 misc:208 imb:0 pmb:11 smb:909 d:- ref:0 ;
in:2202 out:2204 type:b dur:2 cpbdur:2 q:24.59 aq:18.00 tex:13 mv:21 misc:158 imb:0 pmb:5 smb:915 d:- ref:0 ;
in:2204 out:2205 type:b dur:2 cpbdur:2 q:24.55 aq:18.00 tex:9 mv:3 misc:140 imb:0 pmb:1 smb:919 d:- ref:0 ;
in:2209 out:2206 type:P dur:2 cpbdur:2 q:24.47 aq:13.85 tex:19117 mv:501 misc:974 imb:11 pmb:390 smb:519 d:- ref:0 ;
in:2207 out:2207 type:B dur:2 cpbdur:2 q:24.50 aq:16.91 tex:211 mv:34 misc:235 imb:0 pmb:13 smb:907 d:- ref:0 ;
in:2206 out:2208 type:b dur:2 cpbdur:2 q:24.52 aq:18.00 tex:11 mv:3 misc:138 imb:0 pmb:1 smb:919 d:- ref:0 ;
in:2208 out:2209 type:b dur:2 cpbdur:2 q:24.49 aq:18.00 tex:11 mv:3 misc:138 imb:0 pmb:1 smb:919 d:- ref:0 ;
in:2213 out:2210 type:P dur:2 cpbdur:2 q:24.34 aq:13.93 tex:16556 mv:615 misc:981 imb:15 pmb:330 smb:575 d:- ref:0 ;
in:2211 out:2211 type:B dur:2 cpbdur:2 q:24.41 aq:21.87 tex:405 mv:72 misc:259 imb:1 pmb:18 smb:901 d:- ref:0 ;
in:2210 out:2212 type:b dur:2 cpbdur:2 q:24.44 aq:17.62 tex:86 mv:29 misc:181 imb:0 pmb:8 smb:912 d:- ref:0 ;
in:2212 out:2213 type:b dur:2 cpbdur:2 q:24.37 aq:17.69 tex:72 mv:11 misc:165 imb:0 pmb:5 smb:915 d:- ref:0 ;
in:2217 out:2214 type:P dur:2 cpbdur:2 q:24.27 aq:14.55 tex:8202 mv:270 misc:760 imb:7 pmb:160 smb:753 d:- ref:0 ;
in:2215 out:2215 type:B dur:2 cpbdur:2 q:24.31 aq:18.18 tex:210 mv:47 misc:239 imb:0 pmb:15 smb:905 d:- ref:0 ;
in:2214 out:2216 type:b dur:2 cpbdur:2 q:24.32 aq:17.62 tex:40 mv:15 misc:161 imb:0 pmb:4 smb:916 d:- ref:0 ;
in:2216 out:2217 type:b dur:2 cpbdur:2 q:24.29 aq:18.00 tex:21 mv:12 misc:151 imb:0 pmb:3 smb:917 d:- ref:0 ;
in:2221 out:2218 type:P dur:2 cpbdur:2 q:24.18 aq:13.40 tex:9970 mv:203 misc:699 imb:4 pmb:154 smb:762 d:- ref:0 ;
in:2219 out:2219 type:B dur:2 cpbdur:2 q:24.23 aq:22.06 tex:400 mv:50 misc:230 imb:0 pmb:13 smb:907 d:- ref:0 ;
in:2218 out:2220 type:b dur:2 cpbdur:2 q:24.25 aq:18.00 tex:23 mv:15 misc:154 imb:0 pmb:4 smb:916 d:- ref:0 ;
in:2220 out:2221 type:b dur:2 cpbdur:2 q:24.20 aq:21.68 tex:103 mv:15 misc:154 imb:0 pmb:4 smb:916 d:- ref:0 ;
in:2225 out:2222 type:P dur:2 cpbdur:2 q:24.11 aq:14.89 tex:7637 mv:227 misc:672 imb:4 pmb:124 smb:792 d:- ref:0 ;
in:2223 out:2223 type:B dur:2 cpbdur:2 q:24.15 aq:17.83 tex:557 mv:40 misc:219 imb:0 pmb:13 smb:907 d:- ref:0 ;
in:2222 out:2224 type:b dur:2 cpbdur:2 q:24.16 aq:21.26 tex:258 mv:32 misc:182 imb:0 pmb:7 smb:913 d:- ref:0 ;
in:2224 out:2225 type:b dur:2 cpbdur:2 q:24.13 aq:17.20 tex:41 mv:26 misc:173 imb:0 pmb:7 smb:913 d:- ref:0 ;
in:2229 out:2226 type:P dur:2 cpbdur:2 q:24.03 aq:14.05 tex:4661 mv:117 misc:614 imb:2 pmb:107 smb:811 d:- ref:0 ;
in:2227 out:2227 type:B dur:2 cpbdur:2 q:24.07 aq:14.78 tex:71 mv:12 misc:181 imb:0 pmb:5 smb:915 d:- ref:0 ;
in:2226 out:2228 type:b dur:2 cpbdur:2 q:24.09 aq:18.00 tex:11 mv:3 misc:138 imb:0 pmb:1 smb:919 d:- ref:0 ;
in:2228 out:2229 type:b dur:2 cpbdur:2 q:24.05 aq:18.00 tex:11 mv:3 misc:138 imb:0 pmb:1 smb:919 d:- ref:0 ;
in:2233 out:2230 type:P dur:2 cpbdur:2 q:23.95 aq:13.95 tex:14646 mv:568 misc:938 imb:12 pmb:322 smb:586 d:- ref:0 ;
in:2231 out:2231 type:B dur:2 cpbdur:2 q:23.99 aq:15.48 tex:165 mv:73 misc:258 imb:0 pmb:19 smb:901 d:- ref:0 ;
in:2230 out:2232 type:b dur:2 cpbdur:2 q:24.01 aq:18.00 tex:23 mv:15 misc:162 imb:0 pmb:4 smb:916 d:- ref:0 ;
in:2232 out:2233 type:b dur:2 cpbdur:2 q:23.97 aq:18.00 tex:19 mv:8 misc:149 imb:0 pmb:2 smb:918 d:- ref:0 ;
in:2237 out:2234 type:P dur:2 cpbdur:2 q:23.88 aq:12.63 tex:29567 mv:792 misc:977 imb:20 pmb:498 smb:402 d:- ref:0 ;
in:2235 out:2235 type:B dur:2 cpbdur:2 q:23.92 aq:19.39 tex:351 mv:78 misc:283 imb:1 pmb:20 smb:899 d:- ref:0 ;
in:2234 out:2236 type:b dur:2 cpbdur:2 q:23.93 aq:18.00 tex:13 mv:17 misc:162 imb:0 pmb:4 smb:916 d:- ref:0 ;
in:2236 out:2237 type:b dur:2 cpbdur:2 q:23.90 aq:21.18 tex:73 mv:14 misc:153 imb:0 pmb:3 smb:917 d:- ref:0 ;
in:2241 out:2238 type:P dur:2 cpbdur:2 q:23.83 aq:11.27 tex:10705 mv:278 misc:849 imb:1 pmb:218 smb:701 d:- ref:0 ;
in:2239 out:2239 type:B dur:2 cpbdur:2 q:23.86 aq:22.56 tex:231 mv:33 misc:192 imb:0 pmb:9 smb:911 d:- ref:0 ;
in:2238 out:2240 type:b dur:2 cpbdur:2 q:23.87 aq:17.07 tex:26 mv:6 misc:152 imb:0 pmb:2 smb:918 d:- ref:0 ;
in:2240 out:2241 type:b dur:2 cpbdur:2 q:23.85 aq:17.07 tex:26 mv:6 misc:152 imb:0 pmb:2 smb:918 d:- ref:0 ;
in:2245 out:2242 type:P dur:2 cpbdur:2 q:23.81 aq:11.33 tex:5731 mv:207 misc:654 imb:3 pmb:123 smb:794 d:- ref:0 ;
in:2243 out:2243 type:B dur:2 cpbdur:2 q:23.82 aq:22.08 tex:121 mv:20 misc:187 imb:0 pmb:6 smb:914 d:- ref:0 ;
in:2242 out:2244 type:b dur:2 cpbdur:2 q:23.83 aq:17.48 tex:32 mv:6 misc:146 imb:0 pmb:2 smb:918 d:- ref:0 ;
in:2244 out:2245 type:b dur:2 cpbdur:2 q:23.82 aq:18.87 tex:15 mv:9 misc:152 imb:0 pmb:2 smb:918 d:- ref:0 ;
in:2249 out:2246 type:P dur:2 cpbdur:2 q:23.72 aq:11.27 tex:7210 mv:264 misc:710 imb:9 pmb:137 smb:774 d:- ref:0 ;
in:2247 out:2247 type:B dur:2 cpbdur:2 q:23.76 aq:17.77 tex:239 mv:77 misc:284 imb:0 pmb:25 smb:895 d:- ref:0 ;
in:2246 out:2248 type:b dur:2 cpbdur:2 q:23.79 aq:12.87 tex:92 mv:40 misc:196 imb:0 pmb:11 smb:909 d:- ref:0 ;
in:2248 out:2249 type:b dur:2 cpbdur:2 q:23.74 aq:18.87 tex:28 mv:15 misc:157 imb:0 pmb:4 smb:916 d:- ref:0 ;
in:2253 out:2250 type:P dur:2 cpbdur:2 q:23.63 aq:12.10 tex:7935 mv:194 misc:591 imb:3 pmb:109 smb:808 d:- ref:0 ;
in:2251 out:2251 type:B dur:2 cpbdur:2 q:23.67 aq:20.41 tex:337 mv:44 misc:195 imb:0 pmb:9 smb:911 d:- ref:0 ;
in:2250 out:2252 type:b dur:2 cpbdur:2 q:23.70 aq:20.53 tex:107 mv:25 misc:156 imb:0 pmb:4 smb:916 d:- ref:0 ;
in:2252 out:2253 type:b dur:2 cpbdur:2 q:23.65 aq:20.53 tex:74 mv:13 misc:161 imb:0 pmb:4 smb:916 d:- ref:0 ;
in:2257 out:2254 type:P dur:2 cpbdur:2 q:23.47 aq:12.55 tex:7983 mv:214 misc:715 imb:8 pmb:131 smb:781 d:- ref:0 ;
in:2255 out:2255 type:B dur:2 cpbdur:2 q:23.55 aq:21.51 tex:288 mv:18 misc:190 imb:0 pmb:7 smb:913 d:- ref:0 ;
in:2254 out:2256 type:b dur:2 cpbdur:2 q:23.59 aq:17.00 tex:15 mv:18 misc:151 imb:0 pmb:4 smb:916 d:- ref:0 ;
in:2256 out:2257 type:b dur:2 cpbdur:2 q:23.51 aq:17.00 tex:11 mv:3 misc:138 imb:0 pmb:1 smb:919 d:- ref:0 ;
in:2261 out:2258 type:P dur:2 cpbdur:2 q:23.38 aq:12.45 tex:6743 mv:227 misc:622 imb:6 pmb:108 smb:806 d:- ref:0 ;
in:2259 out:2259 type:B dur:2 cpbdur:2 q:23.42 aq:20.45 tex:342 mv:20 misc:190 imb:0 pmb:7 smb:913 d:- ref:0 ;
in:2258 out:2260 type:b dur:2 cpbdur:2 q:23.45 aq:16.55 tex:33 mv:20 misc:163 imb:0 pmb:5 smb:915 d:- ref:0 ;
in:2260 out:2261 type:b dur:2 cpbdur:2 q:23.40 aq:17.53 tex:128 mv:45 misc:187 imb:2 pmb:7 smb:911 d:- ref:0 ;
in:2265 out:2262 type:P dur:2 cpbdur:2 q:23.30 aq:11.78 tex:24321 mv:489 misc:990 imb:12 pmb:429 smb:479 d:- ref:0 ;
in:2263 out:2263 type:B dur:2 cpbdur:2 q:23.34 aq:15.00 tex:10 mv:23 misc:191 imb:0 pmb:5 smb:915 d:- ref:0 ;
in:2262 out:2264 type:b dur:2 cpbdur:2 q:23.36 aq:17.00 tex:1 mv:5 misc:138 imb:0 pmb:1 smb:919 d:- ref:0 ;
in:2264 out:2265 type:b dur:2 cpbdur:2 q:23.32 aq:17.00 tex:4 mv:10 misc:146 imb:0 pmb:2 smb:918 d:- ref:0 ;
in:2269 out:2266 type:P dur:2 cpbdur:2 q:23.25 aq:11.83 tex:8883 mv:201 misc:780 imb:1 pmb:183 smb:736 d:- ref:0 ;
in:2267 out:2267 type:B dur:2 cpbdur:2 q:23.27 aq:16.87 tex:24 mv:6 misc:162 imb:0 pmb:2 smb:918 d:- ref:0 ;
in:2266 out:2268 type:b dur:2 cpbdur:2 q:23.28 aq:18.87 tex:14 mv:4 misc:142 imb:0 pmb:1 smb:919 d:- ref:0 ;
in:2268 out:2269 type:b dur:2 cpbdur:2 q:23.26 aq:18.87 tex:14 mv:4 misc:142 imb:0 pmb:1 smb:919 d:- ref:0 ;
in:2273 out:2270 type:P dur:2 cpbdur:2 q:23.16 aq:11.77 tex:7119 mv:179 misc:662 imb:1 pmb:129 smb:790 d:- ref:0 ;
in:2271 out:2271 type:B dur:2 cpbdur:2 q:23.20 aq:25.04 tex:140 mv:14 misc:182 imb:0 pmb:4 smb:916 d:- ref:0 ;
in:2270 out:2272 type:b dur:2 cpbdur:2 q:23.22 aq:24.10 tex:53 mv:7 misc:148 imb:0 pmb:2 smb:918 d:- ref:0 ;
in:2272 out:2273 type:b dur:2 cpbdur:2 q:23.18 aq:18.87 tex:14 mv:4 misc:142 imb:0 pmb:1 smb:919 d:- ref:0 ;
in:2277 out:2274 type:P dur:2 cpbdur:2 q:23.06 aq:11.82 tex:6678 mv:150 misc:628 imb:2 pmb:112 smb:806 d:- ref:0 ;
in:2275 out:2275 type:B dur:2 cpbdur:2 q:23.11 aq:25.60 tex:112 mv:11 misc:173 imb:0 pmb:3 smb:917 d:- ref:0 ;
in:2274 out:2276 type:b dur:2 cpbdur:2 q:23.13 aq:18.87 tex:15 mv:10 misc:151 imb:0 pmb:2 smb:918 d:- ref:0 ;
in:2276 out:2277 type:b dur:2 cpbdur:2 q:23.09 aq:18.87 tex:16 mv:13 misc:155 imb:0 pmb:3 smb:917 d:- ref:0 ;
in:2281 out:2278 type:P dur:2 cpbdur:2 q:22.97 aq:12.80 tex:5527 mv:122 misc:511 imb:1 pmb:83 smb:836 d:- ref:0 ;
in:2279 out:2279 type:B dur:2 cpbdur:2 q:23.01 aq:22.63 tex:174 mv:16 misc:178 imb:0 pmb:5 smb:915 d:- ref:0 ;
in:2278 out:2280 type:b dur:2 cpbdur:2 q:23.04 aq:18.87 tex:16 mv:9 misc:151 imb:0 pmb:2 smb:918 d:- ref:0 ;
in:2280 out:2281 type:b dur:2 cpbdur:2 q:22.99 aq:17.00 tex:3 mv:9 misc:140 imb:0 pmb:2 smb:918 d:- ref:0 ;
in:2285 out:2282 type:P dur:2 cpbdur:2 q:22.88 aq:11.82 tex:9896 mv:215 misc:817 imb:5 pmb:184 smb:731 d:- ref:0 ;
in:2283 out:2283 type:B dur:2 cpbdur:2 q:22.92 aq:18.03 tex:198 mv:51 misc:231 imb:1 pmb:12 smb:907 d:- ref:0 ;
in:2282 out:2284 type:b dur:2 cpbdur:2 q:22.94 aq:17.00 tex:0 mv:0 misc:128 imb:0 pmb:0 smb:920 d:- ref:0 ;
in:2284 out:2285 type:b dur:2 cpbdur:2 q:22.90 aq:16.04 tex:42 mv:15 misc:159 imb:0 pmb:4 smb:916 d:- ref:0 ;
in:2289 out:2286 type:P dur:2 cpbdur:2 q:22.79 aq:11.64 tex:8209 mv:155 misc:724 imb:3 pmb:136 smb:781 d:- ref:0 ;
in:2287 out:2287 type:B dur:2 cpbdur:2 q:22.84 aq:21.76 tex:81 mv:25 misc:190 imb:0 pmb:7 smb:913 d:- ref:0 ;
in:2286 out:2288 type:b dur:2 cpbdur:2 q:22.86 aq:15.56 tex:33 mv:16 misc:151 imb:0 pmb:4 smb:916 d:- ref:0 ;
in:2288 out:2289 type:b dur:2 cpbdur:2 q:22.81 aq:16.00 tex:1 mv:5 misc:138 imb:0 pmb:1 smb:919 d:- ref:0 ;
in:2293 out:2290 type:P dur:2 cpbdur:2 q:22.69 aq:11.71 tex:13492 mv:202 misc:906 imb:4 pmb:264 smb:652 d:- ref:0 ;
in:2291 out:2291 type:B dur:2 cpbdur:2 q:22.74 aq:15.00 tex:2 mv:6 misc:160 imb:0 pmb:1 smb:919 d:- ref:0 ;
in:2290 out:2292 type:b dur:2 cpbdur:2 q:22.77 aq:16.00 tex:0 mv:0 misc:128 imb:0 pmb:0 smb:920 d:- ref:0 ;
in:2292 out:2293 type:b dur:2 cpbdur:2 q:22.72 aq:16.00 tex:0 mv:0 misc:128 imb:0 pmb:0 smb:920 d:- ref:0 ;
in:2297 out:2294 type:P dur:2 cpbdur:2 q:22.61 aq:10.28 tex:7281 mv:135 misc:712 imb:1 pmb:160 smb:759 d:- ref:0 ;
in:2295 out:2295 type:B dur:2 cpbdur:2 q:22.65 aq:14.00 tex:0 mv:0 misc:144 imb:0 pmb:0 smb:920 d:- ref:0 ;
in:2294 out:2296 type:b dur:2 cpbdur:2 q:22.67 aq:16.00 tex:0 mv:0 misc:128 imb:0 pmb:0 smb:920 d:- ref:0 ;
in:2296 out:2297 type:b dur:2 cpbdur:2 q:22.63 aq:16.00 tex:0 mv:0 misc:128 imb:0 pmb:0 smb:920 d:- ref:0 ;
in:2301 out:2298 type:P dur:2 cpbdur:2 q:22.52 aq:11.71 tex:7199 mv:131 misc:694 imb:1 pmb:140 smb:779 d:- ref:0 ;
in:2299 out:2299 type:B dur:2 cpbdur:2 q:22.56 aq:16.48 tex:98 mv:7 misc:175 imb:0 pmb:3 smb:917 d:- ref:0 ;
in:2298 out:2300 type:b dur:2 cpbdur:2 q:22.58 aq:16.00 tex:0 mv:0 misc:128 imb:0 pmb:0 smb:920 d:- ref:0 ;
in:2300 out:2301 type:b dur:2 cpbdur:2 q:22.54 aq:16.00 tex:5 mv:15 misc:148 imb:0 pmb:3 smb:917 d:- ref:0 ;
in:2305 out:2302 type:P dur:2 cpbdur:2 q:22.42 aq:11.70 tex:19778 mv:484 misc:994 imb:10 pmb:386 smb:524 d:- ref:0 ;
in:2303 out:2303 type:B dur:2 cpbdur:2 q:22.47 aq:14.09 tex:87 mv:33 misc:200 imb:0 pmb:7 smb:913 d:- ref:0 ;
in:2302 out:2304 type:b dur:2 cpbdur:2 q:22.49 aq:16.00 tex:0 mv:0 misc:128 imb:0 pmb:0 smb:920 d:- ref:0 ;
in:2304 out:2305 type:b dur:2 cpbdur:2 q:22.45 aq:16.00 tex:0 mv:0 misc:128 imb:0 pmb:0 smb:920 d:- ref:0 ;
in:2309 out:2306 type:P dur:2 cpbdur:2 q:22.35 aq:11.43 tex:12655 mv:222 misc:843 imb:2 pmb:213 smb:705 d:- ref:0 ;
in:2307 out:2307 type:B dur:2 cpbdur:2 q:22.39 aq:12.70 tex:34 mv:3 misc:155 imb:0 pmb:1 smb:919 d:- ref:0 ;
in:2306 out:2308 type:b dur:2 cpbdur:2 q:22.40 aq:16.00 tex:2 mv:5 misc:137 imb:0 pmb:1 smb:919 d:- ref:0 ;
in:2308 out:2309 type:b dur:2 cpbdur:2 q:22.37 aq:16.00 tex:2 mv:5 misc:137 imb:0 pmb:1 smb:919 d:- ref:0 ;
in:2313 out:2310 type:P dur:2 cpbdur:2 q:22.26 aq:11.16 tex:13265 mv:209 misc:894 imb:1 pmb:259 smb:660 d:- ref:0 ;
in:2311 out:2311 type:B dur:2 cpbdur:2 q:22.30 aq:18.07 tex:89 mv:20 misc:187 imb:0 pmb:5 smb:915 d:- ref:0 ;
in:2310 out:2312 type:b dur:2 cpbdur:2 q:22.33 aq:16.00 tex:2 mv:5 misc:137 imb:0 pmb:1 smb:919 d:- ref:0 ;
in:2312 out:2313 type:b dur:2 cpbdur:2 q:22.28 aq:16.00 tex:0 mv:0 misc:128 imb:0 pmb:0 smb:920 d:- ref:0 ;
in:2317 out:2314 type:P dur:2 cpbdur:2 q:22.17 aq:11.30 tex:6648 mv:145 misc:727 imb:2 pmb:144 smb:774 d:- ref:0 ;
in:2315 out:2315 type:B dur:2 cpbdur:2 q:22.22 aq:13.80 tex:115 mv:33 misc:220 imb:0 pmb:10 smb:910 d:- ref:0 ;
in:2314 out:2316 type:b dur:2 cpbdur:2 q:22.24 aq:16.00 tex:11 mv:3 misc:138 imb:0 pmb:1 smb:919 d:- ref:0 ;
in:2316 out:2317 type:b dur:2 cpbdur:2 q:22.20 aq:16.00 tex:0 mv:0 misc:128 imb:0 pmb:0 smb:920 d:- ref:0 ;
in:2319 out:2318 type:P dur:2 cpbdur:2 q:22.08 aq:16.93 tex:192 mv:26 misc:230 imb:0 pmb:7 smb:913 d:- ref:0 ;
in:2318 out:2319 type:b dur:2 cpbdur:2 q:22.13 aq:16.00 tex:0 mv:0 misc:128 imb:0 pmb:0 smb:920 d:- ref:0 ;
in:2320 out:2320 type:I dur:2 cpbdur:2 q:19.63 aq:9.26 tex:393811 mv:27322 misc:139 imb:920 pmb:0 smb:0 d:- ref:;
in:2324 out:2321 type:P dur:2 cpbdur:2 q:22.94 aq:10.72 tex:8587 mv:278 misc:791 imb:8 pmb:176 smb:736 d:- ref:0 ;
in:2322 out:2322 type:B dur:2 cpbdur:2 q:22.94 aq:13.43 tex:34 mv:3 misc:139 imb:0 pmb:1 smb:919 d:- ref:0 ;
in:2321 out:2323 type:b dur:2 cpbdur:2 q:22.94 aq:17.00 tex:0 mv:0 misc:128 imb:0 pmb:0 smb:920 d:- ref:0 ;
in:2323 out:2324 type:b dur:2 cpbdur:2 q:22.94 aq:16.00 tex:0 mv:0 misc:128 imb:0 pmb:0 smb:920 d:- ref:0 ;
in:2328 out:2325 type:P dur:2 cpbdur:2 q:22.90 aq:9.61 tex:2776 mv:113 misc:487 imb:2 pmb:60 smb:858 d:- ref:0 ;
in:2326 out:2326 type:B dur:2 cpbdur:2 q:22.92 aq:15.00 tex:0 mv:0 misc:144 imb:0 pmb:0 smb:920 d:- ref:0 ;
in:2325 out:2327 type:b dur:2 cpbdur:2 q:22.93 aq:16.00 tex:0 mv:0 misc:128 imb:0 pmb:0 smb:920 d:- ref:0 ;
in:2327 out:2328 type:b dur:2 cpbdur:2 q:22.91 aq:16.00 tex:0 mv:0 misc:128 imb:0 pmb:0 smb:920 d:- ref:0 ;
in:2332 out:2329 type:P dur:2 cpbdur:2 q:22.80 aq:11.21 tex:1501 mv:99 misc:376 imb:2 pmb:33 smb:885 d:- ref:0 ;
in:2330 out:2330 type:B dur:2 cpbdur:2 q:22.85 aq:14.00 tex:0 mv:0 misc:144 imb:0 pmb:0 smb:920 d:- ref:0 ;
in:2329 out:2331 type:b dur:2 cpbdur:2 q:22.87 aq:16.00 tex:0 mv:0 misc:128 imb:0 pmb:0 smb:920 d:- ref:0 ;
in:2331 out:2332 type:b dur:2 cpbdur:2 q:22.82 aq:16.00 tex:0 mv:0 misc:128 imb:0 pmb:0 smb:920 d:- ref:0 ;
in:2336 out:2333 type:P dur:2 cpbdur:2 q:22.37 aq:10.67 tex:2899 mv:110 misc:519 imb:2 pmb:64 smb:854 d:- ref:0 ;
in:2334 out:2334 type:B dur:2 cpbdur:2 q:22.58 aq:12.98 tex:34 mv:5 misc:169 imb:0 pmb:2 smb:918 d:- ref:0 ;
in:2333 out:2335 type:b dur:2 cpbdur:2 q:22.69 aq:16.00 tex:0 mv:0 misc:128 imb:0 pmb:0 smb:920 d:- ref:0 ;
in:2335 out:2336 type:b dur:2 cpbdur:2 q:22.47 aq:16.00 tex:0 mv:0 misc:128 imb:0 pmb:0 smb:920 d:- ref:0 ;
in:2340 out:2337 type:P dur:2 cpbdur:2 q:22.25 aq:11.00 tex:1382 mv:101 misc:405 imb:2 pmb:39 smb:879 d:- ref:0 ;
in:2338 out:2338 type:B dur:2 cpbdur:2 q:22.31 aq:14.00 tex:0 mv:0 misc:144 imb:0 pmb:0 smb:920 d:- ref:0 ;
in:2337 out:2339 type:b dur:2 cpbdur:2 q:22.34 aq:16.00 tex:0 mv:0 misc:128 imb:0 pmb:0 smb:920 d:- ref:0 ;
in:2339 out:2340 type:b dur:2 cpbdur:2 q:22.28 aq:16.00 tex:0 mv:0 misc:128 imb:0 pmb:0 smb:920 d:- ref:0 ;
in:2344 out:2341 type:P dur:2 cpbdur:2 q:22.14 aq:13.34 tex:2152 mv:109 misc:379 imb:3 pmb:36 smb:881 d:- ref:0 ;
in:2342 out:2342 type:B dur:2 cpbdur:2 q:22.19 aq:13.63 tex:99 mv:8 misc:165 imb:0 pmb:3 smb:917 d:- ref:0 ;
in:2341 out:2343 type:b dur:2 cpbdur:2 q:22.22 aq:16.00 tex:0 mv:0 misc:128 imb:0 pmb:0 smb:920 d:- ref:0 ;
in:2343 out:2344 type:b dur:2 cpbdur:2 q:22.17 aq:16.00 tex:0 mv:0 misc:128 imb:0 pmb:0 smb:920 d:- ref:0 ;
in:2348 out:2345 type:P dur:2 cpbdur:2 q:22.03 aq:14.80 tex:4217 mv:107 misc:308 imb:1 pmb:29 smb:890 d:- ref:0 ;
in:2346 out:2346 type:B dur:2 cpbdur:2 q:22.09 aq:25.27 tex:364 mv:40 misc:180 imb:0 pmb:10 smb:910 d:- ref:0 ;
in:2345 out:2347 type:b dur:2 cpbdur:2 q:22.11 aq:26.31 tex:167 mv:26 misc:159 imb:0 pmb:6 smb:914 d:- ref:0 ;
in:2347 out:2348 type:b dur:2 cpbdur:2 q:22.06 aq:16.00 tex:0 mv:0 misc:128 imb:0 pmb:0 smb:920 d:- ref:0 ;
in:2352 out:2349 type:P dur:2 cpbdur:2 q:21.93 aq:11.51 tex:9262 mv:231 misc:667 imb:5 pmb:123 smb:792 d:- ref:0 ;
in:2350 out:2350 type:B dur:2 cpbdur:2 q:21.98 aq:24.23 tex:465 mv:42 misc:173 imb:0 pmb:8 smb:912 d:- ref:0 ;
in:2349 out:2351 type:b dur:2 cpbdur:2 q:22.01 aq:16.00 tex:3 mv:11 misc:138 imb:0 pmb:2 smb:918 d:- ref:0 ;
in:2351 out:2352 type:b dur:2 cpbdur:2 q:21.96 aq:17.93 tex:1314 mv:58 misc:172 imb:0 pmb:9 smb:911 d:- ref:0 ;
in:2356 out:2353 type:P dur:2 cpbdur:2 q:21.86 aq:11.67 tex:7254 mv:159 misc:611 imb:2 pmb:99 smb:819 d:- ref:0 ;
in:2354 out:2354 type:B dur:2 cpbdur:2 q:21.90 aq:15.40 tex:1843 mv:68 misc:225 imb:0 pmb:13 smb:907 d:- ref:0 ;
in:2353 out:2355 type:b dur:2 cpbdur:2 q:21.91 aq:15.00 tex:18 mv:21 misc:153 imb:0 pmb:5 smb:915 d:- ref:0 ;
in:2355 out:2356 type:b dur:2 cpbdur:2 q:21.88 aq:25.75 tex:1154 mv:38 misc:144 imb:0 pmb:5 smb:915 d:- ref:0 ;
in:2360 out:2357 type:P dur:2 cpbdur:2 q:21.78 aq:11.96 tex:5365 mv:217 misc:538 imb:6 pmb:82 smb:832 d:- ref:0 ;
in:2358 out:2358 type:B dur:2 cpbdur:2 q:21.82 aq:14.73 tex:108 mv:46 misc:214 imb:0 pmb:12 smb:908 d:- ref:0 ;
in:2357 out:2359 type:b dur:2 cpbdur:2 q:21.84 aq:22.17 tex:308 mv:21 misc:159 imb:0 pmb:6 smb:914 d:- ref:0 ;
in:2359 out:2360 type:b dur:2 cpbdur:2 q:21.80 aq:15.05 tex:21 mv:3 misc:136 imb:0 pmb:1 smb:919 d:- ref:0 ;
in:2364 out:2361 type:P dur:2 cpbdur:2 q:21.67 aq:14.84 tex:3613 mv:119 misc:452 imb:1 pmb:57 smb:862 d:- ref:0 ;
in:2362 out:2362 type:B dur:2 cpbdur:2 q:21.72 aq:13.52 tex:101 mv:45 misc:214 imb:0 pmb:13 smb:907 d:- ref:0 ;
in:2361 out:2363 type:b dur:2 cpbdur:2 q:21.75 aq:16.41 tex:267 mv:24 misc:181 imb:0 pmb:7 smb:913 d:- ref:0 ;
in:2363 out:2364 type:b dur:2 cpbdur:2 q:21.70 aq:13.98 tex:32 mv:5 misc:147 imb:0 pmb:2 smb:918 d:- ref:0 ;
in:2368 out:2365 type:P dur:2 cpbdur:2 q:21.80 aq:12.78 tex:105330 mv:4520 misc:286 imb:350 pmb:566 smb:4 d:- ref:0 w:7,121,3,7,121,9,121,5 ;
in:2366 out:2366 type:B dur:2 cpbdur:2 q:21.74 aq:17.03 tex:1289 mv:70 misc:201 imb:0 pmb:13 smb:907 d:- ref:0 ;
in:2365 out:2367 type:b dur:2 cpbdur:2 q:21.70 aq:17.61 tex:257 mv:27 misc:156 imb:0 pmb:4 smb:916 d:- ref:0 ;
in:2367 out:2368 type:b dur:2 cpbdur:2 q:21.77 aq:16.26 tex:531 mv:169 misc:388 imb:3 pmb:59 smb:858 d:- ref:0 ;
in:2372 out:2369 type:P dur:2 cpbdur:2 q:21.80 aq:13.19 tex:15356 mv:697 misc:1003 imb:10 pmb:393 smb:517 d:- ref:0 ;
in:2370 out:2370 type:B dur:2 cpbdur:2 q:21.80 aq:15.60 tex:790 mv:213 misc:501 imb:1 pmb:71 smb:848 d:- ref:0 ;
in:2369 out:2371 type:b dur:2 cpbdur:2 q:21.80 aq:16.68 tex:221 mv:59 misc:272 imb:0 pmb:21 smb:899 d:- ref:0 ;
in:2371 out:2372 type:b dur:2 cpbdur:2 q:21.80 aq:15.04 tex:909 mv:107 misc:256 imb:0 pmb:22 smb:898 d:- ref:0 ;
in:2376 out:2373 type:P dur:2 cpbdur:2 q:21.71 aq:14.11 tex:8682 mv:448 misc:798 imb:11 pmb:192 smb:717 d:- ref:0 ;
in:2374 out:2374 type:B dur:2 cpbdur:2 q:21.76 aq:16.51 tex:562 mv:106 misc:380 imb:0 pmb:43 smb:877 d:- ref:0 ;
in:2373 out:2375 type:b dur:2 cpbdur:2 q:21.78 aq:17.32 tex:146 mv:49 misc:237 imb:0 pmb:16 smb:904 d:- ref:0 ;
in:2375 out:2376 type:b dur:2 cpbdur:2 q:21.73 aq:15.52 tex:116 mv:31 misc:205 imb:0 pmb:10 smb:910 d:- ref:0 ;
in:2380 out:2377 type:P dur:2 cpbdur:2 q:21.46 aq:14.14 tex:18239 mv:1287 misc:946 imb:50 pmb:396 smb:474 d:- ref:0 ;
in:2378 out:2378 type:B dur:2 cpbdur:2 q:21.59 aq:15.64 tex:709 mv:215 misc:500 imb:0 pmb:83 smb:837 d:- ref:0 ;
in:2377 out:2379 type:b dur:2 cpbdur:2 q:21.65 aq:15.05 tex:107 mv:30 misc:207 imb:0 pmb:9 smb:911 d:- ref:0 ;
in:2379 out:2380 type:b dur:2 cpbdur:2 q:21.53 aq:17.09 tex:206 mv:99 misc:303 imb:0 pmb:37 smb:883 d:- ref:0 ;
in:2384 out:2381 type:P dur:2 cpbdur:2 q:21.42 aq:13.29 tex:4757 mv:209 misc:546 imb:2 pmb:83 smb:835 d:- ref:0 ;
in:2382 out:2382 type:B dur:2 cpbdur:2 q:21.44 aq:15.12 tex:1075 mv:160 misc:453 imb:1 pmb:60 smb:859 d:- ref:0 ;
in:2381 out:2383 type:b dur:2 cpbdur:2 q:21.45 aq:18.61 tex:186 mv:35 misc:219 imb:0 pmb:11 smb:909 d:- ref:0 ;
in:2383 out:2384 type:b dur:2 cpbdur:2 q:21.43 aq:17.85 tex:109 mv:43 misc:200 imb:0 pmb:12 smb:908 d:- ref:0 ;
in:2386 out:2385 type:P dur:2 cpbdur:2 q:21.34 aq:15.24 tex:4392 mv:149 misc:315 imb:6 pmb:29 smb:885 d:- ref:0 ;
in:2385 out:2386 type:b dur:2 cpbdur:2 q:21.38 aq:18.55 tex:1187 mv:35 misc:202 imb:0 pmb:11 smb:909 d:- ref:0 ;
in:2387 out:2387 type:I dur:2 cpbdur:2 q:18.84 aq:7.43 tex:227527 mv:20998 misc:131 imb:920 pmb:0 smb:0 d:- ref:;
in:2391 out:2388 type:P dur:2 cpbdur:2 q:21.62 aq:10.62 tex:9019 mv:399 misc:726 imb:10 pmb:143 smb:767 d:- ref:0 ;
in:2389 out:2389 type:B dur:2 cpbdur:2 q:21.62 aq:16.47 tex:1529 mv:118 misc:321 imb:1 pmb:31 smb:888 d:- ref:0 ;
in:2388 out:2390 type:b dur:2 cpbdur:2 q:21.62 aq:12.35 tex:138 mv:42 misc:196 imb:0 pmb:13 smb:907 d:- ref:0 ;
in:2390 out:2391 type:b dur:2 cpbdur:2 q:21.62 aq:19.72 tex:911 mv:63 misc:218 imb:1 pmb:14 smb:905 d:- ref:0 ;
in:2395 out:2392 type:P dur:2 cpbdur:2 q:21.51 aq:10.71 tex:4484 mv:168 misc:396 imb:3 pmb:42 smb:875 d:- ref:0 ;
in:2393 out:2393 type:B dur:2 cpbdur:2 q:21.57 aq:18.24 tex:1297 mv:100 misc:227 imb:1 pmb:15 smb:904 d:- ref:0 ;
in:2392 out:2394 type:b dur:2 cpbdur:2 q:21.59 aq:19.77 tex:822 mv:93 misc:205 imb:1 pmb:14 smb:905 d:- ref:0 ;
in:2394 out:2395 type:b dur:2 cpbdur:2 q:21.54 aq:18.00 tex:25 mv:34 misc:173 imb:1 pmb:6 smb:913 d:- ref:0 ;
in:2399 out:2396 type:P dur:2 cpbdur:2 q:21.40 aq:11.85 tex:102297 mv:6218 misc:549 imb:261 pmb:511 smb:148 d:- ref:0 ;
in:2397 out:2397 type:B dur:2 cpbdur:2 q:21.45 aq:14.41 tex:3927 mv:335 misc:730 imb:1 pmb:174 smb:745 d:- ref:0 ;
in:2396 out:2398 type:b dur:2 cpbdur:2 q:21.48 aq:17.51 tex:1230 mv:158 misc:380 imb:0 pmb:49 smb:871 d:- ref:0 ;
in:2398 out:2399 type:b dur:2 cpbdur:2 q:21.43 aq:17.82 tex:318 mv:100 misc:358 imb:0 pmb:39 smb:881 d:- ref:0 ;
in:2403 out:2400 type:P dur:2 cpbdur:2 q:21.44 aq:12.12 tex:116696 mv:6053 misc:499 imb:139 pmb:647 smb:134 d:- ref:0 ;
in:2401 out:2401 type:B dur:2 cpbdur:2 q:21.42 aq:15.09 tex:21496 mv:4250 misc:854 imb:12 pmb:544 smb:364 d:- ref:0 ;
in:2400 out:2402 type:b dur:2 cpbdur:2 q:21.41 aq:17.23 tex:2019 mv:517 misc:736 imb:1 pmb:183 smb:736 d:- ref:0 ;
in:2402 out:2403 type:b dur:2 cpbdur:2 q:21.43 aq:17.46 tex:1344 mv:312 misc:720 imb:0 pmb:169 smb:751 d:- ref:0 ;
in:2405 out:2404 type:P dur:2 cpbdur:2 q:21.45 aq:12.03 tex:15205 mv:508 misc:999 imb:1 pmb:370 smb:549 d:- ref:0 ;
in:2404 out:2405 type:b dur:2 cpbdur:2 q:21.44 aq:16.85 tex:209 mv:76 misc:275 imb:0 pmb:26 smb:894 d:- ref:0 ;
in:2407 out:2406 type:P dur:2 cpbdur:2 q:21.41 aq:12.31 tex:30436 mv:2568 misc:852 imb:10 pmb:532 smb:378 d:- ref:0 ;
in:2406 out:2407 type:b dur:2 cpbdur:2 q:21.43 aq:17.89 tex:1159 mv:349 misc:572 imb:0 pmb:115 smb:805 d:- ref:0 ;
in:2409 out:2408 type:P dur:2 cpbdur:2 q:21.47 aq:12.52 tex:16266 mv:1472 misc:942 imb:4 pmb:400 smb:516 d:- ref:0 ;
in:2408 out:2409 type:b dur:2 cpbdur:2 q:21.44 aq:16.86 tex:299 mv:142 misc:399 imb:0 pmb:51 smb:869 d:- ref:0 ;
in:2413 out:2410 type:P dur:2 cpbdur:2 q:21.44 aq:12.21 tex:55486 mv:3456 misc:738 imb:19 pmb:686 smb:215 d:- ref:0 ;
in:2411 out:2411 type:B dur:2 cpbdur:2 q:21.46 aq:16.78 tex:3708 mv:1193 misc:803 imb:0 pmb:222 smb:698 d:- ref:0 ;
in:2410 out:2412 type:b dur:2 cpbdur:2 q:21.46 aq:20.62 tex:1097 mv:271 misc:584 imb:0 pmb:113 smb:807 d:- ref:0 ;
in:2412 out:2413 type:b dur:2 cpbdur:2 q:21.45 aq:18.02 tex:1544 mv:463 misc:593 imb:0 pmb:136 smb:784 d:- ref:0 ;
in:2415 out:2414 type:P dur:2 cpbdur:2 q:21.58 aq:10.64 tex:155194 mv:5299 misc:203 imb:170 pmb:744 smb:6 d:- ref:0 ;
in:2414 out:2415 type:b dur:2 cpbdur:2 q:21.51 aq:17.23 tex:723 mv:334 misc:719 imb:0 pmb:183 smb:737 d:- ref:0 ;
in:2419 out:2416 type:P dur:2 cpbdur:2 q:21.73 aq:11.12 tex:31201 mv:737 misc:966 imb:2 pmb:521 smb:397 d:- ref:0 ;
in:2417 out:2417 type:B dur:2 cpbdur:2 q:21.65 aq:16.08 tex:1059 mv:226 misc:547 imb:1 pmb:80 smb:839 d:- ref:0 ;
in:2416 out:2418 type:b dur:2 cpbdur:2 q:21.62 aq:17.21 tex:654 mv:85 misc:333 imb:0 pmb:34 smb:886 d:- ref:0 ;
in:2418 out:2419 type:b dur:2 cpbdur:2 q:21.69 aq:17.35 tex:254 mv:68 misc:310 imb:0 pmb:31 smb:889 d:- ref:0 ;
in:2423 out:2420 type:P dur:2 cpbdur:2 q:21.68 aq:11.56 tex:12272 mv:287 misc:889 imb:2 pmb:255 smb:663 d:- ref:0 ;
in:2421 out:2421 type:B dur:2 cpbdur:2 q:21.70 aq:15.98 tex:436 mv:80 misc:348 imb:0 pmb:34 smb:886 d:- ref:0 ;
in:2420 out:2422 type:b dur:2 cpbdur:2 q:21.71 aq:16.76 tex:220 mv:47 misc:285 imb:0 pmb:23 smb:897 d:- ref:0 ;
in:2422 out:2423 type:b dur:2 cpbdur:2 q:21.69 aq:16.76 tex:236 mv:28 misc:280 imb:0 pmb:24 smb:896 d:- ref:0 ;
in:2427 out:2424 type:P dur:2 cpbdur:2 q:21.60 aq:11.52 tex:63328 mv:4668 misc:724 imb:60 pmb:642 smb:218 d:- ref:0 ;
in:2425 out:2425 type:B dur:2 cpbdur:2 q:21.64 aq:17.79 tex:315 mv:191 misc:558 imb:0 pmb:108 smb:812 d:- ref:0 ;
in:2424 out:2426 type:b dur:2 cpbdur:2 q:21.66 aq:16.96 tex:179 mv:43 misc:250 imb:0 pmb:18 smb:902 d:- ref:0 ;
in:2426 out:2427 type:b dur:2 cpbdur:2 q:21.62 aq:17.24 tex:639 mv:222 misc:531 imb:0 pmb:108 smb:812 d:- ref:0 ;
in:2431 out:2428 type:P dur:2 cpbdur:2 q:21.68 aq:12.15 tex:32389 mv:2896 misc:827 imb:11 pmb:617 smb:292 d:- ref:0 ;
in:2429 out:2429 type:B dur:2 cpbdur:2 q:21.64 aq:16.80 tex:1467 mv:651 misc:754 imb:1 pmb:200 smb:719 d:- ref:0 ;
in:2428 out:2430 type:b dur:2 cpbdur:2 q:21.62 aq:19.18 tex:441 mv:145 misc:374 imb:2 pmb:44 smb:874 d:- ref:0 ;
in:2430 out:2431 type:b dur:2 cpbdur:2 q:21.66 aq:18.28 tex:421 mv:237 misc:574 imb:1 pmb:112 smb:807 d:- ref:0 ;
in:2434 out:2432 type:P dur:2 cpbdur:2 q:21.74 aq:12.19 tex:22346 mv:2261 misc:921 imb:14 pmb:505 smb:401 d:- ref:0 ;
in:2432 out:2433 type:B dur:2 cpbdur:2 q:21.70 aq:17.13 tex:1145 mv:458 misc:701 imb:1 pmb:177 smb:742 d:- ref:0 ;
in:2433 out:2434 type:b dur:2 cpbdur:2 q:21.72 aq:18.37 tex:256 mv:133 misc:363 imb:1 pmb:44 smb:875 d:- ref:0 ;
in:2436 out:2435 type:P dur:2 cpbdur:2 q:21.75 aq:12.20 tex:33761 mv:2900 misc:835 imb:22 pmb:551 smb:347 d:- ref:0 ;
in:2435 out:2436 type:b dur:2 cpbdur:2 q:21.75 aq:18.33 tex:1024 mv:557 misc:595 imb:1 pmb:119 smb:800 d:- ref:0 ;
in:2440 out:2437 type:P dur:2 cpbdur:2 q:21.75 aq:12.13 tex:47048 mv:2485 misc:731 imb:32 pmb:719 smb:169 d:- ref:0 ;
in:2438 out:2438 type:B dur:2 cpbdur:2 q:21.75 aq:17.36 tex:1086 mv:364 misc:662 imb:1 pmb:145 smb:774 d:- ref:0 ;
in:2437 out:2439 type:b dur:2 cpbdur:2 q:21.75 aq:18.88 tex:635 mv:280 misc:477 imb:1 pmb:76 smb:843 d:- ref:0 ;
in:2439 out:2440 type:b dur:2 cpbdur:2 q:21.75 aq:18.77 tex:637 mv:210 misc:481 imb:2 pmb:76 smb:842 d:- ref:0 ;
in:2444 out:2441 type:P dur:2 cpbdur:2 q:21.63 aq:12.11 tex:38980 mv:3316 misc:808 imb:49 pmb:552 smb:319 d:- ref:0 ;
in:2442 out:2442 type:B dur:2 cpbdur:2 q:21.69 aq:16.58 tex:2159 mv:929 misc:792 imb:2 pmb:230 smb:688 d:- ref:0 ;
in:2441 out:2443 type:b dur:2 cpbdur:2 q:21.72 aq:18.61 tex:1979 mv:756 misc:649 imb:2 pmb:168 smb:750 d:- ref:0 ;
in:2443 out:2444 type:b dur:2 cpbdur:2 q:21.66 aq:18.75 tex:537 mv:182 misc:449 imb:2 pmb:63 smb:855 d:- ref:0 ;
in:2448 out:2445 type:P dur:2 cpbdur:2 q:21.60 aq:12.75 tex:31134 mv:2799 misc:795 imb:39 pmb:479 smb:402 d:- ref:0 ;
in:2446 out:2446 type:B dur:2 cpbdur:2 q:21.62 aq:17.61 tex:2223 mv:941 misc:772 imb:2 pmb:232 smb:686 d:- ref:0 ;
in:2445 out:2447 type:b dur:2 cpbdur:2 q:21.63 aq:17.17 tex:1218 mv:776 misc:686 imb:2 pmb:173 smb:745 d:- ref:0 ;
in:2447 out:2448 type:b dur:2 cpbdur:2 q:21.61 aq:17.68 tex:627 mv:241 misc:492 imb:2 pmb:73 smb:845 d:- ref:0 ;
in:2451 out:2449 type:P dur:2 cpbdur:2 q:21.54 aq:11.80 tex:90937 mv:4622 misc:513 imb:185 pmb:606 smb:129 d:- ref:0 ;
in:2449 out:2450 type:B dur:2 cpbdur:2 q:21.58 aq:16.73 tex:897 mv:589 misc:698 imb:1 pmb:173 smb:746 d:- ref:0 ;
in:2450 out:2451 type:b dur:2 cpbdur:2 q:21.56 aq:17.50 tex:3055 mv:1257 misc:704 imb:5 pmb:253 smb:662 d:- ref:0 ;
in:2453 out:2452 type:P dur:2 cpbdur:2 q:21.58 aq:11.67 tex:18858 mv:661 misc:1041 imb:2 pmb:378 smb:540 d:- ref:0 ;
in:2452 out:2453 type:b dur:2 cpbdur:2 q:21.56 aq:19.43 tex:747 mv:84 misc:265 imb:1 pmb:21 smb:898 d:- ref:0 ;
in:2455 out:2454 type:P dur:2 cpbdur:2 q:21.56 aq:11.26 tex:62158 mv:3078 misc:612 imb:19 pmb:799 smb:102 d:- ref:0 ;
in:2454 out:2455 type:b dur:2 cpbdur:2 q:21.57 aq:18.99 tex:330 mv:278 misc:528 imb:1 pmb:95 smb:824 d:- ref:0 ;
in:2456 out:2456 type:P dur:2 cpbdur:2 q:21.60 aq:11.27 tex:28492 mv:1128 misc:1004 imb:4 pmb:540 smb:376 d:- ref:0 ;
in:2460 out:2457 type:P dur:2 cpbdur:2 q:21.61 aq:11.48 tex:38187 mv:2804 misc:897 imb:14 pmb:614 smb:292 d:- ref:0 ;
in:2458 out:2458 type:B dur:2 cpbdur:2 q:21.60 aq:16.62 tex:2017 mv:473 misc:710 imb:1 pmb:177 smb:742 d:- ref:0 ;
in:2457 out:2459 type:b dur:2 cpbdur:2 q:21.60 aq:18.12 tex:1981 mv:535 misc:556 imb:0 pmb:115 smb:805 d:- ref:0 ;
in:2459 out:2460 type:b dur:2 cpbdur:2 q:21.61 aq:18.14 tex:229 mv:97 misc:314 imb:0 pmb:33 smb:887 d:- ref:0 ;
in:2464 out:2461 type:P dur:2 cpbdur:2 q:21.62 aq:11.56 tex:42021 mv:3119 misc:852 imb:21 pmb:586 smb:313 d:- ref:0 ;
in:2462 out:2462 type:B dur:2 cpbdur:2 q:21.62 aq:14.75 tex:1903 mv:467 misc:662 imb:0 pmb:160 smb:760 d:- ref:0 ;
in:2461 out:2463 type:b dur:2 cpbdur:2 q:21.61 aq:18.03 tex:1442 mv:533 misc:561 imb:1 pmb:117 smb:802 d:- ref:0 ;
in:2463 out:2464 type:b dur:2 cpbdur:2 q:21.62 aq:17.61 tex:215 mv:100 misc:333 imb:0 pmb:37 smb:883 d:- ref:0 ;
in:2468 out:2465 type:P dur:2 cpbdur:2 q:21.63 aq:10.98 tex:86411 mv:4056 misc:533 imb:68 pmb:767 smb:85 d:- ref:0 ;
in:2466 out:2466 type:B dur:2 cpbdur:2 q:21.62 aq:16.52 tex:4525 mv:1602 misc:769 imb:4 pmb:258 smb:658 d:- ref:0 ;
in:2465 out:2467 type:b dur:2 cpbdur:2 q:21.62 aq:18.13 tex:1076 mv:663 misc:597 imb:0 pmb:150 smb:770 d:- ref:0 ;
in:2467 out:2468 type:b dur:2 cpbdur:2 q:21.63 aq:17.88 tex:1941 mv:865 misc:642 imb:0 pmb:173 smb:747 d:- ref:0 ;
in:2470 out:2469 type:P dur:2 cpbdur:2 q:21.75 aq:10.86 tex:18115 mv:577 misc:1044 imb:0 pmb:397 smb:523 d:- ref:0 ;
in:2469 out:2470 type:b dur:2 cpbdur:2 q:21.69 aq:17.50 tex:149 mv:79 misc:284 imb:0 pmb:26 smb:894 d:- ref:0 ;
in:2474 out:2471 type:P dur:2 cpbdur:2 q:21.72 aq:11.44 tex:42549 mv:3041 misc:826 imb:31 pmb:531 smb:358 d:- ref:0 ;
in:2472 out:2472 type:B dur:2 cpbdur:2 q:21.74 aq:18.18 tex:1021 mv:393 misc:618 imb:0 pmb:123 smb:797 d:- ref:0 ;
in:2471 out:2473 type:b dur:2 cpbdur:2 q:21.74 aq:18.23 tex:1471 mv:828 misc:621 imb:2 pmb:169 smb:749 d:- ref:0 ;
in:2473 out:2474 type:b dur:2 cpbdur:2 q:21.73 aq:18.54 tex:118 mv:56 misc:242 imb:0 pmb:19 smb:901 d:- ref:0 ;
in:2475 out:2475 type:P dur:2 cpbdur:2 q:21.68 aq:11.08 tex:21769 mv:1330 misc:1013 imb:5 pmb:415 smb:500 d:- ref:0 ;
in:2479 out:2476 type:P dur:2 cpbdur:2 q:21.74 aq:12.03 tex:39484 mv:2210 misc:906 imb:36 pmb:525 smb:359 d:- ref:0 ;
in:2477 out:2477 type:B dur:2 cpbdur:2 q:21.71 aq:16.75 tex:2357 mv:432 misc:723 imb:0 pmb:176 smb:744 d:- ref:0 ;
in:2476 out:2478 type:b dur:2 cpbdur:2 q:21.69 aq:18.67 tex:1753 mv:310 misc:545 imb:0 pmb:126 smb:794 d:- ref:0 ;
in:2478 out:2479 type:b dur:2 cpbdur:2 q:21.72 aq:18.00 tex:166 mv:80 misc:298 imb:0 pmb:30 smb:890 d:- ref:0 ;
in:2483 out:2480 type:P dur:2 cpbdur:2 q:21.61 aq:11.92 tex:48496 mv:3472 misc:816 imb:47 pmb:543 smb:330 d:- ref:0 ;
in:2481 out:2481 type:B dur:2 cpbdur:2 q:21.67 aq:17.25 tex:2736 mv:503 misc:705 imb:0 pmb:164 smb:756 d:- ref:0 ;
in:2480 out:2482 type:b dur:2 cpbdur:2 q:21.70 aq:19.05 tex:1628 mv:166 misc:358 imb:0 pmb:45 smb:875 d:- ref:0 ;
in:2482 out:2483 type:b dur:2 cpbdur:2 q:21.64 aq:18.32 tex:1985 mv:1049 misc:702 imb:0 pmb:212 smb:708 d:- ref:0 ;
in:2486 out:2484 type:P dur:2 cpbdur:2 q:21.62 aq:11.92 tex:34091 mv:2533 misc:880 imb:24 pmb:543 smb:353 d:- ref:0 ;
in:2484 out:2485 type:B dur:2 cpbdur:2 q:21.61 aq:16.90 tex:450 mv:217 misc:445 imb:0 pmb:58 smb:862 d:- ref:0 ;
in:2485 out:2486 type:b dur:2 cpbdur:2 q:21.61 aq:17.90 tex:654 mv:428 misc:606 imb:0 pmb:129 smb:791 d:- ref:0 ;
in:2487 out:2487 type:P dur:2 cpbdur:2 q:21.60 aq:11.94 tex:19416 mv:1298 misc:998 imb:2 pmb:402 smb:516 d:- ref:0 ;
in:2490 out:2488 type:P dur:2 cpbdur:2 q:21.61 aq:12.53 tex:21625 mv:1821 misc:898 imb:9 pmb:442 smb:469 d:- ref:0 ;
in:2488 out:2489 type:B dur:2 cpbdur:2 q:21.61 aq:17.74 tex:1045 mv:315 misc:600 imb:0 pmb:130 smb:790 d:- ref:0 ;
in:2489 out:2490 type:b dur:2 cpbdur:2 q:21.61 aq:18.21 tex:393 mv:150 misc:433 imb:0 pmb:55 smb:865 d:- ref:0 ;
in:2491 out:2491 type:P dur:2 cpbdur:2 q:21.60 aq:11.89 tex:22785 mv:1951 misc:856 imb:19 pmb:407 smb:494 d:- ref:0 ;
in:2492 out:2492 type:P dur:2 cpbdur:2 q:21.61 aq:11.83 tex:19440 mv:1652 misc:964 imb:9 pmb:394 smb:517 d:- ref:0 ;
in:2494 out:2493 type:P dur:2 cpbdur:2 q:21.61 aq:11.88 tex:30315 mv:2227 misc:850 imb:20 pmb:459 smb:441 d:- ref:0 ;
in:2493 out:2494 type:b dur:2 cpbdur:2 q:21.61 aq:17.68 tex:575 mv:201 misc:552 imb:0 pmb:107 smb:813 d:- ref:0 ;
in:2498 out:2495 type:P dur:2 cpbdur:2 q:21.61 aq:11.33 tex:61737 mv:3195 misc:772 imb:53 pmb:628 smb:239 d:- ref:0 ;
in:2496 out:2496 type:B dur:2 cpbdur:2 q:21.61 aq:17.26 tex:2219 mv:611 misc:698 imb:0 pmb:160 smb:760 d:- ref:0 ;
in:2495 out:2497 type:b dur:2 cpbdur:2 q:21.61 aq:17.87 tex:1024 mv:555 misc:565 imb:0 pmb:138 smb:782 d:- ref:0 ;
in:2497 out:2498 type:b dur:2 cpbdur:2 q:21.61 aq:18.63 tex:422 mv:210 misc:520 imb:0 pmb:89 smb:831 d:- ref:0 ;
in:2502 out:2499 type:P dur:2 cpbdur:2 q:21.60 aq:11.19 tex:80607 mv:3774 misc:571 imb:62 pmb:752 smb:106 d:- ref:0 ;
in:2500 out:2500 type:B dur:2 cpbdur:2 q:21.60 aq:16.15 tex:2748 mv:986 misc:890 imb:1 pmb:285 smb:634 d:- ref:0 ;
in:2499 out:2501 type:b dur:2 cpbdur:2 q:21.61 aq:17.49 tex:266 mv:182 misc:432 imb:0 pmb:54 smb:866 d:- ref:0 ;
in:2501 out:2502 type:b dur:2 cpbdur:2 q:21.60 aq:17.50 tex:1559 mv:762 misc:807 imb:0 pmb:208 smb:712 d:- ref:0 ;
in:2506 out:2503 type:P dur:2 cpbdur:2 q:21.57 aq:11.69 tex:15284 mv:480 misc:1028 imb:1 pmb:380 smb:539 d:- ref:0 ;
in:2504 out:2504 type:B dur:2 cpbdur:2 q:21.59 aq:16.45 tex:540 mv:136 misc:468 imb:0 pmb:59 smb:861 d:- ref:0 ;
in:2503 out:2505 type:b dur:2 cpbdur:2 q:21.59 aq:16.49 tex:203 mv:86 misc:311 imb:0 pmb:28 smb:892 d:- ref:0 ;
in:2505 out:2506 type:b dur:2 cpbdur:2 q:21.58 aq:17.63 tex:225 mv:41 misc:270 imb:0 pmb:20 smb:900 d:- ref:0 ;
in:2509 out:2507 type:P dur:2 cpbdur:2 q:21.52 aq:11.80 tex:42679 mv:3323 misc:886 imb:56 pmb:550 smb:314 d:- ref:0 ;
in:2507 out:2508 type:B dur:2 cpbdur:2 q:21.56 aq:17.08 tex:761 mv:324 misc:651 imb:0 pmb:133 smb:787 d:- ref:0 ;
in:2508 out:2509 type:b dur:2 cpbdur:2 q:21.54 aq:17.82 tex:271 mv:53 misc:316 imb:0 pmb:32 smb:888 d:- ref:0 ;
in:2513 out:2510 type:P dur:2 cpbdur:2 q:21.57 aq:12.02 tex:40432 mv:2941 misc:923 imb:37 pmb:583 smb:300 d:- ref:0 ;
in:2511 out:2511 type:B dur:2 cpbdur:2 q:21.55 aq:16.21 tex:3261 mv:1281 misc:778 imb:0 pmb:235 smb:685 d:- ref:0 ;
in:2510 out:2512 type:b dur:2 cpbdur:2 q:21.54 aq:17.69 tex:745 mv:358 misc:625 imb:0 pmb:122 smb:798 d:- ref:0 ;
in:2512 out:2513 type:b dur:2 cpbdur:2 q:21.56 aq:17.53 tex:630 mv:390 misc:540 imb:0 pmb:109 smb:811 d:- ref:0 ;
in:2515 out:2514 type:P dur:2 cpbdur:2 q:21.55 aq:12.23 tex:20645 mv:1766 misc:989 imb:10 pmb:461 smb:449 d:- ref:0 ;
in:2514 out:2515 type:b dur:2 cpbdur:2 q:21.56 aq:17.56 tex:471 mv:282 misc:471 imb:0 pmb:75 smb:845 d:- ref:0 ;
in:2517 out:2516 type:P dur:2 cpbdur:2 q:21.53 aq:12.14 tex:26578 mv:2017 misc:869 imb:11 pmb:473 smb:436 d:- ref:0 ;
in:2516 out:2517 type:b dur:2 cpbdur:2 q:21.54 aq:17.00 tex:888 mv:315 misc:565 imb:0 pmb:108 smb:812 d:- ref:0 ;
in:2521 out:2518 type:P dur:2 cpbdur:2 q:21.54 aq:13.17 tex:22621 mv:2264 misc:795 imb:24 pmb:447 smb:449 d:- ref:0 ;
in:2519 out:2519 type:B dur:2 cpbdur:2 q:21.54 aq:16.07 tex:2622 mv:701 misc:733 imb:0 pmb:208 smb:712 d:- ref:0 ;
in:2518 out:2520 type:b dur:2 cpbdur:2 q:21.53 aq:17.74 tex:412 mv:203 misc:497 imb:0 pmb:76 smb:844 d:- ref:0 ;
in:2520 out:2521 type:b dur:2 cpbdur:2 q:21.54 aq:17.58 tex:816 mv:416 misc:608 imb:1 pmb:129 smb:790 d:- ref:0 ;
in:2525 out:2522 type:P dur:2 cpbdur:2 q:21.48 aq:14.37 tex:25217 mv:2742 misc:729 imb:39 pmb:384 smb:497 d:- ref:0 ;
in:2523 out:2523 type:B dur:2 cpbdur:2 q:21.51 aq:15.99 tex:3112 mv:592 misc:752 imb:0 pmb:214 smb:706 d:- ref:0 ;
in:2522 out:2524 type:b dur:2 cpbdur:2 q:21.53 aq:18.11 tex:1953 mv:615 misc:648 imb:0 pmb:153 smb:767 d:- ref:0 ;
in:2524 out:2525 type:b dur:2 cpbdur:2 q:21.49 aq:17.45 tex:272 mv:112 misc:368 imb:0 pmb:41 smb:879 d:- ref:0 ;
in:2529 out:2526 type:P dur:2 cpbdur:2 q:21.43 aq:14.13 tex:34268 mv:3210 misc:802 imb:52 pmb:508 smb:360 d:- ref:0 ;
in:2527 out:2527 type:B dur:2 cpbdur:2 q:21.45 aq:15.96 tex:3943 mv:846 misc:843 imb:0 pmb:268 smb:652 d:- ref:0 ;
in:2526 out:2528 type:b dur:2 cpbdur:2 q:21.47 aq:18.93 tex:2751 mv:763 misc:806 imb:1 pmb:234 smb:685 d:- ref:0 ;
in:2528 out:2529 type:b dur:2 cpbdur:2 q:21.44 aq:17.76 tex:560 mv:151 misc:529 imb:0 pmb:78 smb:842 d:- ref:0 ;
in:2530 out:2530 type:P dur:2 cpbdur:2 q:21.42 aq:13.32 tex:25571 mv:1722 misc:963 imb:22 pmb:557 smb:341 d:- ref:0 ;
in:2532 out:2531 type:P dur:2 cpbdur:2 q:21.43 aq:13.86 tex:30047 mv:3033 misc:808 imb:37 pmb:460 smb:423 d:- ref:0 ;
in:2531 out:2532 type:b dur:2 cpbdur:2 q:21.43 aq:17.57 tex:2912 mv:1145 misc:735 imb:0 pmb:214 smb:706 d:- ref:0 ;
in:2534 out:2533 type:P dur:2 cpbdur:2 q:21.42 aq:16.44 tex:2709 mv:270 misc:677 imb:0 pmb:120 smb:800 d:- ref:0 ;
in:2533 out:2534 type:b dur:2 cpbdur:2 q:21.43 aq:17.88 tex:350 mv:103 misc:435 imb:0 pmb:60 smb:860 d:- ref:0 ;
in:2535 out:2535 type:P dur:2 cpbdur:2 q:21.38 aq:17.54 tex:6593 mv:1189 misc:754 imb:7 pmb:239 smb:674 d:- ref:0 ;
in:2536 out:2536 type:I dur:2 cpbdur:2 q:18.60 aq:13.51 tex:341122 mv:34083 misc:123 imb:920 pmb:0 smb:0 d:- ref:;
in:2538 out:2537 type:P dur:2 cpbdur:2 q:21.92 aq:16.19 tex:115406 mv:6236 misc:294 imb:73 pmb:826 smb:21 d:- ref:0 ;
in:2537 out:2538 type:b dur:2 cpbdur:2 q:21.92 aq:22.68 tex:17818 mv:4888 misc:926 imb:10 pmb:531 smb:379 d:- ref:0 ;
in:2542 out:2539 type:P dur:2 cpbdur:2 q:21.99 aq:16.46 tex:135822 mv:7514 misc:152 imb:113 pmb:807 smb:0 d:- ref:0 ;
in:2540 out:2540 type:B dur:2 cpbdur:2 q:21.96 aq:21.19 tex:29848 mv:6658 misc:862 imb:16 pmb:671 smb:233 d:- ref:0 ;
in:2539 out:2541 type:b dur:2 cpbdur:2 q:21.94 aq:18.48 tex:159 mv:50 misc:231 imb:0 pmb:20 smb:900 d:- ref:0 ;
in:2541 out:2542 type:b dur:2 cpbdur:2 q:21.97 aq:22.52 tex:22606 mv:5544 misc:866 imb:13 pmb:607 smb:300 d:- ref:0 ;
in:2546 out:2543 type:P dur:2 cpbdur:2 q:22.07 aq:17.05 tex:128610 mv:7160 misc:182 imb:111 pmb:807 smb:2 d:- ref:0 ;
in:2544 out:2544 type:B dur:2 cpbdur:2 q:22.03 aq:20.97 tex:28829 mv:6632 misc:819 imb:18 pmb:677 smb:225 d:- ref:0 ;
in:2543 out:2545 type:b dur:2 cpbdur:2 q:22.01 aq:19.72 tex:324 mv:216 misc:316 imb:0 pmb:48 smb:872 d:- ref:0 ;
in:2545 out:2546 type:b dur:2 cpbdur:2 q:22.05 aq:21.69 tex:18021 mv:4823 misc:932 imb:3 pmb:560 smb:357 d:- ref:0 ;
in:2550 out:2547 type:P dur:2 cpbdur:2 q:22.11 aq:17.03 tex:141079 mv:7553 misc:184 imb:117 pmb:801 smb:2 d:- ref:0 ;
in:2548 out:2548 type:B dur:2 cpbdur:2 q:22.09 aq:20.71 tex:40482 mv:8443 misc:651 imb:23 pmb:768 smb:129 d:- ref:0 ;
in:2547 out:2549 type:b dur:2 cpbdur:2 q:22.08 aq:22.23 tex:17762 mv:4942 misc:912 imb:8 pmb:533 smb:379 d:- ref:0 ;
in:2549 out:2550 type:b dur:2 cpbdur:2 q:22.10 aq:22.21 tex:18801 mv:4921 misc:950 imb:5 pmb:534 smb:381 d:- ref:0 ;
in:2554 out:2551 type:P dur:2 cpbdur:2 q:22.39 aq:17.21 tex:140881 mv:8024 misc:183 imb:127 pmb:791 smb:2 d:- ref:0 ;
in:2552 out:2552 type:B dur:2 cpbdur:2 q:22.25 aq:21.05 tex:35458 mv:7769 misc:781 imb:28 pmb:688 smb:204 d:- ref:0 ;
in:2551 out:2553 type:b dur:2 cpbdur:2 q:22.18 aq:22.40 tex:21408 mv:5305 misc:927 imb:7 pmb:542 smb:371 d:- ref:0 ;
in:2553 out:2554 type:b dur:2 cpbdur:2 q:22.32 aq:23.07 tex:17882 mv:5110 misc:944 imb:2 pmb:535 smb:383 d:- ref:0 ;
in:2557 out:2555 type:P dur:2 cpbdur:2 q:22.65 aq:17.41 tex:123104 mv:7110 misc:234 imb:81 pmb:827 smb:12 d:- ref:0 ;
in:2555 out:2556 type:B dur:2 cpbdur:2 q:22.47 aq:20.98 tex:33639 mv:6227 misc:846 imb:10 pmb:654 smb:256 d:- ref:0 ;
in:2556 out:2557 type:b dur:2 cpbdur:2 q:22.56 aq:16.80 tex:387 mv:283 misc:378 imb:1 pmb:76 smb:843 d:- ref:0 ;
in:2559 out:2558 type:P dur:2 cpbdur:2 q:22.92 aq:17.48 tex:102359 mv:5885 misc:380 imb:51 pmb:821 smb:48 d:- ref:0 ;
in:2558 out:2559 type:b dur:2 cpbdur:2 q:22.79 aq:23.68 tex:13032 mv:3877 misc:875 imb:4 pmb:396 smb:520 d:- ref:0 ;
in:2563 out:2560 type:P dur:2 cpbdur:2 q:23.09 aq:17.63 tex:121070 mv:7581 misc:245 imb:101 pmb:808 smb:11 d:- ref:0 ;
in:2561 out:2561 type:B dur:2 cpbdur:2 q:23.00 aq:22.60 tex:21634 mv:6162 misc:900 imb:16 pmb:564 smb:340 d:- ref:0 ;
in:2560 out:2562 type:b dur:2 cpbdur:2 q:22.96 aq:19.88 tex:245 mv:107 misc:296 imb:1 pmb:33 smb:886 d:- ref:0 ;
in:2562 out:2563 type:b dur:2 cpbdur:2 q:23.05 aq:24.02 tex:16590 mv:5272 misc:882 imb:10 pmb:488 smb:422 d:- ref:0 ;
in:2566 out:2564 type:P dur:2 cpbdur:2 q:23.34 aq:18.14 tex:90973 mv:5732 misc:415 imb:53 pmb:795 smb:72 d:- ref:0 ;
in:2564 out:2565 type:B dur:2 cpbdur:2 q:23.17 aq:18.14 tex:226 mv:183 misc:391 imb:0 pmb:57 smb:863 d:- ref:0 ;
in:2565 out:2566 type:b dur:2 cpbdur:2 q:23.26 aq:24.65 tex:10115 mv:3706 misc:915 imb:2 pmb:366 smb:552 d:- ref:0 ;
in:2570 out:2567 type:P dur:2 cpbdur:2 q:23.48 aq:18.16 tex:118551 mv:7509 misc:332 imb:101 pmb:785 smb:34 d:- ref:0 ;
in:2568 out:2568 type:B dur:2 cpbdur:2 q:23.41 aq:20.90 tex:36274 mv:7369 misc:789 imb:25 pmb:692 smb:203 d:- ref:0 ;
in:2567 out:2569 type:b dur:2 cpbdur:2 q:23.38 aq:20.63 tex:407 mv:157 misc:300 imb:3 pmb:36 smb:881 d:- ref:0 ;
in:2569 out:2570 type:b dur:2 cpbdur:2 q:23.45 aq:24.40 tex:9651 mv:3482 misc:891 imb:10 pmb:342 smb:568 d:- ref:0 ;
in:2574 out:2571 type:P dur:2 cpbdur:2 q:23.61 aq:18.57 tex:109630 mv:7234 misc:280 imb:99 pmb:802 smb:19 d:- ref:0 ;
in:2572 out:2572 type:B dur:2 cpbdur:2 q:23.55 aq:22.29 tex:22445 mv:6735 misc:916 imb:22 pmb:598 smb:300 d:- ref:0 ;
in:2571 out:2573 type:b dur:2 cpbdur:2 q:23.51 aq:24.12 tex:10396 mv:3484 misc:936 imb:13 pmb:365 smb:542 d:- ref:0 ;
in:2573 out:2574 type:b dur:2 cpbdur:2 q:23.58 aq:24.99 tex:9955 mv:3320 misc:957 imb:5 pmb:381 smb:534 d:- ref:0 ;
in:2578 out:2575 type:P dur:2 cpbdur:2 q:23.71 aq:18.64 tex:107195 mv:7319 misc:326 imb:101 pmb:782 smb:37 d:- ref:0 ;
in:2576 out:2576 type:B dur:2 cpbdur:2 q:23.66 aq:22.20 tex:22406 mv:6430 misc:908 imb:27 pmb:587 smb:306 d:- ref:0 ;
in:2575 out:2577 type:b dur:2 cpbdur:2 q:23.64 aq:24.44 tex:11492 mv:3729 misc:963 imb:17 pmb:409 smb:494 d:- ref:0 ;
in:2577 out:2578 type:b dur:2 cpbdur:2 q:23.69 aq:24.08 tex:9272 mv:3576 misc:928 imb:6 pmb:383 smb:531 d:- ref:0 ;
in:2580 out:2579 type:P dur:2 cpbdur:2 q:23.84 aq:18.35 tex:91344 mv:5968 misc:272 imb:59 pmb:842 smb:19 d:- ref:0 ;
in:2579 out:2580 type:b dur:2 cpbdur:2 q:23.78 aq:24.85 tex:7774 mv:2979 misc:879 imb:8 pmb:349 smb:563 d:- ref:0 ;
in:2584 out:2581 type:P dur:2 cpbdur:2 q:23.91 aq:18.53 tex:102455 mv:7082 misc:255 imb:104 pmb:802 smb:14 d:- ref:0 ;
in:2582 out:2582 type:B dur:2 cpbdur:2 q:23.88 aq:23.41 tex:15973 mv:5506 misc:985 imb:16 pmb:520 smb:384 d:- ref:0 ;
in:2581 out:2583 type:b dur:2 cpbdur:2 q:23.86 aq:20.61 tex:178 mv:138 misc:308 imb:0 pmb:49 smb:871 d:- ref:0 ;
in:2583 out:2584 type:b dur:2 cpbdur:2 q:23.89 aq:24.75 tex:8136 mv:3397 misc:939 imb:9 pmb:377 smb:534 d:- ref:0 ;
in:2586 out:2585 type:P dur:2 cpbdur:2 q:24.06 aq:18.79 tex:70114 mv:5103 misc:511 imb:52 pmb:789 smb:79 d:- ref:0 ;
in:2585 out:2586 type:b dur:2 cpbdur:2 q:23.98 aq:20.67 tex:369 mv:169 misc:406 imb:0 pmb:64 smb:856 d:- ref:0 ;
in:2588 out:2587 type:P dur:2 cpbdur:2 q:24.14 aq:18.51 tex:84502 mv:6487 misc:347 imb:84 pmb:804 smb:32 d:- ref:0 ;
in:2587 out:2588 type:b dur:2 cpbdur:2 q:24.10 aq:24.89 tex:6734 mv:3698 misc:936 imb:10 pmb:402 smb:508 d:- ref:0 ;
in:2592 out:2589 type:P dur:2 cpbdur:2 q:24.22 aq:18.43 tex:94229 mv:7448 misc:219 imb:117 pmb:795 smb:8 d:- ref:0 ;
in:2590 out:2590 type:B dur:2 cpbdur:2 q:24.18 aq:22.85 tex:11890 mv:4962 misc:956 imb:16 pmb:499 smb:405 d:- ref:0 ;
in:2589 out:2591 type:b dur:2 cpbdur:2 q:24.16 aq:21.47 tex:140 mv:180 misc:336 imb:0 pmb:45 smb:875 d:- ref:0 ;
in:2591 out:2592 type:b dur:2 cpbdur:2 q:24.20 aq:25.06 tex:8453 mv:3700 misc:967 imb:9 pmb:412 smb:499 d:- ref:0 ;
in:2596 out:2593 type:P dur:2 cpbdur:2 q:24.36 aq:18.92 tex:75414 mv:5709 misc:461 imb:70 pmb:767 smb:83 d:- ref:0 ;
in:2594 out:2594 type:B dur:2 cpbdur:2 q:24.29 aq:23.89 tex:10596 mv:4105 misc:987 imb:3 pmb:447 smb:470 d:- ref:0 ;
in:2593 out:2595 type:b dur:2 cpbdur:2 q:24.26 aq:20.30 tex:158 mv:256 misc:410 imb:0 pmb:77 smb:843 d:- ref:0 ;
in:2595 out:2596 type:b dur:2 cpbdur:2 q:24.32 aq:25.07 tex:5576 mv:2775 misc:897 imb:7 pmb:303 smb:610 d:- ref:0 ;
in:2600 out:2597 type:P dur:2 cpbdur:2 q:24.37 aq:19.04 tex:88173 mv:6749 misc:414 imb:90 pmb:776 smb:54 d:- ref:0 ;
in:2598 out:2598 type:B dur:2 cpbdur:2 q:24.36 aq:22.97 tex:15056 mv:6212 misc:980 imb:14 pmb:575 smb:331 d:- ref:0 ;
in:2597 out:2599 type:b dur:2 cpbdur:2 q:24.36 aq:25.02 tex:5610 mv:3077 misc:921 imb:8 pmb:320 smb:592 d:- ref:0 ;
in:2599 out:2600 type:b dur:2 cpbdur:2 q:24.37 aq:25.36 tex:5311 mv:2631 misc:834 imb:8 pmb:274 smb:638 d:- ref:0 ;
in:2604 out:2601 type:P dur:2 cpbdur:2 q:24.49 aq:18.92 tex:87835 mv:6890 misc:219 imb:124 pmb:786 smb:10 d:- ref:0 ;
in:2602 out:2602 type:B dur:2 cpbdur:2 q:24.43 aq:22.84 tex:16283 mv:5800 misc:981 imb:24 pmb:535 smb:361 d:- ref:0 ;
in:2601 out:2603 type:b dur:2 cpbdur:2 q:24.40 aq:25.17 tex:5470 mv:2980 misc:918 imb:7 pmb:328 smb:585 d:- ref:0 ;
in:2603 out:2604 type:b dur:2 cpbdur:2 q:24.46 aq:25.43 tex:6372 mv:3540 misc:928 imb:4 pmb:371 smb:545 d:- ref:0 ;
in:2608 out:2605 type:P dur:2 cpbdur:2 q:24.55 aq:19.20 tex:81749 mv:6541 misc:406 imb:65 pmb:789 smb:66 d:- ref:0 ;
in:2606 out:2606 type:B dur:2 cpbdur:2 q:24.52 aq:22.54 tex:18695 mv:5611 misc:950 imb:13 pmb:610 smb:297 d:- ref:0 ;
in:2605 out:2607 type:b dur:2 cpbdur:2 q:24.50 aq:24.20 tex:59 mv:73 misc:196 imb:0 pmb:14 smb:906 d:- ref:0 ;
in:2607 out:2608 type:b dur:2 cpbdur:2 q:24.53 aq:26.20 tex:6927 mv:3866 misc:903 imb:1 pmb:384 smb:535 d:- ref:0 ;
in:2612 out:2609 type:P dur:2 cpbdur:2 q:24.64 aq:19.38 tex:83485 mv:6945 misc:330 imb:109 pmb:772 smb:39 d:- ref:0 ;
in:2610 out:2610 type:B dur:2 cpbdur:2 q:24.60 aq:22.44 tex:17815 mv:5846 misc:915 imb:25 pmb:567 smb:328 d:- ref:0 ;
in:2609 out:2611 type:b dur:2 cpbdur:2 q:24.57 aq:21.89 tex:218 mv:151 misc:367 imb:1 pmb:52 smb:867 d:- ref:0 ;
in:2611 out:2612 type:b dur:2 cpbdur:2 q:24.62 aq:26.08 tex:6025 mv:3552 misc:967 imb:4 pmb:391 smb:525 d:- ref:0 ;
in:2616 out:2613 type:P dur:2 cpbdur:2 q:24.72 aq:19.42 tex:72525 mv:5721 misc:418 imb:69 pmb:784 smb:67 d:- ref:0 ;
in:2614 out:2614 type:B dur:2 cpbdur:2 q:24.68 aq:22.33 tex:14783 mv:5089 misc:968 imb:9 pmb:544 smb:367 d:- ref:0 ;
in:2613 out:2615 type:b dur:2 cpbdur:2 q:24.66 aq:18.87 tex:81 mv:125 misc:274 imb:0 pmb:37 smb:883 d:- ref:0 ;
in:2615 out:2616 type:b dur:2 cpbdur:2 q:24.70 aq:26.37 tex:3220 mv:2085 misc:799 imb:3 pmb:235 smb:682 d:- ref:0 ;
in:2620 out:2617 type:P dur:2 cpbdur:2 q:24.78 aq:19.66 tex:75425 mv:6763 misc:436 imb:82 pmb:769 smb:69 d:- ref:0 ;
in:2618 out:2618 type:B dur:2 cpbdur:2 q:24.75 aq:23.21 tex:14920 mv:5923 misc:949 imb:16 pmb:551 smb:353 d:- ref:0 ;
in:2617 out:2619 type:b dur:2 cpbdur:2 q:24.73 aq:20.61 tex:167 mv:64 misc:193 imb:1 pmb:15 smb:904 d:- ref:0 ;
in:2619 out:2620 type:b dur:2 cpbdur:2 q:24.77 aq:26.54 tex:4261 mv:2415 misc:780 imb:2 pmb:256 smb:662 d:- ref:0 ;
in:2624 out:2621 type:P dur:2 cpbdur:2 q:24.84 aq:19.69 tex:72383 mv:6784 misc:361 imb:95 pmb:778 smb:47 d:- ref:0 ;
in:2622 out:2622 type:B dur:2 cpbdur:2 q:24.81 aq:23.62 tex:11293 mv:5288 misc:1003 imb:17 pmb:507 smb:396 d:- ref:0 ;
in:2621 out:2623 type:b dur:2 cpbdur:2 q:24.80 aq:25.88 tex:5135 mv:2580 misc:885 imb:9 pmb:285 smb:626 d:- ref:0 ;
in:2623 out:2624 type:b dur:2 cpbdur:2 q:24.83 aq:25.56 tex:4118 mv:2976 misc:922 imb:12 pmb:300 smb:608 d:- ref:0 ;
in:2626 out:2625 type:P dur:2 cpbdur:2 q:24.89 aq:19.00 tex:72413 mv:6026 misc:361 imb:90 pmb:792 smb:38 d:- ref:0 ;
in:2625 out:2626 type:b dur:2 cpbdur:2 q:24.87 aq:25.46 tex:3644 mv:2299 misc:777 imb:8 pmb:239 smb:673 d:- ref:0 ;
in:2630 out:2627 type:P dur:2 cpbdur:2 q:24.91 aq:19.01 tex:79052 mv:6931 misc:289 imb:115 pmb:783 smb:22 d:- ref:0 ;
in:2628 out:2628 type:B dur:2 cpbdur:2 q:24.90 aq:24.08 tex:9000 mv:5287 misc:1001 imb:17 pmb:496 smb:407 d:- ref:0 ;
in:2627 out:2629 type:b dur:2 cpbdur:2 q:24.90 aq:21.33 tex:295 mv:315 misc:406 imb:2 pmb:69 smb:849 d:- ref:0 ;
in:2629 out:2630 type:b dur:2 cpbdur:2 q:24.91 aq:24.87 tex:4410 mv:2502 misc:832 imb:14 pmb:263 smb:643 d:- ref:0 ;
in:2634 out:2631 type:P dur:2 cpbdur:2 q:24.97 aq:19.20 tex:72570 mv:6804 misc:306 imb:106 pmb:788 smb:26 d:- ref:0 ;
in:2632 out:2632 type:B dur:2 cpbdur:2 q:24.94 aq:24.37 tex:6605 mv:4375 misc:996 imb:11 pmb:466 smb:443 d:- ref:0 ;
in:2631 out:2633 type:b dur:2 cpbdur:2 q:24.93 aq:20.19 tex:163 mv:142 misc:295 imb:0 pmb:39 smb:881 d:- ref:0 ;
in:2633 out:2634 type:b dur:2 cpbdur:2 q:24.95 aq:26.39 tex:5210 mv:3313 misc:965 imb:5 pmb:380 smb:535 d:- ref:0 ;
in:2638 out:2635 type:P dur:2 cpbdur:2 q:25.02 aq:19.05 tex:67715 mv:6735 misc:350 imb:114 pmb:772 smb:34 d:- ref:0 ;
in:2636 out:2636 type:B dur:2 cpbdur:2 q:24.99 aq:24.46 tex:6317 mv:4146 misc:993 imb:11 pmb:414 smb:495 d:- ref:0 ;
in:2635 out:2637 type:b dur:2 cpbdur:2 q:24.98 aq:22.19 tex:137 mv:126 misc:289 imb:0 pmb:33 smb:887 d:- ref:0 ;
in:2637 out:2638 type:b dur:2 cpbdur:2 q:25.00 aq:24.34 tex:4893 mv:3506 misc:969 imb:12 pmb:371 smb:537 d:- ref:0 ;
in:2642 out:2639 type:P dur:2 cpbdur:2 q:25.10 aq:19.30 tex:62048 mv:6182 misc:450 imb:86 pmb:763 smb:71 d:- ref:0 ;
in:2640 out:2640 type:B dur:2 cpbdur:2 q:25.06 aq:24.97 tex:6592 mv:2989 misc:931 imb:5 pmb:341 smb:574 d:- ref:0 ;
in:2639 out:2641 type:b dur:2 cpbdur:2 q:25.04 aq:21.46 tex:103 mv:33 misc:184 imb:0 pmb:8 smb:912 d:- ref:0 ;
in:2641 out:2642 type:b dur:2 cpbdur:2 q:25.08 aq:25.76 tex:3851 mv:2697 misc:836 imb:8 pmb:269 smb:643 d:- ref:0 ;
in:2646 out:2643 type:P dur:2 cpbdur:2 q:25.13 aq:19.52 tex:65416 mv:6753 misc:375 imb:115 pmb:761 smb:44 d:- ref:0 ;
in:2644 out:2644 type:B dur:2 cpbdur:2 q:25.12 aq:23.36 tex:9438 mv:4556 misc:974 imb:14 pmb:448 smb:458 d:- ref:0 ;
in:2643 out:2645 type:b dur:2 cpbdur:2 q:25.11 aq:25.90 tex:3082 mv:2533 misc:753 imb:7 pmb:243 smb:670 d:- ref:0 ;
in:2645 out:2646 type:b dur:2 cpbdur:2 q:25.13 aq:26.10 tex:2564 mv:2382 misc:758 imb:4 pmb:233 smb:683 d:- ref:0 ;
in:2650 out:2647 type:P dur:2 cpbdur:2 q:25.16 aq:19.44 tex:63613 mv:6819 misc:368 imb:121 pmb:751 smb:48 d:- ref:0 ;
in:2648 out:2648 type:B dur:2 cpbdur:2 q:25.15 aq:23.09 tex:10730 mv:5153 misc:981 imb:34 pmb:475 smb:411 d:- ref:0 ;
in:2647 out:2649 type:b dur:2 cpbdur:2 q:25.14 aq:25.74 tex:2862 mv:2379 misc:823 imb:2 pmb:254 smb:664 d:- ref:0 ;
in:2649 out:2650 type:b dur:2 cpbdur:2 q:25.15 aq:25.27 tex:1888 mv:1726 misc:738 imb:5 pmb:195 smb:720 d:- ref:0 ;
in:2654 out:2651 type:P dur:2 cpbdur:2 q:25.18 aq:19.60 tex:57516 mv:6554 misc:466 imb:131 pmb:716 smb:73 d:- ref:0 ;
in:2652 out:2652 type:B dur:2 cpbdur:2 q:25.17 aq:23.17 tex:10991 mv:4874 misc:983 imb:15 pmb:529 smb:376 d:- ref:0 ;
in:2651 out:2653 type:b dur:2 cpbdur:2 q:25.17 aq:21.42 tex:255 mv:512 misc:625 imb:0 pmb:171 smb:749 d:- ref:0 ;
in:2653 out:2654 type:b dur:2 cpbdur:2 q:25.18 aq:25.35 tex:3632 mv:3181 misc:867 imb:4 pmb:324 smb:592 d:- ref:0 ;
in:2658 out:2655 type:P dur:2 cpbdur:2 q:25.20 aq:19.60 tex:58320 mv:6413 misc:419 imb:118 pmb:741 smb:61 d:- ref:0 ;
in:2656 out:2656 type:B dur:2 cpbdur:2 q:25.19 aq:22.66 tex:11145 mv:4962 misc:1005 imb:17 pmb:511 smb:392 d:- ref:0 ;
in:2655 out:2657 type:b dur:2 cpbdur:2 q:25.18 aq:21.95 tex:259 mv:168 misc:445 imb:1 pmb:74 smb:845 d:- ref:0 ;
in:2657 out:2658 type:b dur:2 cpbdur:2 q:25.19 aq:24.74 tex:3553 mv:2907 misc:876 imb:6 pmb:308 smb:606 d:- ref:0 ;
in:2662 out:2659 type:P dur:2 cpbdur:2 q:25.23 aq:20.18 tex:45947 mv:5818 misc:523 imb:96 pmb:699 smb:125 d:- ref:0 ;
in:2660 out:2660 type:B dur:2 cpbdur:2 q:25.21 aq:22.20 tex:10714 mv:4721 misc:973 imb:16 pmb:498 smb:406 d:- ref:0 ;
in:2659 out:2661 type:b dur:2 cpbdur:2 q:25.21 aq:21.79 tex:154 mv:136 misc:326 imb:0 pmb:53 smb:867 d:- ref:0 ;
in:2661 out:2662 type:b dur:2 cpbdur:2 q:25.22 aq:24.27 tex:1919 mv:1523 misc:710 imb:3 pmb:158 smb:759 d:- ref:0 ;
in:2666 out:2663 type:P dur:2 cpbdur:2 q:25.25 aq:20.36 tex:52907 mv:6625 misc:340 imb:116 pmb:767 smb:37 d:- ref:0 ;
in:2664 out:2664 type:B dur:2 cpbdur:2 q:25.24 aq:22.59 tex:10121 mv:5002 misc:997 imb:20 pmb:505 smb:395 d:- ref:0 ;
in:2663 out:2665 type:b dur:2 cpbdur:2 q:25.24 aq:23.27 tex:2853 mv:2490 misc:841 imb:18 pmb:248 smb:654 d:- ref:0 ;
in:2665 out:2666 type:b dur:2 cpbdur:2 q:25.24 aq:26.79 tex:2940 mv:2350 misc:830 imb:3 pmb:249 smb:668 d:- ref:0 ;
in:2670 out:2667 type:P dur:2 cpbdur:2 q:25.28 aq:21.42 tex:43651 mv:6123 misc:570 imb:112 pmb:703 smb:105 d:- ref:0 ;
in:2668 out:2668 type:B dur:2 cpbdur:2 q:25.26 aq:23.71 tex:11994 mv:5785 misc:989 imb:21 pmb:537 smb:362 d:- ref:0 ;
in:2667 out:2669 type:b dur:2 cpbdur:2 q:25.26 aq:26.81 tex:3595 mv:2750 misc:799 imb:2 pmb:267 smb:651 d:- ref:0 ;
in:2669 out:2670 type:b dur:2 cpbdur:2 q:25.27 aq:25.77 tex:3399 mv:2068 misc:781 imb:3 pmb:213 smb:704 d:- ref:0 ;
in:2674 out:2671 type:P dur:2 cpbdur:2 q:25.28 aq:22.53 tex:34009 mv:5835 misc:652 imb:106 pmb:661 smb:153 d:- ref:0 ;
in:2672 out:2672 type:B dur:2 cpbdur:2 q:25.28 aq:22.76 tex:18803 mv:6382 misc:887 imb:32 pmb:639 smb:249 d:- ref:0 ;
in:2671 out:2673 type:b dur:2 cpbdur:2 q:25.28 aq:21.03 tex:203 mv:198 misc:375 imb:0 pmb:67 smb:853 d:- ref:0 ;
in:2673 out:2674 type:b dur:2 cpbdur:2 q:25.28 aq:25.97 tex:5429 mv:3453 misc:934 imb:6 pmb:352 smb:562 d:- ref:0 ;
in:2676 out:2675 type:P dur:2 cpbdur:2 q:25.28 aq:24.97 tex:10494 mv:2907 misc:983 imb:36 pmb:431 smb:453 d:- ref:0 ;
in:2675 out:2676 type:b dur:2 cpbdur:2 q:25.28 aq:23.51 tex:1524 mv:999 misc:789 imb:5 pmb:233 smb:682 d:- ref:0 ;
in:2677 out:2677 type:I dur:2 cpbdur:2 q:22.24 aq:12.87 tex:184174 mv:33268 misc:134 imb:920 pmb:0 smb:0 d:- ref:;
in:2679 out:2678 type:P dur:2 cpbdur:2 q:25.44 aq:15.93 tex:8095 mv:776 misc:937 imb:21 pmb:256 smb:643 d:- ref:0 ;
in:2678 out:2679 type:b dur:2 cpbdur:2 q:25.44 aq:23.02 tex:311 mv:122 misc:327 imb:1 pmb:39 smb:880 d:- ref:0 ;
in:2681 out:2680 type:P dur:2 cpbdur:2 q:25.43 aq:15.53 tex:19110 mv:2991 misc:827 imb:24 pmb:676 smb:220 d:- ref:0 ;
in:2680 out:2681 type:b dur:2 cpbdur:2 q:25.43 aq:23.09 tex:431 mv:152 misc:313 imb:1 pmb:31 smb:888 d:- ref:0 ;
in:2683 out:2682 type:P dur:2 cpbdur:2 q:25.42 aq:15.36 tex:21611 mv:2385 misc:932 imb:28 pmb:598 smb:294 d:- ref:0 ;
in:2682 out:2683 type:b dur:2 cpbdur:2 q:25.43 aq:21.94 tex:1027 mv:143 misc:326 imb:1 pmb:38 smb:881 d:- ref:0 ;
in:2684 out:2684 type:P dur:2 cpbdur:2 q:25.42 aq:14.67 tex:8055 mv:485 misc:980 imb:6 pmb:292 smb:622 d:- ref:0 ;
in:2686 out:2685 type:P dur:2 cpbdur:2 q:25.42 aq:15.22 tex:16947 mv:2337 misc:956 imb:19 pmb:516 smb:385 d:- ref:0 ;
in:2685 out:2686 type:b dur:2 cpbdur:2 q:25.42 aq:22.94 tex:773 mv:103 misc:300 imb:1 pmb:32 smb:887 d:- ref:0 ;
in:2690 out:2687 type:P dur:2 cpbdur:2 q:25.40 aq:15.67 tex:18200 mv:2853 misc:923 imb:36 pmb:507 smb:377 d:- ref:0 ;
in:2688 out:2688 type:B dur:2 cpbdur:2 q:25.41 aq:19.66 tex:2632 mv:620 misc:716 imb:3 pmb:180 smb:737 d:- ref:0 ;
in:2687 out:2689 type:b dur:2 cpbdur:2 q:25.42 aq:24.39 tex:949 mv:133 misc:374 imb:1 pmb:45 smb:874 d:- ref:0 ;
in:2689 out:2690 type:b dur:2 cpbdur:2 q:25.41 aq:22.12 tex:295 mv:97 misc:296 imb:1 pmb:28 smb:891 d:- ref:0 ;
in:2692 out:2691 type:P dur:2 cpbdur:2 q:25.38 aq:15.52 tex:12091 mv:1961 misc:948 imb:20 pmb:401 smb:499 d:- ref:0 ;
in:2691 out:2692 type:b dur:2 cpbdur:2 q:25.39 aq:21.93 tex:506 mv:147 misc:347 imb:1 pmb:40 smb:879 d:- ref:0 ;
in:2696 out:2693 type:P dur:2 cpbdur:2 q:25.35 aq:16.19 tex:13488 mv:2652 misc:860 imb:35 pmb:423 smb:462 d:- ref:0 ;
in:2694 out:2694 type:B dur:2 cpbdur:2 q:25.37 aq:19.02 tex:2670 mv:697 misc:793 imb:2 pmb:224 smb:694 d:- ref:0 ;
in:2693 out:2695 type:b dur:2 cpbdur:2 q:25.37 aq:21.01 tex:307 mv:209 misc:516 imb:1 pmb:84 smb:835 d:- ref:0 ;
in:2695 out:2696 type:b dur:2 cpbdur:2 q:25.36 aq:21.51 tex:344 mv:101 misc:299 imb:1 pmb:32 smb:887 d:- ref:0 ;
in:2700 out:2697 type:P dur:2 cpbdur:2 q:25.30 aq:17.18 tex:14031 mv:2752 misc:777 imb:49 pmb:385 smb:486 d:- ref:0 ;
in:2698 out:2698 type:B dur:2 cpbdur:2 q:25.33 aq:18.71 tex:2216 mv:657 misc:751 imb:3 pmb:206 smb:711 d:- ref:0 ;
in:2697 out:2699 type:b dur:2 cpbdur:2 q:25.34 aq:21.03 tex:675 mv:306 misc:507 imb:1 pmb:90 smb:829 d:- ref:0 ;
in:2699 out:2700 type:b dur:2 cpbdur:2 q:25.31 aq:20.43 tex:418 mv:121 misc:349 imb:1 pmb:41 smb:878 d:- ref:0 ;
in:2704 out:2701 type:P dur:2 cpbdur:2 q:25.24 aq:15.83 tex:31433 mv:3813 misc:746 imb:105 pmb:561 smb:254 d:- ref:0 ;
in:2702 out:2702 type:B dur:2 cpbdur:2 q:25.27 aq:18.92 tex:4026 mv:1327 misc:855 imb:11 pmb:293 smb:616 d:- ref:0 ;
in:2701 out:2703 type:b dur:2 cpbdur:2 q:25.28 aq:20.57 tex:652 mv:226 misc:466 imb:3 pmb:63 smb:854 d:- ref:0 ;
in:2703 out:2704 type:b dur:2 cpbdur:2 q:25.26 aq:20.88 tex:621 mv:297 misc:586 imb:1 pmb:122 smb:797 d:- ref:0 ;
in:2708 out:2705 type:P dur:2 cpbdur:2 q:25.22 aq:16.31 tex:15967 mv:3050 misc:847 imb:47 pmb:426 smb:447 d:- ref:0 ;
in:2706 out:2706 type:B dur:2 cpbdur:2 q:25.23 aq:19.64 tex:2704 mv:729 misc:775 imb:3 pmb:206 smb:711 d:- ref:0 ;
in:2705 out:2707 type:b dur:2 cpbdur:2 q:25.24 aq:21.91 tex:733 mv:204 misc:447 imb:2 pmb:61 smb:857 d:- ref:0 ;
in:2707 out:2708 type:b dur:2 cpbdur:2 q:25.23 aq:21.58 tex:1026 mv:290 misc:548 imb:1 pmb:95 smb:824 d:- ref:0 ;
in:2712 out:2709 type:P dur:2 cpbdur:2 q:25.17 aq:17.32 tex:9448 mv:2139 misc:885 imb:29 pmb:391 smb:500 d:- ref:0 ;
in:2710 out:2710 type:B dur:2 cpbdur:2 q:25.20 aq:20.55 tex:1200 mv:390 misc:610 imb:4 pmb:108 smb:808 d:- ref:0 ;
in:2709 out:2711 type:b dur:2 cpbdur:2 q:25.21 aq:20.35 tex:409 mv:87 misc:336 imb:1 pmb:33 smb:886 d:- ref:0 ;
in:2711 out:2712 type:b dur:2 cpbdur:2 q:25.19 aq:20.92 tex:613 mv:273 misc:482 imb:1 pmb:76 smb:843 d:- ref:0 ;
in:2716 out:2713 type:P dur:2 cpbdur:2 q:25.13 aq:19.41 tex:8712 mv:2633 misc:759 imb:41 pmb:332 smb:547 d:- ref:0 ;
in:2714 out:2714 type:B dur:2 cpbdur:2 q:25.15 aq:19.68 tex:2791 mv:1026 misc:799 imb:4 pmb:241 smb:675 d:- ref:0 ;
in:2713 out:2715 type:b dur:2 cpbdur:2 q:25.16 aq:20.20 tex:544 mv:267 misc:541 imb:3 pmb:94 smb:823 d:- ref:0 ;
in:2715 out:2716 type:b dur:2 cpbdur:2 q:25.14 aq:20.40 tex:489 mv:198 misc:385 imb:1 pmb:46 smb:873 d:- ref:0 ;
in:2717 out:2717 type:P dur:2 cpbdur:2 q:25.08 aq:20.07 tex:2067 mv:630 misc:679 imb:8 pmb:125 smb:787 d:- ref:0 ;
in:2718 out:2718 type:P dur:2 cpbdur:2 q:25.06 aq:20.86 tex:1475 mv:925 misc:648 imb:8 pmb:147 smb:765 d:- ref:0 ;
in:2719 out:2719 type:I dur:2 cpbdur:2 q:22.32 aq:18.90 tex:464702 mv:44241 misc:145 imb:920 pmb:0 smb:0 d:- ref:;
in:2721 out:2720 type:P dur:2 cpbdur:2 q:25.40 aq:21.86 tex:101717 mv:5002 misc:481 imb:27 pmb:820 smb:73 d:- ref:0 ;
in:2720 out:2721 type:b dur:2 cpbdur:2 q:25.40 aq:27.88 tex:7201 mv:3449 misc:822 imb:1 pmb:315 smb:604 d:- ref:0 ;
in:2725 out:2722 type:P dur:2 cpbdur:2 q:25.44 aq:22.63 tex:113572 mv:6034 misc:378 imb:44 pmb:833 smb:43 d:- ref:0 ;
in:2723 out:2723 type:B dur:2 cpbdur:2 q:25.42 aq:26.91 tex:20595 mv:5816 misc:885 imb:3 pmb:503 smb:414 d:- ref:0 ;
in:2722 out:2724 type:b dur:2 cpbdur:2 q:25.41 aq:28.00 tex:7 mv:50 misc:151 imb:0 pmb:7 smb:913 d:- ref:0 ;
in:2724 out:2725 type:b dur:2 cpbdur:2 q:25.43 aq:27.80 tex:7359 mv:3225 misc:888 imb:1 pmb:346 smb:573 d:- ref:0 ;
in:2729 out:2726 type:P dur:2 cpbdur:2 q:25.46 aq:24.14 tex:108692 mv:6409 misc:323 imb:36 pmb:853 smb:31 d:- ref:0 ;
in:2727 out:2727 type:B dur:2 cpbdur:2 q:25.45 aq:27.23 tex:17282 mv:4955 misc:859 imb:1 pmb:526 smb:393 d:- ref:0 ;
in:2726 out:2728 type:b dur:2 cpbdur:2 q:25.44 aq:26.69 tex:115 mv:120 misc:309 imb:0 pmb:40 smb:880 d:- ref:0 ;
in:2728 out:2729 type:b dur:2 cpbdur:2 q:25.45 aq:27.94 tex:13226 mv:4967 misc:887 imb:0 pmb:483 smb:437 d:- ref:0 ;
in:2732 out:2730 type:P dur:2 cpbdur:2 q:25.65 aq:27.67 tex:48002 mv:5305 misc:621 imb:38 pmb:703 smb:179 d:- ref:0 ;
in:2730 out:2731 type:B dur:2 cpbdur:2 q:25.52 aq:26.67 tex:806 mv:364 misc:518 imb:1 pmb:100 smb:819 d:- ref:0 ;
in:2731 out:2732 type:b dur:2 cpbdur:2 q:25.58 aq:27.83 tex:12814 mv:4277 misc:845 imb:0 pmb:424 smb:496 d:- ref:0 ;
in:2733 out:2733 type:i dur:2 cpbdur:2 q:22.44 aq:12.93 tex:100729 mv:25744 misc:151 imb:920 pmb:0 smb:0 d:- ref:;
in:2737 out:2734 type:P dur:2 cpbdur:2 q:25.90 aq:17.46 tex:20573 mv:4041 misc:810 imb:47 pmb:510 smb:363 d:- ref:0 ;
in:2735 out:2735 type:B dur:2 cpbdur:2 q:25.90 aq:21.75 tex:1493 mv:1759 misc:652 imb:2 pmb:162 smb:756 d:- ref:0 ;
in:2734 out:2736 type:b dur:2 cpbdur:2 q:25.90 aq:17.27 tex:164 mv:118 misc:502 imb:0 pmb:93 smb:827 d:- ref:0 ;
in:2736 out:2737 type:b dur:2 cpbdur:2 q:25.90 aq:22.23 tex:1192 mv:1272 misc:584 imb:3 pmb:133 smb:784 d:- ref:0 ;
in:2741 out:2738 type:P dur:2 cpbdur:2 q:25.96 aq:16.74 tex:30559 mv:5096 misc:681 imb:94 pmb:623 smb:203 d:- ref:0 ;
in:2739 out:2739 type:B dur:2 cpbdur:2 q:25.93 aq:19.46 tex:3701 mv:2513 misc:866 imb:7 pmb:290 smb:623 d:- ref:0 ;
in:2738 out:2740 type:b dur:2 cpbdur:2 q:25.92 aq:20.58 tex:1337 mv:1466 misc:693 imb:2 pmb:157 smb:761 d:- ref:0 ;
in:2740 out:2741 type:b dur:2 cpbdur:2 q:25.94 aq:22.49 tex:1141 mv:1076 misc:551 imb:1 pmb:109 smb:810 d:- ref:0 ;
in:2745 out:2742 type:P dur:2 cpbdur:2 q:25.97 aq:17.01 tex:26976 mv:4019 misc:749 imb:56 pmb:543 smb:321 d:- ref:0 ;
in:2743 out:2743 type:B dur:2 cpbdur:2 q:25.96 aq:21.76 tex:2437 mv:1692 misc:663 imb:3 pmb:177 smb:740 d:- ref:0 ;
in:2742 out:2744 type:b dur:2 cpbdur:2 q:25.96 aq:22.61 tex:1081 mv:972 misc:547 imb:1 pmb:110 smb:809 d:- ref:0 ;
in:2744 out:2745 type:b dur:2 cpbdur:2 q:25.97 aq:24.38 tex:718 mv:799 misc:443 imb:3 pmb:89 smb:828 d:- ref:0 ;
in:2749 out:2746 type:P dur:2 cpbdur:2 q:25.95 aq:17.84 tex:21980 mv:3183 misc:781 imb:42 pmb:412 smb:466 d:- ref:0 ;
in:2747 out:2747 type:B dur:2 cpbdur:2 q:25.96 aq:21.63 tex:3626 mv:1830 misc:648 imb:2 pmb:217 smb:701 d:- ref:0 ;
in:2746 out:2748 type:b dur:2 cpbdur:2 q:25.96 aq:18.77 tex:422 mv:281 misc:481 imb:1 pmb:90 smb:829 d:- ref:0 ;
in:2748 out:2749 type:b dur:2 cpbdur:2 q:25.95 aq:24.01 tex:1426 mv:1373 misc:457 imb:0 pmb:129 smb:791 d:- ref:0 ;
in:2752 out:2750 type:P dur:2 cpbdur:2 q:25.90 aq:19.45 tex:13308 mv:2359 misc:749 imb:16 pmb:355 smb:549 d:- ref:0 ;
in:2750 out:2751 type:B dur:2 cpbdur:2 q:25.93 aq:23.06 tex:2522 mv:1268 misc:546 imb:0 pmb:144 smb:776 d:- ref:0 ;
in:2751 out:2752 type:b dur:2 cpbdur:2 q:25.91 aq:20.67 tex:174 mv:181 misc:349 imb:0 pmb:65 smb:855 d:- ref:0 ;
in:2754 out:2753 type:P dur:2 cpbdur:2 q:25.86 aq:19.10 tex:25076 mv:3258 misc:634 imb:57 pmb:314 smb:549 d:- ref:0 ;
in:2753 out:2754 type:b dur:2 cpbdur:2 q:25.88 aq:23.65 tex:2416 mv:2307 misc:493 imb:3 pmb:171 smb:746 d:- ref:0 ;
in:2757 out:2755 type:P dur:2 cpbdur:2 q:25.85 aq:19.38 tex:20548 mv:3217 misc:691 imb:45 pmb:328 smb:547 d:- ref:0 ;
in:2755 out:2756 type:B dur:2 cpbdur:2 q:25.86 aq:21.75 tex:550 mv:813 misc:565 imb:1 pmb:145 smb:774 d:- ref:0 ;
in:2756 out:2757 type:b dur:2 cpbdur:2 q:25.85 aq:24.68 tex:2415 mv:2133 misc:468 imb:2 pmb:152 smb:766 d:- ref:0 ;
in:2759 out:2758 type:P dur:2 cpbdur:2 q:25.83 aq:17.92 tex:28656 mv:4539 misc:821 imb:99 pmb:457 smb:364 d:- ref:0 ;
in:2758 out:2759 type:b dur:2 cpbdur:2 q:25.84 aq:20.25 tex:673 mv:296 misc:511 imb:1 pmb:102 smb:817 d:- ref:0 ;
in:2762 out:2760 type:P dur:2 cpbdur:2 q:25.83 aq:19.13 tex:32791 mv:4209 misc:704 imb:107 pmb:323 smb:490 d:- ref:0 ;
in:2760 out:2761 type:B dur:2 cpbdur:2 q:25.83 aq:24.02 tex:6432 mv:3178 misc:534 imb:8 pmb:215 smb:697 d:- ref:0 ;
in:2761 out:2762 type:b dur:2 cpbdur:2 q:25.83 aq:24.49 tex:5489 mv:2648 misc:535 imb:9 pmb:197 smb:714 d:- ref:0 ;
in:2766 out:2763 type:P dur:2 cpbdur:2 q:25.81 aq:20.95 tex:37596 mv:4997 misc:711 imb:128 pmb:357 smb:435 d:- ref:0 ;
in:2764 out:2764 type:B dur:2 cpbdur:2 q:25.82 aq:21.64 tex:12346 mv:4640 misc:598 imb:21 pmb:286 smb:613 d:- ref:0 ;
in:2763 out:2765 type:b dur:2 cpbdur:2 q:25.82 aq:24.36 tex:5476 mv:2922 misc:546 imb:4 pmb:208 smb:708 d:- ref:0 ;
in:2765 out:2766 type:b dur:2 cpbdur:2 q:25.81 aq:23.99 tex:5435 mv:2932 misc:585 imb:10 pmb:211 smb:699 d:- ref:0 ;
in:2769 out:2767 type:P dur:2 cpbdur:2 q:25.79 aq:22.66 tex:25518 mv:4601 misc:769 imb:131 pmb:346 smb:443 d:- ref:0 ;
in:2767 out:2768 type:B dur:2 cpbdur:2 q:25.80 aq:23.68 tex:7199 mv:3588 misc:685 imb:12 pmb:269 smb:639 d:- ref:0 ;
in:2768 out:2769 type:b dur:2 cpbdur:2 q:25.80 aq:23.71 tex:6550 mv:3384 misc:634 imb:13 pmb:263 smb:644 d:- ref:0 ;
in:2770 out:2770 type:I dur:2 cpbdur:2 q:22.87 aq:16.29 tex:167593 mv:30690 misc:141 imb:920 pmb:0 smb:0 d:- ref:;
in:2774 out:2771 type:P dur:2 cpbdur:2 q:25.92 aq:19.86 tex:39033 mv:5582 misc:697 imb:80 pmb:657 smb:183 d:- ref:0 ;
in:2772 out:2772 type:B dur:2 cpbdur:2 q:25.92 aq:22.42 tex:5177 mv:2555 misc:916 imb:5 pmb:356 smb:559 d:- ref:0 ;
in:2771 out:2773 type:b dur:2 cpbdur:2 q:25.92 aq:21.51 tex:185 mv:276 misc:475 imb:0 pmb:89 smb:831 d:- ref:0 ;
in:2773 out:2774 type:b dur:2 cpbdur:2 q:25.92 aq:24.89 tex:3972 mv:2634 misc:834 imb:11 pmb:265 smb:644 d:- ref:0 ;
in:2778 out:2775 type:P dur:2 cpbdur:2 q:25.96 aq:19.97 tex:53559 mv:6738 misc:575 imb:156 pmb:647 smb:117 d:- ref:0 ;
in:2776 out:2776 type:B dur:2 cpbdur:2 q:25.94 aq:21.52 tex:14378 mv:4365 misc:953 imb:18 pmb:489 smb:413 d:- ref:0 ;
in:2775 out:2777 type:b dur:2 cpbdur:2 q:25.93 aq:19.44 tex:510 mv:368 misc:562 imb:2 pmb:134 smb:784 d:- ref:0 ;
in:2777 out:2778 type:b dur:2 cpbdur:2 q:25.95 aq:24.21 tex:6415 mv:3202 misc:831 imb:9 pmb:301 smb:610 d:- ref:0 ;
in:2782 out:2779 type:P dur:2 cpbdur:2 q:25.98 aq:20.33 tex:56561 mv:6702 misc:529 imb:149 pmb:667 smb:104 d:- ref:0 ;
in:2780 out:2780 type:B dur:2 cpbdur:2 q:25.97 aq:22.62 tex:14131 mv:4768 misc:941 imb:15 pmb:479 smb:426 d:- ref:0 ;
in:2779 out:2781 type:b dur:2 cpbdur:2 q:25.96 aq:21.52 tex:434 mv:241 misc:477 imb:2 pmb:87 smb:831 d:- ref:0 ;
in:2781 out:2782 type:b dur:2 cpbdur:2 q:25.97 aq:24.73 tex:5783 mv:2691 misc:782 imb:7 pmb:256 smb:657 d:- ref:0 ;
in:2784 out:2783 type:P dur:2 cpbdur:2 q:26.05 aq:20.26 tex:45563 mv:5620 misc:673 imb:109 pmb:651 smb:160 d:- ref:0 ;
in:2783 out:2784 type:b dur:2 cpbdur:2 q:26.02 aq:21.92 tex:604 mv:280 misc:532 imb:1 pmb:105 smb:814 d:- ref:0 ;
in:2788 out:2785 type:P dur:2 cpbdur:2 q:26.04 aq:19.80 tex:78219 mv:7356 misc:473 imb:194 pmb:639 smb:87 d:- ref:0 ;
in:2786 out:2786 type:B dur:2 cpbdur:2 q:26.05 aq:22.31 tex:14055 mv:5192 misc:921 imb:13 pmb:451 smb:456 d:- ref:0 ;
in:2785 out:2787 type:b dur:2 cpbdur:2 q:26.05 aq:24.49 tex:5766 mv:2837 misc:749 imb:10 pmb:266 smb:644 d:- ref:0 ;
in:2787 out:2788 type:b dur:2 cpbdur:2 q:26.04 aq:25.15 tex:4331 mv:2557 misc:720 imb:3 pmb:241 smb:676 d:- ref:0 ;
in:2792 out:2789 type:P dur:2 cpbdur:2 q:26.09 aq:19.77 tex:72277 mv:7155 misc:488 imb:163 pmb:665 smb:92 d:- ref:0 ;
in:2790 out:2790 type:B dur:2 cpbdur:2 q:26.06 aq:22.76 tex:12382 mv:4652 misc:846 imb:19 pmb:389 smb:512 d:- ref:0 ;
in:2789 out:2791 type:b dur:2 cpbdur:2 q:26.05 aq:25.69 tex:3681 mv:2248 misc:623 imb:3 pmb:180 smb:737 d:- ref:0 ;
in:2791 out:2792 type:b dur:2 cpbdur:2 q:26.08 aq:25.03 tex:2694 mv:2304 misc:762 imb:1 pmb:214 smb:705 d:- ref:0 ;
in:2796 out:2793 type:P dur:2 cpbdur:2 q:26.15 aq:19.93 tex:63085 mv:7022 misc:485 imb:148 pmb:678 smb:94 d:- ref:0 ;
in:2794 out:2794 type:B dur:2 cpbdur:2 q:26.12 aq:22.58 tex:8160 mv:3924 misc:916 imb:14 pmb:379 smb:527 d:- ref:0 ;
in:2793 out:2795 type:b dur:2 cpbdur:2 q:26.11 aq:22.37 tex:435 mv:582 misc:647 imb:0 pmb:151 smb:769 d:- ref:0 ;
in:2795 out:2796 type:b dur:2 cpbdur:2 q:26.14 aq:24.28 tex:1588 mv:1379 misc:633 imb:1 pmb:151 smb:768 d:- ref:0 ;
in:2800 out:2797 type:P dur:2 cpbdur:2 q:26.23 aq:20.31 tex:42932 mv:5928 misc:492 imb:127 pmb:704 smb:89 d:- ref:0 ;
in:2798 out:2798 type:B dur:2 cpbdur:2 q:26.19 aq:21.57 tex:4286 mv:2919 misc:939 imb:7 pmb:353 smb:560 d:- ref:0 ;
in:2797 out:2799 type:b dur:2 cpbdur:2 q:26.17 aq:22.16 tex:505 mv:472 misc:591 imb:1 pmb:126 smb:793 d:- ref:0 ;
in:2799 out:2800 type:b dur:2 cpbdur:2 q:26.21 aq:24.92 tex:1735 mv:1768 misc:745 imb:0 pmb:218 smb:702 d:- ref:0 ;
in:2804 out:2801 type:P dur:2 cpbdur:2 q:26.27 aq:22.19 tex:27308 mv:4862 misc:774 imb:79 pmb:572 smb:269 d:- ref:0 ;
in:2802 out:2802 type:B dur:2 cpbdur:2 q:26.25 aq:22.66 tex:5429 mv:2772 misc:919 imb:4 pmb:341 smb:575 d:- ref:0 ;
in:2801 out:2803 type:b dur:2 cpbdur:2 q:26.24 aq:22.16 tex:357 mv:315 misc:416 imb:0 pmb:71 smb:849 d:- ref:0 ;
in:2803 out:2804 type:b dur:2 cpbdur:2 q:26.26 aq:26.36 tex:2703 mv:2309 misc:756 imb:2 pmb:232 smb:686 d:- ref:0 ;
in:2805 out:2805 type:P dur:2 cpbdur:2 q:26.25 aq:18.12 tex:1033 mv:149 misc:370 imb:3 pmb:32 smb:885 d:- ref:0 ;
in:2806 out:2806 type:I dur:2 cpbdur:2 q:23.16 aq:14.07 tex:276113 mv:32965 misc:154 imb:920 pmb:0 smb:0 d:- ref:;
in:2808 out:2807 type:P dur:2 cpbdur:2 q:26.62 aq:17.39 tex:2646 mv:465 misc:617 imb:20 pmb:85 smb:815 d:- ref:0 ;
in:2807 out:2808 type:b dur:2 cpbdur:2 q:26.62 aq:19.00 tex:14 mv:18 misc:152 imb:1 pmb:2 smb:917 d:- ref:0 ;
in:2810 out:2809 type:P dur:2 cpbdur:2 q:26.61 aq:19.02 tex:4560 mv:278 misc:514 imb:17 pmb:57 smb:846 d:- ref:0 ;
in:2809 out:2810 type:b dur:2 cpbdur:2 q:26.61 aq:19.00 tex:39 mv:22 misc:163 imb:1 pmb:4 smb:915 d:- ref:0 ;
in:2812 out:2811 type:P dur:2 cpbdur:2 q:26.57 aq:17.79 tex:3716 mv:330 misc:650 imb:15 pmb:93 smb:812 d:- ref:0 ;
in:2811 out:2812 type:b dur:2 cpbdur:2 q:26.59 aq:19.54 tex:153 mv:39 misc:224 imb:1 pmb:13 smb:906 d:- ref:0 ;
in:2816 out:2813 type:P dur:2 cpbdur:2 q:26.55 aq:19.47 tex:3276 mv:248 misc:420 imb:13 pmb:41 smb:866 d:- ref:0 ;
in:2814 out:2814 type:B dur:2 cpbdur:2 q:26.56 aq:22.79 tex:603 mv:137 misc:252 imb:9 pmb:11 smb:900 d:- ref:0 ;
in:2813 out:2815 type:b dur:2 cpbdur:2 q:26.56 aq:22.11 tex:368 mv:68 misc:212 imb:1 pmb:13 smb:906 d:- ref:0 ;
in:2815 out:2816 type:b dur:2 cpbdur:2 q:26.55 aq:19.31 tex:111 mv:68 misc:213 imb:2 pmb:12 smb:906 d:- ref:0 ;
in:2819 out:2817 type:P dur:2 cpbdur:2 q:26.38 aq:15.94 tex:15586 mv:914 misc:924 imb:26 pmb:291 smb:603 d:- ref:0 ;
in:2817 out:2818 type:B dur:2 cpbdur:2 q:26.49 aq:17.68 tex:234 mv:76 misc:266 imb:1 pmb:19 smb:900 d:- ref:0 ;
in:2818 out:2819 type:b dur:2 cpbdur:2 q:26.43 aq:27.48 tex:731 mv:59 misc:146 imb:1 pmb:6 smb:913 d:- ref:0 ;
in:2823 out:2820 type:P dur:2 cpbdur:2 q:26.34 aq:14.04 tex:6029 mv:352 misc:651 imb:13 pmb:109 smb:798 d:- ref:0 ;
in:2821 out:2821 type:B dur:2 cpbdur:2 q:26.36 aq:21.88 tex:950 mv:99 misc:215 imb:2 pmb:11 smb:907 d:- ref:0 ;
in:2820 out:2822 type:b dur:2 cpbdur:2 q:26.37 aq:20.91 tex:35 mv:40 misc:173 imb:1 pmb:7 smb:912 d:- ref:0 ;
in:2822 out:2823 type:b dur:2 cpbdur:2 q:26.35 aq:28.81 tex:789 mv:28 misc:143 imb:0 pmb:6 smb:914 d:- ref:0 ;
in:2827 out:2824 type:P dur:2 cpbdur:2 q:26.27 aq:15.52 tex:8515 mv:637 misc:728 imb:16 pmb:182 smb:722 d:- ref:0 ;
in:2825 out:2825 type:B dur:2 cpbdur:2 q:26.30 aq:17.98 tex:753 mv:128 misc:327 imb:1 pmb:35 smb:884 d:- ref:0 ;
in:2824 out:2826 type:b dur:2 cpbdur:2 q:26.32 aq:18.14 tex:34 mv:25 misc:173 imb:0 pmb:7 smb:913 d:- ref:0 ;
in:2826 out:2827 type:b dur:2 cpbdur:2 q:26.28 aq:16.63 tex:89 mv:87 misc:208 imb:1 pmb:18 smb:901 d:- ref:0 ;
in:2829 out:2828 type:P dur:2 cpbdur:2 q:26.20 aq:14.91 tex:7332 mv:404 misc:704 imb:11 pmb:148 smb:761 d:- ref:0 ;
in:2828 out:2829 type:b dur:2 cpbdur:2 q:26.23 aq:25.36 tex:721 mv:57 misc:174 imb:0 pmb:11 smb:909 d:- ref:0 ;
in:2833 out:2830 type:P dur:2 cpbdur:2 q:26.16 aq:15.10 tex:3802 mv:292 misc:586 imb:10 pmb:87 smb:823 d:- ref:0 ;
in:2831 out:2831 type:B dur:2 cpbdur:2 q:26.18 aq:17.86 tex:570 mv:183 misc:351 imb:6 pmb:31 smb:883 d:- ref:0 ;
in:2830 out:2832 type:b dur:2 cpbdur:2 q:26.19 aq:18.49 tex:59 mv:46 misc:183 imb:2 pmb:7 smb:911 d:- ref:0 ;
in:2832 out:2833 type:b dur:2 cpbdur:2 q:26.17 aq:27.44 tex:131 mv:19 misc:162 imb:1 pmb:3 smb:916 d:- ref:0 ;
in:2837 out:2834 type:P dur:2 cpbdur:2 q:26.09 aq:16.12 tex:2312 mv:236 misc:548 imb:8 pmb:75 smb:837 d:- ref:0 ;
in:2835 out:2835 type:B dur:2 cpbdur:2 q:26.12 aq:19.16 tex:426 mv:79 misc:319 imb:1 pmb:26 smb:893 d:- ref:0 ;
in:2834 out:2836 type:b dur:2 cpbdur:2 q:26.14 aq:18.00 tex:22 mv:15 misc:155 imb:1 pmb:2 smb:917 d:- ref:0 ;
in:2836 out:2837 type:b dur:2 cpbdur:2 q:26.11 aq:22.21 tex:79 mv:23 misc:154 imb:0 pmb:3 smb:917 d:- ref:0 ;
in:2841 out:2838 type:P dur:2 cpbdur:2 q:26.03 aq:18.34 tex:2120 mv:166 misc:386 imb:8 pmb:35 smb:877 d:- ref:0 ;
in:2839 out:2839 type:B dur:2 cpbdur:2 q:26.06 aq:20.08 tex:462 mv:82 misc:272 imb:2 pmb:18 smb:900 d:- ref:0 ;
in:2838 out:2840 type:b dur:2 cpbdur:2 q:26.07 aq:19.86 tex:242 mv:30 misc:168 imb:0 pmb:6 smb:914 d:- ref:0 ;
in:2840 out:2841 type:b dur:2 cpbdur:2 q:26.04 aq:18.00 tex:13 mv:12 misc:151 imb:0 pmb:3 smb:917 d:- ref:0 ;
in:2845 out:2842 type:P dur:2 cpbdur:2 q:25.96 aq:20.20 tex:662 mv:94 misc:260 imb:5 pmb:12 smb:903 d:- ref:0 ;
in:2843 out:2843 type:B dur:2 cpbdur:2 q:25.99 aq:22.60 tex:213 mv:65 misc:242 imb:3 pmb:10 smb:907 d:- ref:0 ;
in:2842 out:2844 type:b dur:2 cpbdur:2 q:26.01 aq:27.44 tex:82 mv:15 misc:151 imb:0 pmb:3 smb:917 d:- ref:0 ;
in:2844 out:2845 type:b dur:2 cpbdur:2 q:25.98 aq:20.04 tex:109 mv:21 misc:158 imb:1 pmb:3 smb:916 d:- ref:0 ;
in:2846 out:2846 type:P dur:2 cpbdur:2 q:25.90 aq:18.83 tex:529 mv:112 misc:287 imb:6 pmb:12 smb:902 d:- ref:0 ;
in:2847 out:2847 type:I dur:2 cpbdur:2 q:23.24 aq:17.30 tex:194780 mv:28304 misc:124 imb:920 pmb:0 smb:0 d:- ref:;
in:2851 out:2848 type:P dur:2 cpbdur:2 q:26.05 aq:19.93 tex:56283 mv:5289 misc:676 imb:110 pmb:641 smb:169 d:- ref:0 ;
in:2849 out:2849 type:B dur:2 cpbdur:2 q:26.05 aq:25.69 tex:10037 mv:3508 misc:807 imb:19 pmb:300 smb:601 d:- ref:0 ;
in:2848 out:2850 type:b dur:2 cpbdur:2 q:26.05 aq:26.62 tex:3997 mv:2037 misc:710 imb:5 pmb:214 smb:701 d:- ref:0 ;
in:2850 out:2851 type:b dur:2 cpbdur:2 q:26.05 aq:26.30 tex:5995 mv:2277 misc:760 imb:7 pmb:221 smb:692 d:- ref:0 ;
in:2855 out:2852 type:P dur:2 cpbdur:2 q:26.04 aq:19.74 tex:61912 mv:5403 misc:669 imb:115 pmb:664 smb:141 d:- ref:0 ;
in:2853 out:2853 type:B dur:2 cpbdur:2 q:26.04 aq:25.19 tex:10432 mv:3362 misc:822 imb:25 pmb:281 smb:614 d:- ref:0 ;
in:2852 out:2854 type:b dur:2 cpbdur:2 q:26.05 aq:21.19 tex:210 mv:167 misc:375 imb:0 pmb:62 smb:858 d:- ref:0 ;
in:2854 out:2855 type:b dur:2 cpbdur:2 q:26.04 aq:26.02 tex:4854 mv:1885 misc:709 imb:10 pmb:185 smb:725 d:- ref:0 ;
in:2859 out:2856 type:P dur:2 cpbdur:2 q:26.02 aq:19.92 tex:54122 mv:5126 misc:640 imb:98 pmb:681 smb:141 d:- ref:0 ;
in:2857 out:2857 type:B dur:2 cpbdur:2 q:26.03 aq:24.87 tex:6071 mv:2720 misc:801 imb:8 pmb:290 smb:622 d:- ref:0 ;
in:2856 out:2858 type:b dur:2 cpbdur:2 q:26.03 aq:21.73 tex:213 mv:122 misc:265 imb:1 pmb:36 smb:883 d:- ref:0 ;
in:2858 out:2859 type:b dur:2 cpbdur:2 q:26.02 aq:24.50 tex:3869 mv:1729 misc:714 imb:4 pmb:194 smb:722 d:- ref:0 ;
in:2863 out:2860 type:P dur:2 cpbdur:2 q:26.08 aq:20.26 tex:47982 mv:4623 misc:747 imb:65 pmb:658 smb:197 d:- ref:0 ;
in:2861 out:2861 type:B dur:2 cpbdur:2 q:26.05 aq:25.68 tex:4272 mv:2294 misc:770 imb:3 pmb:237 smb:680 d:- ref:0 ;
in:2860 out:2862 type:b dur:2 cpbdur:2 q:26.03 aq:21.65 tex:162 mv:121 misc:373 imb:0 pmb:72 smb:848 d:- ref:0 ;
in:2862 out:2863 type:b dur:2 cpbdur:2 q:26.06 aq:26.70 tex:3863 mv:1742 misc:739 imb:6 pmb:200 smb:714 d:- ref:0 ;
in:2867 out:2864 type:P dur:2 cpbdur:2 q:26.11 aq:20.88 tex:50790 mv:4630 misc:652 imb:54 pmb:679 smb:187 d:- ref:0 ;
in:2865 out:2865 type:B dur:2 cpbdur:2 q:26.10 aq:24.68 tex:4006 mv:1909 misc:797 imb:2 pmb:242 smb:676 d:- ref:0 ;
in:2864 out:2866 type:b dur:2 cpbdur:2 q:26.09 aq:22.98 tex:156 mv:120 misc:316 imb:0 pmb:50 smb:870 d:- ref:0 ;
in:2866 out:2867 type:b dur:2 cpbdur:2 q:26.11 aq:27.68 tex:2289 mv:1348 misc:667 imb:1 pmb:150 smb:769 d:- ref:0 ;
in:2869 out:2868 type:P dur:2 cpbdur:2 q:26.14 aq:20.47 tex:35682 mv:4008 misc:854 imb:48 pmb:597 smb:275 d:- ref:0 ;
in:2868 out:2869 type:b dur:2 cpbdur:2 q:26.13 aq:26.48 tex:3034 mv:1872 misc:670 imb:1 pmb:204 smb:715 d:- ref:0 ;
in:2871 out:2870 type:P dur:2 cpbdur:2 q:26.14 aq:20.17 tex:40738 mv:4337 misc:773 imb:72 pmb:639 smb:209 d:- ref:0 ;
in:2870 out:2871 type:b dur:2 cpbdur:2 q:26.14 aq:28.02 tex:3268 mv:1880 misc:636 imb:3 pmb:180 smb:737 d:- ref:0 ;
in:2875 out:2872 type:P dur:2 cpbdur:2 q:26.17 aq:20.74 tex:48553 mv:4514 misc:741 imb:85 pmb:622 smb:213 d:- ref:0 ;
in:2873 out:2873 type:B dur:2 cpbdur:2 q:26.15 aq:24.47 tex:8387 mv:2633 misc:884 imb:8 pmb:293 smb:619 d:- ref:0 ;
in:2872 out:2874 type:b dur:2 cpbdur:2 q:26.15 aq:27.57 tex:2660 mv:1569 misc:667 imb:1 pmb:173 smb:746 d:- ref:0 ;
in:2874 out:2875 type:b dur:2 cpbdur:2 q:26.16 aq:26.65 tex:3670 mv:1398 misc:564 imb:0 pmb:143 smb:777 d:- ref:0 ;
in:2879 out:2876 type:P dur:2 cpbdur:2 q:26.18 aq:20.21 tex:61145 mv:5686 misc:569 imb:93 pmb:703 smb:124 d:- ref:0 ;
in:2877 out:2877 type:B dur:2 cpbdur:2 q:26.17 aq:23.65 tex:13159 mv:3917 misc:940 imb:10 pmb:433 smb:477 d:- ref:0 ;
in:2876 out:2878 type:b dur:2 cpbdur:2 q:26.17 aq:23.02 tex:280 mv:407 misc:561 imb:2 pmb:114 smb:804 d:- ref:0 ;
in:2878 out:2879 type:b dur:2 cpbdur:2 q:26.17 aq:25.76 tex:5402 mv:2747 misc:859 imb:3 pmb:293 smb:624 d:- ref:0 ;
in:2883 out:2880 type:P dur:2 cpbdur:2 q:26.27 aq:20.01 tex:58632 mv:5541 misc:675 imb:112 pmb:652 smb:156 d:- ref:0 ;
in:2881 out:2881 type:B dur:2 cpbdur:2 q:26.22 aq:23.76 tex:14249 mv:4193 misc:934 imb:17 pmb:438 smb:465 d:- ref:0 ;
in:2880 out:2882 type:b dur:2 cpbdur:2 q:26.20 aq:22.94 tex:53 mv:14 misc:149 imb:0 pmb:4 smb:916 d:- ref:0 ;
in:2882 out:2883 type:b dur:2 cpbdur:2 q:26.25 aq:27.12 tex:5396 mv:2777 misc:763 imb:8 pmb:246 smb:666 d:- ref:0 ;
in:2887 out:2884 type:P dur:2 cpbdur:2 q:26.30 aq:19.88 tex:47241 mv:4945 misc:694 imb:90 pmb:669 smb:161 d:- ref:0 ;
in:2885 out:2885 type:B dur:2 cpbdur:2 q:26.29 aq:23.32 tex:8057 mv:3461 misc:930 imb:14 pmb:361 smb:545 d:- ref:0 ;
in:2884 out:2886 type:b dur:2 cpbdur:2 q:26.28 aq:23.33 tex:121 mv:72 misc:199 imb:1 pmb:11 smb:908 d:- ref:0 ;
in:2886 out:2887 type:b dur:2 cpbdur:2 q:26.30 aq:26.83 tex:2210 mv:1857 misc:757 imb:2 pmb:216 smb:702 d:- ref:0 ;
in:2891 out:2888 type:P dur:2 cpbdur:2 q:26.32 aq:20.67 tex:48961 mv:4624 misc:735 imb:59 pmb:647 smb:214 d:- ref:0 ;
in:2889 out:2889 type:B dur:2 cpbdur:2 q:26.31 aq:24.57 tex:8162 mv:2888 misc:926 imb:9 pmb:343 smb:568 d:- ref:0 ;
in:2888 out:2890 type:b dur:2 cpbdur:2 q:26.31 aq:22.69 tex:133 mv:126 misc:277 imb:1 pmb:34 smb:885 d:- ref:0 ;
in:2890 out:2891 type:b dur:2 cpbdur:2 q:26.31 aq:27.52 tex:900 mv:691 misc:425 imb:3 pmb:72 smb:845 d:- ref:0 ;
in:2895 out:2892 type:P dur:2 cpbdur:2 q:26.29 aq:20.74 tex:43250 mv:4553 misc:741 imb:61 pmb:662 smb:197 d:- ref:0 ;
in:2893 out:2893 type:B dur:2 cpbdur:2 q:26.30 aq:25.36 tex:4989 mv:2296 misc:851 imb:2 pmb:272 smb:646 d:- ref:0 ;
in:2892 out:2894 type:b dur:2 cpbdur:2 q:26.31 aq:27.04 tex:1168 mv:856 misc:512 imb:4 pmb:98 smb:818 d:- ref:0 ;
in:2894 out:2895 type:b dur:2 cpbdur:2 q:26.30 aq:24.70 tex:932 mv:555 misc:449 imb:1 pmb:75 smb:844 d:- ref:0 ;
in:2899 out:2896 type:P dur:2 cpbdur:2 q:26.30 aq:21.58 tex:40568 mv:4273 misc:783 imb:47 pmb:632 smb:241 d:- ref:0 ;
in:2897 out:2897 type:B dur:2 cpbdur:2 q:26.30 aq:25.77 tex:5632 mv:1740 misc:692 imb:2 pmb:181 smb:737 d:- ref:0 ;
in:2896 out:2898 type:b dur:2 cpbdur:2 q:26.29 aq:24.93 tex:1447 mv:629 misc:412 imb:1 pmb:73 smb:846 d:- ref:0 ;
in:2898 out:2899 type:b dur:2 cpbdur:2 q:26.30 aq:26.52 tex:1996 mv:1164 misc:512 imb:1 pmb:116 smb:803 d:- ref:0 ;
in:2901 out:2900 type:P dur:2 cpbdur:2 q:26.32 aq:21.91 tex:31860 mv:3462 misc:798 imb:48 pmb:577 smb:295 d:- ref:0 ;
in:2900 out:2901 type:b dur:2 cpbdur:2 q:26.31 aq:26.02 tex:1870 mv:695 misc:387 imb:0 pmb:76 smb:844 d:- ref:0 ;
in:2905 out:2902 type:P dur:2 cpbdur:2 q:26.28 aq:23.42 tex:25678 mv:3626 misc:872 imb:58 pmb:554 smb:308 d:- ref:0 ;
in:2903 out:2903 type:B dur:2 cpbdur:2 q:26.30 aq:25.66 tex:4738 mv:1791 misc:767 imb:1 pmb:212 smb:707 d:- ref:0 ;
in:2902 out:2904 type:b dur:2 cpbdur:2 q:26.31 aq:24.57 tex:189 mv:270 misc:429 imb:0 pmb:69 smb:851 d:- ref:0 ;
in:2904 out:2905 type:b dur:2 cpbdur:2 q:26.29 aq:27.62 tex:1772 mv:839 misc:453 imb:2 pmb:94 smb:824 d:- ref:0 ;
in:2907 out:2906 type:P dur:2 cpbdur:2 q:26.26 aq:28.27 tex:3628 mv:1068 misc:688 imb:2 pmb:192 smb:726 d:- ref:0 ;
in:2906 out:2907 type:b dur:2 cpbdur:2 q:26.27 aq:22.06 tex:122 mv:171 misc:347 imb:0 pmb:61 smb:859 d:- ref:0 ;
in:2908 out:2908 type:I dur:2 cpbdur:2 q:23.34 aq:16.77 tex:113336 mv:29277 misc:123 imb:920 pmb:0 smb:0 d:- ref:;
in:2911 out:2909 type:P dur:2 cpbdur:2 q:26.34 aq:19.48 tex:29003 mv:5117 misc:696 imb:61 pmb:603 smb:256 d:- ref:0 ;
in:2909 out:2910 type:B dur:2 cpbdur:2 q:26.34 aq:24.74 tex:2788 mv:1975 misc:597 imb:3 pmb:196 smb:721 d:- ref:0 ;
in:2910 out:2911 type:b dur:2 cpbdur:2 q:26.34 aq:28.65 tex:1390 mv:1615 misc:579 imb:2 pmb:163 smb:755 d:- ref:0 ;
in:2915 out:2912 type:P dur:2 cpbdur:2 q:26.34 aq:19.56 tex:35297 mv:6020 misc:627 imb:55 pmb:669 smb:196 d:- ref:0 ;
in:2913 out:2913 type:B dur:2 cpbdur:2 q:26.34 aq:22.97 tex:4266 mv:3253 misc:801 imb:5 pmb:279 smb:636 d:- ref:0 ;
in:2912 out:2914 type:b dur:2 cpbdur:2 q:26.34 aq:25.15 tex:118 mv:418 misc:544 imb:0 pmb:127 smb:793 d:- ref:0 ;
in:2914 out:2915 type:b dur:2 cpbdur:2 q:26.34 aq:25.55 tex:1988 mv:1480 misc:580 imb:1 pmb:161 smb:758 d:- ref:0 ;
in:2919 out:2916 type:P dur:2 cpbdur:2 q:26.32 aq:19.39 tex:35792 mv:6246 misc:642 imb:74 pmb:672 smb:174 d:- ref:0 ;
in:2917 out:2917 type:B dur:2 cpbdur:2 q:26.33 aq:24.44 tex:4196 mv:3584 misc:804 imb:7 pmb:309 smb:604 d:- ref:0 ;
in:2916 out:2918 type:b dur:2 cpbdur:2 q:26.33 aq:23.36 tex:179 mv:396 misc:497 imb:0 pmb:113 smb:807 d:- ref:0 ;
in:2918 out:2919 type:b dur:2 cpbdur:2 q:26.32 aq:25.27 tex:1980 mv:2187 misc:697 imb:1 pmb:209 smb:710 d:- ref:0 ;
in:2923 out:2920 type:P dur:2 cpbdur:2 q:26.31 aq:19.36 tex:41377 mv:6773 misc:562 imb:98 pmb:674 smb:148 d:- ref:0 ;
in:2921 out:2921 type:B dur:2 cpbdur:2 q:26.31 aq:23.79 tex:3372 mv:3070 misc:830 imb:5 pmb:297 smb:618 d:- ref:0 ;
in:2920 out:2922 type:b dur:2 cpbdur:2 q:26.31 aq:21.97 tex:211 mv:496 misc:565 imb:0 pmb:121 smb:799 d:- ref:0 ;
in:2922 out:2923 type:b dur:2 cpbdur:2 q:26.31 aq:25.43 tex:2156 mv:2787 misc:761 imb:2 pmb:247 smb:671 d:- ref:0 ;
in:2927 out:2924 type:P dur:2 cpbdur:2 q:26.30 aq:19.85 tex:38780 mv:6449 misc:627 imb:94 pmb:679 smb:147 d:- ref:0 ;
in:2925 out:2925 type:B dur:2 cpbdur:2 q:26.30 aq:23.93 tex:4220 mv:3342 misc:854 imb:5 pmb:302 smb:613 d:- ref:0 ;
in:2924 out:2926 type:b dur:2 cpbdur:2 q:26.31 aq:24.13 tex:190 mv:262 misc:428 imb:0 pmb:84 smb:836 d:- ref:0 ;
in:2926 out:2927 type:b dur:2 cpbdur:2 q:26.30 aq:25.80 tex:2065 mv:1923 misc:620 imb:5 pmb:163 smb:752 d:- ref:0 ;
in:2931 out:2928 type:P dur:2 cpbdur:2 q:26.29 aq:19.55 tex:44393 mv:6863 misc:552 imb:117 pmb:683 smb:120 d:- ref:0 ;
in:2929 out:2929 type:B dur:2 cpbdur:2 q:26.29 aq:22.18 tex:6556 mv:3914 misc:906 imb:16 pmb:351 smb:553 d:- ref:0 ;
in:2928 out:2930 type:b dur:2 cpbdur:2 q:26.30 aq:26.97 tex:1113 mv:1894 misc:609 imb:0 pmb:166 smb:754 d:- ref:0 ;
in:2930 out:2931 type:b dur:2 cpbdur:2 q:26.29 aq:25.94 tex:2511 mv:2315 misc:710 imb:1 pmb:217 smb:702 d:- ref:0 ;
in:2935 out:2932 type:P dur:2 cpbdur:2 q:26.30 aq:19.36 tex:40678 mv:6676 misc:558 imb:119 pmb:692 smb:109 d:- ref:0 ;
in:2933 out:2933 type:B dur:2 cpbdur:2 q:26.29 aq:22.81 tex:8574 mv:4081 misc:873 imb:10 pmb:408 smb:502 d:- ref:0 ;
in:2932 out:2934 type:b dur:2 cpbdur:2 q:26.29 aq:21.55 tex:294 mv:336 misc:578 imb:2 pmb:125 smb:793 d:- ref:0 ;
in:2934 out:2935 type:b dur:2 cpbdur:2 q:26.29 aq:24.91 tex:2724 mv:2511 misc:773 imb:5 pmb:237 smb:678 d:- ref:0 ;
in:2939 out:2936 type:P dur:2 cpbdur:2 q:26.30 aq:19.73 tex:39945 mv:6340 misc:627 imb:76 pmb:680 smb:164 d:- ref:0 ;
in:2937 out:2937 type:B dur:2 cpbdur:2 q:26.30 aq:22.31 tex:6236 mv:3981 misc:895 imb:7 pmb:375 smb:538 d:- ref:0 ;
in:2936 out:2938 type:b dur:2 cpbdur:2 q:26.30 aq:25.67 tex:196 mv:467 misc:545 imb:0 pmb:126 smb:794 d:- ref:0 ;
in:2938 out:2939 type:b dur:2 cpbdur:2 q:26.30 aq:24.29 tex:2058 mv:2358 misc:704 imb:4 pmb:206 smb:710 d:- ref:0 ;
in:2943 out:2940 type:P dur:2 cpbdur:2 q:26.33 aq:19.48 tex:34886 mv:5695 misc:683 imb:72 pmb:665 smb:183 d:- ref:0 ;
in:2941 out:2941 type:B dur:2 cpbdur:2 q:26.31 aq:22.78 tex:4477 mv:2895 misc:892 imb:10 pmb:301 smb:609 d:- ref:0 ;
in:2940 out:2942 type:b dur:2 cpbdur:2 q:26.31 aq:24.52 tex:201 mv:333 misc:530 imb:0 pmb:109 smb:811 d:- ref:0 ;
in:2942 out:2943 type:b dur:2 cpbdur:2 q:26.32 aq:24.66 tex:1088 mv:1159 misc:545 imb:2 pmb:120 smb:798 d:- ref:0 ;
in:2947 out:2944 type:P dur:2 cpbdur:2 q:26.32 aq:19.76 tex:38790 mv:6077 misc:645 imb:89 pmb:665 smb:166 d:- ref:0 ;
in:2945 out:2945 type:B dur:2 cpbdur:2 q:26.32 aq:22.77 tex:5931 mv:3703 misc:894 imb:10 pmb:358 smb:552 d:- ref:0 ;
in:2944 out:2946 type:b dur:2 cpbdur:2 q:26.32 aq:20.40 tex:38 mv:41 misc:161 imb:0 pmb:5 smb:915 d:- ref:0 ;
in:2946 out:2947 type:b dur:2 cpbdur:2 q:26.32 aq:24.16 tex:1064 mv:1350 misc:626 imb:3 pmb:137 smb:780 d:- ref:0 ;
in:2951 out:2948 type:P dur:2 cpbdur:2 q:26.31 aq:19.90 tex:35008 mv:6223 misc:617 imb:100 pmb:688 smb:132 d:- ref:0 ;
in:2949 out:2949 type:B dur:2 cpbdur:2 q:26.32 aq:23.07 tex:3563 mv:2932 misc:833 imb:2 pmb:292 smb:626 d:- ref:0 ;
in:2948 out:2950 type:b dur:2 cpbdur:2 q:26.32 aq:24.98 tex:1378 mv:1433 misc:605 imb:3 pmb:136 smb:781 d:- ref:0 ;
in:2950 out:2951 type:b dur:2 cpbdur:2 q:26.31 aq:24.10 tex:1193 mv:1095 misc:560 imb:2 pmb:113 smb:805 d:- ref:0 ;
in:2955 out:2952 type:P dur:2 cpbdur:2 q:26.29 aq:20.12 tex:37111 mv:6277 misc:636 imb:89 pmb:667 smb:164 d:- ref:0 ;
in:2953 out:2953 type:B dur:2 cpbdur:2 q:26.30 aq:22.70 tex:5563 mv:3430 misc:823 imb:2 pmb:320 smb:598 d:- ref:0 ;
in:2952 out:2954 type:b dur:2 cpbdur:2 q:26.31 aq:23.90 tex:2236 mv:1563 misc:569 imb:2 pmb:150 smb:768 d:- ref:0 ;
in:2954 out:2955 type:b dur:2 cpbdur:2 q:26.30 aq:25.22 tex:2353 mv:1521 misc:550 imb:1 pmb:143 smb:776 d:- ref:0 ;
in:2959 out:2956 type:P dur:2 cpbdur:2 q:26.29 aq:20.34 tex:40036 mv:6669 misc:623 imb:112 pmb:658 smb:150 d:- ref:0 ;
in:2957 out:2957 type:B dur:2 cpbdur:2 q:26.29 aq:22.02 tex:9105 mv:3983 misc:832 imb:8 pmb:362 smb:550 d:- ref:0 ;
in:2956 out:2958 type:b dur:2 cpbdur:2 q:26.29 aq:22.43 tex:2298 mv:1853 misc:633 imb:7 pmb:166 smb:747 d:- ref:0 ;
in:2958 out:2959 type:b dur:2 cpbdur:2 q:26.29 aq:22.58 tex:173 mv:402 misc:585 imb:1 pmb:131 smb:788 d:- ref:0 ;
in:2963 out:2960 type:P dur:2 cpbdur:2 q:26.28 aq:20.49 tex:28822 mv:5968 misc:618 imb:90 pmb:679 smb:151 d:- ref:0 ;
in:2961 out:2961 type:B dur:2 cpbdur:2 q:26.28 aq:22.45 tex:6693 mv:3002 misc:833 imb:10 pmb:313 smb:597 d:- ref:0 ;
in:2960 out:2962 type:b dur:2 cpbdur:2 q:26.29 aq:24.79 tex:1752 mv:1501 misc:571 imb:2 pmb:151 smb:767 d:- ref:0 ;
in:2962 out:2963 type:b dur:2 cpbdur:2 q:26.28 aq:21.39 tex:229 mv:406 misc:557 imb:0 pmb:131 smb:789 d:- ref:0 ;
in:2965 out:2964 type:P dur:2 cpbdur:2 q:26.25 aq:20.24 tex:31061 mv:5802 misc:681 imb:105 pmb:621 smb:194 d:- ref:0 ;
in:2964 out:2965 type:b dur:2 cpbdur:2 q:26.26 aq:24.52 tex:2884 mv:2441 misc:747 imb:1 pmb:242 smb:677 d:- ref:0 ;
in:2969 out:2966 type:P dur:2 cpbdur:2 q:26.25 aq:21.67 tex:22981 mv:5832 misc:715 imb:86 pmb:562 smb:272 d:- ref:0 ;
in:2967 out:2967 type:B dur:2 cpbdur:2 q:26.25 aq:22.02 tex:4853 mv:3298 misc:857 imb:7 pmb:318 smb:595 d:- ref:0 ;
in:2966 out:2968 type:b dur:2 cpbdur:2 q:26.25 aq:22.24 tex:290 mv:466 misc:580 imb:1 pmb:119 smb:800 d:- ref:0 ;
in:2968 out:2969 type:b dur:2 cpbdur:2 q:26.25 aq:26.44 tex:2744 mv:2261 misc:691 imb:3 pmb:242 smb:675 d:- ref:0 ;
in:2971 out:2970 type:P dur:2 cpbdur:2 q:26.23 aq:22.67 tex:6610 mv:2393 misc:821 imb:20 pmb:321 smb:579 d:- ref:0 ;
in:2970 out:2971 type:b dur:2 cpbdur:2 q:26.24 aq:23.22 tex:355 mv:505 misc:580 imb:1 pmb:122 smb:797 d:- ref:0 ;
in:2972 out:2972 type:I dur:2 cpbdur:2 q:23.37 aq:14.50 tex:276799 mv:32823 misc:146 imb:920 pmb:0 smb:0 d:- ref:;
in:2976 out:2973 type:P dur:2 cpbdur:2 q:26.57 aq:17.47 tex:9212 mv:507 misc:865 imb:19 pmb:202 smb:699 d:- ref:0 ;
in:2974 out:2974 type:B dur:2 cpbdur:2 q:26.57 aq:20.76 tex:420 mv:136 misc:276 imb:5 pmb:24 smb:891 d:- ref:0 ;
in:2973 out:2975 type:b dur:2 cpbdur:2 q:26.57 aq:27.46 tex:199 mv:25 misc:160 imb:0 pmb:5 smb:915 d:- ref:0 ;
in:2975 out:2976 type:b dur:2 cpbdur:2 q:26.57 aq:22.14 tex:197 mv:41 misc:210 imb:0 pmb:13 smb:907 d:- ref:0 ;
in:2980 out:2977 type:P dur:2 cpbdur:2 q:26.54 aq:17.02 tex:12783 mv:670 misc:1003 imb:23 pmb:322 smb:575 d:- ref:0 ;
in:2978 out:2978 type:B dur:2 cpbdur:2 q:26.55 aq:19.89 tex:558 mv:170 misc:368 imb:5 pmb:38 smb:877 d:- ref:0 ;
in:2977 out:2979 type:b dur:2 cpbdur:2 q:26.56 aq:21.48 tex:250 mv:40 misc:222 imb:0 pmb:14 smb:906 d:- ref:0 ;
in:2979 out:2980 type:b dur:2 cpbdur:2 q:26.54 aq:19.83 tex:99 mv:61 misc:232 imb:0 pmb:16 smb:904 d:- ref:0 ;
in:2984 out:2981 type:P dur:2 cpbdur:2 q:26.49 aq:16.73 tex:7998 mv:362 misc:872 imb:12 pmb:215 smb:693 d:- ref:0 ;
in:2982 out:2982 type:B dur:2 cpbdur:2 q:26.51 aq:18.55 tex:714 mv:194 misc:372 imb:7 pmb:36 smb:877 d:- ref:0 ;
in:2981 out:2983 type:b dur:2 cpbdur:2 q:26.53 aq:20.82 tex:188 mv:49 misc:211 imb:0 pmb:12 smb:908 d:- ref:0 ;
in:2983 out:2984 type:b dur:2 cpbdur:2 q:26.50 aq:20.85 tex:319 mv:67 misc:222 imb:1 pmb:13 smb:906 d:- ref:0 ;
in:2988 out:2985 type:P dur:2 cpbdur:2 q:26.37 aq:17.65 tex:5722 mv:245 misc:673 imb:13 pmb:108 smb:799 d:- ref:0 ;
in:2986 out:2986 type:B dur:2 cpbdur:2 q:26.43 aq:21.18 tex:672 mv:139 misc:253 imb:6 pmb:17 smb:897 d:- ref:0 ;
in:2985 out:2987 type:b dur:2 cpbdur:2 q:26.46 aq:19.07 tex:51 mv:42 misc:179 imb:1 pmb:8 smb:911 d:- ref:0 ;
in:2987 out:2988 type:b dur:2 cpbdur:2 q:26.40 aq:23.09 tex:596 mv:93 misc:223 imb:2 pmb:18 smb:900 d:- ref:0 ;
in:2992 out:2989 type:P dur:2 cpbdur:2 q:26.30 aq:16.28 tex:18333 mv:765 misc:990 imb:18 pmb:378 smb:524 d:- ref:0 ;
in:2990 out:2990 type:B dur:2 cpbdur:2 q:26.34 aq:18.33 tex:998 mv:78 misc:260 imb:0 pmb:19 smb:901 d:- ref:0 ;
in:2989 out:2991 type:b dur:2 cpbdur:2 q:26.35 aq:19.00 tex:47 mv:54 misc:195 imb:2 pmb:9 smb:909 d:- ref:0 ;
in:2991 out:2992 type:b dur:2 cpbdur:2 q:26.32 aq:19.05 tex:46 mv:32 misc:178 imb:1 pmb:7 smb:912 d:- ref:0 ;
in:2996 out:2993 type:P dur:2 cpbdur:2 q:26.26 aq:16.55 tex:8182 mv:396 misc:782 imb:9 pmb:167 smb:744 d:- ref:0 ;
in:2994 out:2994 type:B dur:2 cpbdur:2 q:26.28 aq:19.06 tex:1161 mv:103 misc:320 imb:2 pmb:30 smb:888 d:- ref:0 ;
in:2993 out:2995 type:b dur:2 cpbdur:2 q:26.29 aq:21.92 tex:643 mv:60 misc:185 imb:0 pmb:11 smb:909 d:- ref:0 ;
in:2995 out:2996 type:b dur:2 cpbdur:2 q:26.27 aq:19.00 tex:33 mv:31 misc:168 imb:0 pmb:8 smb:912 d:- ref:0 ;
in:3000 out:2997 type:P dur:2 cpbdur:2 q:26.19 aq:15.76 tex:12356 mv:603 misc:953 imb:10 pmb:276 smb:634 d:- ref:0 ;
in:2998 out:2998 type:B dur:2 cpbdur:2 q:26.23 aq:21.72 tex:913 mv:154 misc:285 imb:5 pmb:19 smb:896 d:- ref:0 ;
in:2997 out:2999 type:b dur:2 cpbdur:2 q:26.24 aq:24.93 tex:403 mv:72 misc:173 imb:0 pmb:9 smb:911 d:- ref:0 ;
in:2999 out:3000 type:b dur:2 cpbdur:2 q:26.21 aq:19.00 tex:12 mv:19 misc:145 imb:0 pmb:5 smb:915 d:- ref:0 ;
in:3004 out:3001 type:P dur:2 cpbdur:2 q:26.14 aq:15.98 tex:9537 mv:527 misc:928 imb:10 pmb:255 smb:655 d:- ref:0 ;
in:3002 out:3002 type:B dur:2 cpbdur:2 q:26.17 aq:20.98 tex:595 mv:87 misc:254 imb:3 pmb:14 smb:903 d:- ref:0 ;
in:3001 out:3003 type:b dur:2 cpbdur:2 q:26.18 aq:29.84 tex:74 mv:16 misc:150 imb:0 pmb:4 smb:916 d:- ref:0 ;
in:3003 out:3004 type:b dur:2 cpbdur:2 q:26.16 aq:19.34 tex:104 mv:34 misc:174 imb:0 pmb:8 smb:912 d:- ref:0 ;
in:3008 out:3005 type:P dur:2 cpbdur:2 q:26.09 aq:15.87 tex:6501 mv:269 misc:750 imb:8 pmb:141 smb:771 d:- ref:0 ;
in:3006 out:3006 type:B dur:2 cpbdur:2 q:26.11 aq:20.50 tex:968 mv:114 misc:294 imb:4 pmb:24 smb:892 d:- ref:0 ;
in:3005 out:3007 type:b dur:2 cpbdur:2 q:26.13 aq:26.43 tex:78 mv:37 misc:173 imb:1 pmb:8 smb:911 d:- ref:0 ;
in:3007 out:3008 type:b dur:2 cpbdur:2 q:26.10 aq:28.80 tex:515 mv:63 misc:174 imb:0 pmb:11 smb:909 d:- ref:0 ;
in:3012 out:3009 type:P dur:2 cpbdur:2 q:26.03 aq:15.92 tex:6906 mv:292 misc:634 imb:10 pmb:102 smb:808 d:- ref:0 ;
in:3010 out:3010 type:B dur:2 cpbdur:2 q:26.06 aq:19.19 tex:1589 mv:103 misc:292 imb:3 pmb:28 smb:889 d:- ref:0 ;
in:3009 out:3011 type:b dur:2 cpbdur:2 q:26.07 aq:19.00 tex:52 mv:53 misc:183 imb:0 pmb:14 smb:906 d:- ref:0 ;
in:3011 out:3012 type:b dur:2 cpbdur:2 q:26.05 aq:23.78 tex:820 mv:53 misc:159 imb:1 pmb:11 smb:908 d:- ref:0 ;
in:3016 out:3013 type:P dur:2 cpbdur:2 q:25.97 aq:16.00 tex:6748 mv:249 misc:531 imb:7 pmb:79 smb:834 d:- ref:0 ;
in:3014 out:3014 type:B dur:2 cpbdur:2 q:26.00 aq:19.32 tex:2147 mv:177 misc:300 imb:5 pmb:27 smb:888 d:- ref:0 ;
in:3013 out:3015 type:b dur:2 cpbdur:2 q:26.02 aq:24.21 tex:1188 mv:98 misc:170 imb:0 pmb:15 smb:905 d:- ref:0 ;
in:3015 out:3016 type:b dur:2 cpbdur:2 q:25.99 aq:23.10 tex:94 mv:39 misc:179 imb:0 pmb:11 smb:909 d:- ref:0 ;
in:3020 out:3017 type:P dur:2 cpbdur:2 q:25.98 aq:15.19 tex:20147 mv:718 misc:1007 imb:14 pmb:404 smb:502 d:- ref:0 ;
in:3018 out:3018 type:B dur:2 cpbdur:2 q:25.98 aq:19.22 tex:1292 mv:149 misc:263 imb:4 pmb:17 smb:899 d:- ref:0 ;
in:3017 out:3019 type:b dur:2 cpbdur:2 q:25.97 aq:28.12 tex:846 mv:61 misc:149 imb:0 pmb:7 smb:913 d:- ref:0 ;
in:3019 out:3020 type:b dur:2 cpbdur:2 q:25.98 aq:21.11 tex:82 mv:44 misc:186 imb:1 pmb:10 smb:909 d:- ref:0 ;
in:3024 out:3021 type:P dur:2 cpbdur:2 q:25.95 aq:14.91 tex:7844 mv:348 misc:784 imb:9 pmb:179 smb:732 d:- ref:0 ;
in:3022 out:3022 type:B dur:2 cpbdur:2 q:25.96 aq:21.11 tex:891 mv:101 misc:224 imb:2 pmb:14 smb:904 d:- ref:0 ;
in:3021 out:3023 type:b dur:2 cpbdur:2 q:25.97 aq:23.95 tex:202 mv:13 misc:145 imb:0 pmb:4 smb:916 d:- ref:0 ;
in:3023 out:3024 type:b dur:2 cpbdur:2 q:25.96 aq:23.96 tex:271 mv:31 misc:146 imb:0 pmb:7 smb:913 d:- ref:0 ;
in:3028 out:3025 type:P dur:2 cpbdur:2 q:25.88 aq:15.02 tex:6303 mv:307 misc:646 imb:5 pmb:135 smb:780 d:- ref:0 ;
in:3026 out:3026 type:B dur:2 cpbdur:2 q:25.91 aq:19.40 tex:692 mv:96 misc:220 imb:3 pmb:12 smb:905 d:- ref:0 ;
in:3025 out:3027 type:b dur:2 cpbdur:2 q:25.93 aq:20.59 tex:72 mv:36 misc:172 imb:1 pmb:7 smb:912 d:- ref:0 ;
in:3027 out:3028 type:b dur:2 cpbdur:2 q:25.90 aq:20.39 tex:124 mv:27 misc:161 imb:0 pmb:8 smb:912 d:- ref:0 ;
in:3032 out:3029 type:P dur:2 cpbdur:2 q:25.74 aq:15.08 tex:7244 mv:225 misc:707 imb:4 pmb:140 smb:776 d:- ref:0 ;
in:3030 out:3030 type:B dur:2 cpbdur:2 q:25.81 aq:20.16 tex:672 mv:80 misc:248 imb:3 pmb:14 smb:903 d:- ref:0 ;
in:3029 out:3031 type:b dur:2 cpbdur:2 q:25.85 aq:20.46 tex:113 mv:37 misc:178 imb:0 pmb:10 smb:910 d:- ref:0 ;
in:3031 out:3032 type:b dur:2 cpbdur:2 q:25.77 aq:21.44 tex:176 mv:25 misc:159 imb:0 pmb:7 smb:913 d:- ref:0 ;
in:3036 out:3033 type:P dur:2 cpbdur:2 q:25.67 aq:15.41 tex:6223 mv:183 misc:682 imb:4 pmb:134 smb:782 d:- ref:0 ;
in:3034 out:3034 type:B dur:2 cpbdur:2 q:25.70 aq:19.47 tex:344 mv:62 misc:202 imb:3 pmb:8 smb:909 d:- ref:0 ;
in:3033 out:3035 type:b dur:2 cpbdur:2 q:25.72 aq:20.39 tex:120 mv:25 misc:167 imb:0 pmb:7 smb:913 d:- ref:0 ;
in:3035 out:3036 type:b dur:2 cpbdur:2 q:25.69 aq:20.38 tex:81 mv:23 misc:160 imb:0 pmb:5 smb:915 d:- ref:0 ;
in:3040 out:3037 type:P dur:2 cpbdur:2 q:25.61 aq:14.50 tex:3042 mv:136 misc:486 imb:4 pmb:67 smb:849 d:- ref:0 ;
in:3038 out:3038 type:B dur:2 cpbdur:2 q:25.64 aq:19.31 tex:374 mv:53 misc:237 imb:3 pmb:11 smb:906 d:- ref:0 ;
in:3037 out:3039 type:b dur:2 cpbdur:2 q:25.66 aq:21.44 tex:98 mv:17 misc:157 imb:0 pmb:4 smb:916 d:- ref:0 ;
in:3039 out:3040 type:b dur:2 cpbdur:2 q:25.63 aq:20.38 tex:82 mv:20 misc:162 imb:0 pmb:5 smb:915 d:- ref:0 ;
in:3044 out:3041 type:P dur:2 cpbdur:2 q:25.55 aq:14.20 tex:3876 mv:143 misc:477 imb:4 pmb:59 smb:857 d:- ref:0 ;
in:3042 out:3042 type:B dur:2 cpbdur:2 q:25.58 aq:19.70 tex:602 mv:50 misc:236 imb:1 pmb:13 smb:906 d:- ref:0 ;
in:3041 out:3043 type:b dur:2 cpbdur:2 q:25.60 aq:21.90 tex:210 mv:11 misc:155 imb:0 pmb:4 smb:916 d:- ref:0 ;
in:3043 out:3044 type:b dur:2 cpbdur:2 q:25.56 aq:19.00 tex:14 mv:21 misc:149 imb:0 pmb:5 smb:915 d:- ref:0 ;
in:3048 out:3045 type:P dur:2 cpbdur:2 q:25.49 aq:15.14 tex:16108 mv:536 misc:956 imb:8 pmb:379 smb:533 d:- ref:0 ;
in:3046 out:3046 type:B dur:2 cpbdur:2 q:25.52 aq:20.20 tex:691 mv:168 misc:301 imb:3 pmb:24 smb:893 d:- ref:0 ;
in:3045 out:3047 type:b dur:2 cpbdur:2 q:25.53 aq:22.49 tex:97 mv:29 misc:170 imb:0 pmb:7 smb:913 d:- ref:0 ;
in:3047 out:3048 type:b dur:2 cpbdur:2 q:25.50 aq:21.58 tex:593 mv:61 misc:178 imb:0 pmb:10 smb:910 d:- ref:0 ;
in:3050 out:3049 type:P dur:2 cpbdur:2 q:25.45 aq:14.06 tex:10217 mv:355 misc:876 imb:7 pmb:217 smb:696 d:- ref:0 ;
in:3049 out:3050 type:b dur:2 cpbdur:2 q:25.47 aq:24.27 tex:76 mv:27 misc:161 imb:0 pmb:7 smb:913 d:- ref:0 ;
in:3054 out:3051 type:P dur:2 cpbdur:2 q:25.42 aq:14.76 tex:7911 mv:283 misc:750 imb:3 pmb:164 smb:753 d:- ref:0 ;
in:3052 out:3052 type:B dur:2 cpbdur:2 q:25.43 aq:19.27 tex:1821 mv:80 misc:235 imb:1 pmb:16 smb:903 d:- ref:0 ;
in:3051 out:3053 type:b dur:2 cpbdur:2 q:25.44 aq:23.96 tex:940 mv:67 misc:169 imb:0 pmb:9 smb:911 d:- ref:0 ;
in:3053 out:3054 type:b dur:2 cpbdur:2 q:25.42 aq:18.00 tex:24 mv:30 misc:170 imb:0 pmb:8 smb:912 d:- ref:0 ;
in:3058 out:3055 type:P dur:2 cpbdur:2 q:25.35 aq:14.93 tex:5959 mv:219 misc:646 imb:5 pmb:115 smb:800 d:- ref:0 ;
in:3056 out:3056 type:B dur:2 cpbdur:2 q:25.39 aq:18.11 tex:1278 mv:110 misc:236 imb:3 pmb:15 smb:902 d:- ref:0 ;
in:3055 out:3057 type:b dur:2 cpbdur:2 q:25.40 aq:21.69 tex:149 mv:41 misc:210 imb:0 pmb:13 smb:907 d:- ref:0 ;
in:3057 out:3058 type:b dur:2 cpbdur:2 q:25.37 aq:21.91 tex:1001 mv:62 misc:193 imb:0 pmb:14 smb:906 d:- ref:0 ;
in:3062 out:3059 type:P dur:2 cpbdur:2 q:25.28 aq:15.48 tex:5961 mv:211 misc:508 imb:5 pmb:73 smb:842 d:- ref:0 ;
in:3060 out:3060 type:B dur:2 cpbdur:2 q:25.31 aq:18.62 tex:1253 mv:110 misc:229 imb:3 pmb:17 smb:900 d:- ref:0 ;
in:3059 out:3061 type:b dur:2 cpbdur:2 q:25.33 aq:20.85 tex:114 mv:45 misc:193 imb:0 pmb:12 smb:908 d:- ref:0 ;
in:3061 out:3062 type:b dur:2 cpbdur:2 q:25.30 aq:21.88 tex:1073 mv:89 misc:190 imb:1 pmb:13 smb:906 d:- ref:0 ;
in:3064 out:3063 type:P dur:2 cpbdur:2 q:25.22 aq:14.27 tex:5752 mv:157 misc:491 imb:3 pmb:69 smb:848 d:- ref:0 ;
in:3063 out:3064 type:b dur:2 cpbdur:2 q:25.25 aq:22.52 tex:1086 mv:52 misc:174 imb:1 pmb:10 smb:909 d:- ref:0 ;
in:3068 out:3065 type:P dur:2 cpbdur:2 q:25.19 aq:16.24 tex:5631 mv:164 misc:605 imb:3 pmb:95 smb:822 d:- ref:0 ;
in:3066 out:3066 type:B dur:2 cpbdur:2 q:25.20 aq:19.93 tex:535 mv:92 misc:261 imb:3 pmb:19 smb:898 d:- ref:0 ;
in:3065 out:3067 type:b dur:2 cpbdur:2 q:25.21 aq:21.46 tex:74 mv:17 misc:149 imb:0 pmb:3 smb:917 d:- ref:0 ;
in:3067 out:3068 type:b dur:2 cpbdur:2 q:25.19 aq:27.24 tex:212 mv:35 misc:153 imb:0 pmb:6 smb:914 d:- ref:0 ;
in:3070 out:3069 type:P dur:2 cpbdur:2 q:25.14 aq:15.36 tex:8840 mv:264 misc:808 imb:4 pmb:176 smb:740 d:- ref:0 ;
in:3069 out:3070 type:b dur:2 cpbdur:2 q:25.16 aq:25.43 tex:54 mv:27 misc:159 imb:0 pmb:7 smb:913 d:- ref:0 ;
in:3071 out:3071 type:P dur:2 cpbdur:2 q:25.12 aq:14.23 tex:5923 mv:170 misc:627 imb:5 pmb:95 smb:820 d:- ref:0 ;
in:3075 out:3072 type:P dur:2 cpbdur:2 q:25.10 aq:15.10 tex:15213 mv:445 misc:958 imb:8 pmb:286 smb:626 d:- ref:0 ;
in:3073 out:3073 type:B dur:2 cpbdur:2 q:25.11 aq:20.36 tex:1361 mv:143 misc:224 imb:3 pmb:14 smb:903 d:- ref:0 ;
in:3072 out:3074 type:b dur:2 cpbdur:2 q:25.11 aq:23.06 tex:1156 mv:81 misc:171 imb:0 pmb:9 smb:911 d:- ref:0 ;
in:3074 out:3075 type:b dur:2 cpbdur:2 q:25.11 aq:18.00 tex:7 mv:36 misc:149 imb:1 pmb:6 smb:913 d:- ref:0 ;
in:3079 out:3076 type:P dur:2 cpbdur:2 q:25.06 aq:14.41 tex:18439 mv:516 misc:981 imb:9 pmb:351 smb:560 d:- ref:0 ;
in:3077 out:3077 type:B dur:2 cpbdur:2 q:25.08 aq:19.41 tex:960 mv:106 misc:246 imb:3 pmb:16 smb:901 d:- ref:0 ;
in:3076 out:3078 type:b dur:2 cpbdur:2 q:25.09 aq:20.42 tex:497 mv:80 misc:175 imb:1 pmb:8 smb:911 d:- ref:0 ;
in:3078 out:3079 type:b dur:2 cpbdur:2 q:25.07 aq:19.86 tex:321 mv:66 misc:173 imb:1 pmb:7 smb:912 d:- ref:0 ;
in:3083 out:3080 type:P dur:2 cpbdur:2 q:25.01 aq:14.21 tex:5836 mv:195 misc:689 imb:3 pmb:134 smb:783 d:- ref:0 ;
in:3081 out:3081 type:B dur:2 cpbdur:2 q:25.03 aq:18.14 tex:324 mv:67 misc:233 imb:1 pmb:11 smb:908 d:- ref:0 ;
in:3080 out:3082 type:b dur:2 cpbdur:2 q:25.05 aq:19.36 tex:86 mv:31 misc:171 imb:1 pmb:5 smb:914 d:- ref:0 ;
in:3082 out:3083 type:b dur:2 cpbdur:2 q:25.02 aq:19.84 tex:151 mv:40 misc:169 imb:1 pmb:5 smb:914 d:- ref:0 ;
in:3087 out:3084 type:P dur:2 cpbdur:2 q:24.94 aq:14.20 tex:3921 mv:173 misc:626 imb:3 pmb:111 smb:806 d:- ref:0 ;
in:3085 out:3085 type:B dur:2 cpbdur:2 q:24.97 aq:20.10 tex:192 mv:25 misc:199 imb:0 pmb:7 smb:913 d:- ref:0 ;
in:3084 out:3086 type:b dur:2 cpbdur:2 q:24.99 aq:18.00 tex:32 mv:20 misc:172 imb:0 pmb:6 smb:914 d:- ref:0 ;
in:3086 out:3087 type:b dur:2 cpbdur:2 q:24.95 aq:18.00 tex:18 mv:5 misc:153 imb:0 pmb:2 smb:918 d:- ref:0 ;
in:3091 out:3088 type:P dur:2 cpbdur:2 q:24.87 aq:12.60 tex:3715 mv:173 misc:512 imb:2 pmb:74 smb:844 d:- ref:0 ;
in:3089 out:3089 type:B dur:2 cpbdur:2 q:24.90 aq:18.78 tex:473 mv:58 misc:213 imb:2 pmb:9 smb:909 d:- ref:0 ;
in:3088 out:3090 type:b dur:2 cpbdur:2 q:24.92 aq:18.00 tex:2 mv:9 misc:141 imb:0 pmb:2 smb:918 d:- ref:0 ;
in:3090 out:3091 type:b dur:2 cpbdur:2 q:24.89 aq:19.38 tex:64 mv:35 misc:173 imb:1 pmb:6 smb:913 d:- ref:0 ;
in:3095 out:3092 type:P dur:2 cpbdur:2 q:24.80 aq:13.11 tex:3926 mv:152 misc:370 imb:2 pmb:40 smb:878 d:- ref:0 ;
in:3093 out:3093 type:B dur:2 cpbdur:2 q:24.84 aq:20.98 tex:767 mv:69 misc:212 imb:2 pmb:10 smb:908 d:- ref:0 ;
in:3092 out:3094 type:b dur:2 cpbdur:2 q:24.85 aq:19.38 tex:64 mv:37 misc:171 imb:1 pmb:7 smb:912 d:- ref:0 ;
in:3094 out:3095 type:b dur:2 cpbdur:2 q:24.82 aq:19.38 tex:84 mv:29 misc:175 imb:0 pmb:8 smb:912 d:- ref:0 ;
in:3099 out:3096 type:P dur:2 cpbdur:2 q:24.73 aq:12.58 tex:2910 mv:134 misc:340 imb:2 pmb:35 smb:883 d:- ref:0 ;
in:3097 out:3097 type:B dur:2 cpbdur:2 q:24.77 aq:20.72 tex:405 mv:69 misc:214 imb:2 pmb:10 smb:908 d:- ref:0 ;
in:3096 out:3098 type:b dur:2 cpbdur:2 q:24.78 aq:24.12 tex:107 mv:25 misc:148 imb:0 pmb:3 smb:917 d:- ref:0 ;
in:3098 out:3099 type:b dur:2 cpbdur:2 q:24.75 aq:24.71 tex:130 mv:13 misc:153 imb:0 pmb:3 smb:917 d:- ref:0 ;
in:3103 out:3100 type:P dur:2 cpbdur:2 q:24.66 aq:14.05 tex:3185 mv:135 misc:344 imb:3 pmb:37 smb:880 d:- ref:0 ;
in:3101 out:3101 type:B dur:2 cpbdur:2 q:24.69 aq:20.99 tex:520 mv:64 misc:224 imb:2 pmb:12 smb:906 d:- ref:0 ;
in:3100 out:3102 type:b dur:2 cpbdur:2 q:24.71 aq:23.64 tex:105 mv:13 misc:154 imb:0 pmb:3 smb:917 d:- ref:0 ;
in:3102 out:3103 type:b dur:2 cpbdur:2 q:24.68 aq:24.30 tex:416 mv:49 misc:159 imb:0 pmb:7 smb:913 d:- ref:0 ;
in:3107 out:3104 type:P dur:2 cpbdur:2 q:24.59 aq:14.34 tex:3468 mv:239 misc:445 imb:4 pmb:59 smb:857 d:- ref:0 ;
in:3105 out:3105 type:B dur:2 cpbdur:2 q:24.63 aq:20.28 tex:661 mv:87 misc:252 imb:1 pmb:17 smb:902 d:- ref:0 ;
in:3104 out:3106 type:b dur:2 cpbdur:2 q:24.64 aq:19.41 tex:86 mv:39 misc:187 imb:1 pmb:8 smb:911 d:- ref:0 ;
in:3106 out:3107 type:b dur:2 cpbdur:2 q:24.61 aq:20.95 tex:413 mv:45 misc:198 imb:0 pmb:12 smb:908 d:- ref:0 ;
in:3111 out:3108 type:P dur:2 cpbdur:2 q:24.54 aq:18.68 tex:1583 mv:116 misc:285 imb:2 pmb:20 smb:898 d:- ref:0 ;
in:3109 out:3109 type:B dur:2 cpbdur:2 q:24.56 aq:19.64 tex:631 mv:67 misc:246 imb:2 pmb:14 smb:904 d:- ref:0 ;
in:3108 out:3110 type:b dur:2 cpbdur:2 q:24.58 aq:19.34 tex:108 mv:33 misc:179 imb:2 pmb:5 smb:913 d:- ref:0 ;
in:3110 out:3111 type:b dur:2 cpbdur:2 q:24.55 aq:20.61 tex:326 mv:32 misc:194 imb:0 pmb:10 smb:910 d:- ref:0 ;
in:3113 out:3112 type:P dur:2 cpbdur:2 q:24.47 aq:20.83 tex:1327 mv:66 misc:247 imb:0 pmb:15 smb:905 d:- ref:0 ;
in:3112 out:3113 type:b dur:2 cpbdur:2 q:24.50 aq:20.10 tex:337 mv:49 misc:190 imb:0 pmb:9 smb:911 d:- ref:0 ;
in:3114 out:3114 type:I dur:2 cpbdur:2 q:21.89 aq:18.25 tex:332261 mv:38496 misc:139 imb:920 pmb:0 smb:0 d:- ref:;
in:3118 out:3115 type:P dur:2 cpbdur:2 q:24.72 aq:21.60 tex:138856 mv:8500 misc:180 imb:111 pmb:805 smb:4 d:- ref:0 ;
in:3116 out:3116 type:B dur:2 cpbdur:2 q:24.72 aq:24.41 tex:34305 mv:8632 misc:815 imb:21 pmb:671 smb:228 d:- ref:0 ;
in:3115 out:3117 type:b dur:2 cpbdur:2 q:24.72 aq:24.81 tex:12594 mv:5024 misc:966 imb:4 pmb:427 smb:489 d:- ref:0 ;
in:3117 out:3118 type:b dur:2 cpbdur:2 q:24.72 aq:25.00 tex:15084 mv:5547 misc:945 imb:12 pmb:482 smb:426 d:- ref:0 ;
in:3122 out:3119 type:P dur:2 cpbdur:2 q:24.75 aq:23.15 tex:108382 mv:7789 misc:365 imb:85 pmb:791 smb:44 d:- ref:0 ;
in:3120 out:3120 type:B dur:2 cpbdur:2 q:24.74 aq:23.91 tex:41895 mv:8473 misc:752 imb:9 pmb:717 smb:194 d:- ref:0 ;
in:3119 out:3121 type:b dur:2 cpbdur:2 q:24.73 aq:25.55 tex:14092 mv:5150 misc:958 imb:4 pmb:451 smb:465 d:- ref:0 ;
in:3121 out:3122 type:b dur:2 cpbdur:2 q:24.74 aq:25.22 tex:14032 mv:4545 misc:943 imb:4 pmb:413 smb:503 d:- ref:0 ;
in:3124 out:3123 type:P dur:2 cpbdur:2 q:24.76 aq:26.03 tex:32826 mv:4214 misc:768 imb:20 pmb:680 smb:220 d:- ref:0 ;
in:3123 out:3124 type:b dur:2 cpbdur:2 q:24.75 aq:24.90 tex:2984 mv:595 misc:709 imb:0 pmb:173 smb:747 d:- ref:0 ;
in:3125 out:3125 type:i dur:2 cpbdur:2 q:21.86 aq:17.92 tex:96941 mv:27632 misc:131 imb:920 pmb:0 smb:0 d:- ref:;
in:3126 out:3126 type:P dur:2 cpbdur:2 q:25.00 aq:20.92 tex:46644 mv:8128 misc:428 imb:324 pmb:533 smb:63 d:- ref:0 ;
in:3129 out:3127 type:P dur:2 cpbdur:2 q:25.06 aq:21.66 tex:56874 mv:8992 misc:246 imb:455 pmb:447 smb:18 d:- ref:0 ;
in:3127 out:3128 type:B dur:2 cpbdur:2 q:25.02 aq:20.22 tex:32107 mv:10750 misc:527 imb:187 pmb:636 smb:97 d:- ref:0 ;
in:3128 out:3129 type:b dur:2 cpbdur:2 q:25.04 aq:19.58 tex:1549 mv:414 misc:597 imb:6 pmb:129 smb:785 d:- ref:0 ;
in:3130 out:3130 type:P dur:2 cpbdur:2 q:25.18 aq:21.24 tex:71508 mv:9581 misc:247 imb:399 pmb:504 smb:17 d:- ref:0 ;
in:3131 out:3131 type:P dur:2 cpbdur:2 q:25.27 aq:20.42 tex:59525 mv:8816 misc:243 imb:302 pmb:602 smb:16 d:- ref:0 ;
in:3133 out:3132 type:P dur:2 cpbdur:2 q:25.34 aq:21.61 tex:46366 mv:8194 misc:456 imb:280 pmb:572 smb:68 d:- ref:0 ;
in:3132 out:3133 type:b dur:2 cpbdur:2 q:25.31 aq:21.07 tex:1634 mv:339 misc:659 imb:7 pmb:133 smb:780 d:- ref:0 ;
in:3137 out:3134 type:P dur:2 cpbdur:2 q:25.40 aq:21.75 tex:81427 mv:9789 misc:176 imb:500 pmb:416 smb:4 d:- ref:0 ;
in:3135 out:3135 type:B dur:2 cpbdur:2 q:25.37 aq:21.10 tex:39407 mv:10116 misc:469 imb:156 pmb:689 smb:75 d:- ref:0 ;
in:3134 out:3136 type:b dur:2 cpbdur:2 q:25.36 aq:22.90 tex:25023 mv:10207 misc:674 imb:142 pmb:622 smb:156 d:- ref:0 ;
in:3136 out:3137 type:b dur:2 cpbdur:2 q:25.39 aq:20.81 tex:1386 mv:582 misc:704 imb:3 pmb:155 smb:762 d:- ref:0 ;
in:3138 out:3138 type:P dur:2 cpbdur:2 q:25.49 aq:21.68 tex:51768 mv:8514 misc:358 imb:222 pmb:659 smb:39 d:- ref:0 ;
in:3139 out:3139 type:P dur:2 cpbdur:2 q:25.56 aq:21.92 tex:52843 mv:8352 misc:341 imb:244 pmb:643 smb:33 d:- ref:0 ;
in:3140 out:3140 type:P dur:2 cpbdur:2 q:25.59 aq:21.81 tex:57925 mv:8289 misc:394 imb:207 pmb:656 smb:57 d:- ref:0 ;
in:3141 out:3141 type:P dur:2 cpbdur:2 q:25.64 aq:21.55 tex:56559 mv:7974 misc:379 imb:212 pmb:660 smb:48 d:- ref:0 ;
in:3142 out:3142 type:P dur:2 cpbdur:2 q:25.69 aq:20.92 tex:52909 mv:7274 misc:449 imb:193 pmb:653 smb:74 d:- ref:0 ;
in:3145 out:3143 type:P dur:2 cpbdur:2 q:25.73 aq:20.80 tex:97003 mv:8720 misc:181 imb:277 pmb:638 smb:5 d:- ref:0 ;
in:3143 out:3144 type:B dur:2 cpbdur:2 q:25.71 aq:23.55 tex:16262 mv:6517 misc:941 imb:79 pmb:482 smb:359 d:- ref:0 ;
in:3144 out:3145 type:b dur:2 cpbdur:2 q:25.72 aq:24.60 tex:7820 mv:5269 misc:935 imb:35 pmb:425 smb:460 d:- ref:0 ;
in:3147 out:3146 type:P dur:2 cpbdur:2 q:25.85 aq:20.65 tex:76702 mv:7520 misc:298 imb:191 pmb:706 smb:23 d:- ref:0 ;
in:3146 out:3147 type:b dur:2 cpbdur:2 q:25.79 aq:24.71 tex:6829 mv:4829 misc:966 imb:25 pmb:399 smb:496 d:- ref:0 ;
in:3151 out:3148 type:P dur:2 cpbdur:2 q:25.90 aq:20.72 tex:83989 mv:8340 misc:295 imb:237 pmb:657 smb:26 d:- ref:0 ;
in:3149 out:3149 type:B dur:2 cpbdur:2 q:25.87 aq:22.42 tex:23019 mv:7607 misc:790 imb:71 pmb:645 smb:204 d:- ref:0 ;
in:3148 out:3150 type:b dur:2 cpbdur:2 q:25.86 aq:20.68 tex:590 mv:358 misc:476 imb:2 pmb:86 smb:832 d:- ref:0 ;
in:3150 out:3151 type:b dur:2 cpbdur:2 q:25.89 aq:24.79 tex:9692 mv:5334 misc:990 imb:32 pmb:447 smb:441 d:- ref:0 ;
in:3155 out:3152 type:P dur:2 cpbdur:2 q:25.99 aq:20.56 tex:78492 mv:8523 misc:281 imb:226 pmb:670 smb:24 d:- ref:0 ;
in:3153 out:3153 type:B dur:2 cpbdur:2 q:25.95 aq:22.49 tex:25085 mv:7664 misc:779 imb:65 pmb:663 smb:192 d:- ref:0 ;
in:3152 out:3154 type:b dur:2 cpbdur:2 q:25.92 aq:21.22 tex:765 mv:306 misc:529 imb:4 pmb:96 smb:820 d:- ref:0 ;
in:3154 out:3155 type:b dur:2 cpbdur:2 q:25.97 aq:24.52 tex:10590 mv:5047 misc:963 imb:32 pmb:455 smb:433 d:- ref:0 ;
in:3159 out:3156 type:P dur:2 cpbdur:2 q:26.06 aq:21.04 tex:68555 mv:7780 misc:409 imb:209 pmb:650 smb:61 d:- ref:0 ;
in:3157 out:3157 type:B dur:2 cpbdur:2 q:26.03 aq:22.65 tex:19558 mv:7343 misc:875 imb:51 pmb:603 smb:266 d:- ref:0 ;
in:3156 out:3158 type:b dur:2 cpbdur:2 q:26.01 aq:21.62 tex:410 mv:195 misc:395 imb:2 pmb:50 smb:868 d:- ref:0 ;
in:3158 out:3159 type:b dur:2 cpbdur:2 q:26.04 aq:25.40 tex:8280 mv:4502 misc:970 imb:20 pmb:413 smb:487 d:- ref:0 ;
in:3160 out:3160 type:P dur:2 cpbdur:2 q:26.16 aq:20.43 tex:65572 mv:7242 misc:426 imb:152 pmb:715 smb:53 d:- ref:0 ;
in:3164 out:3161 type:P dur:2 cpbdur:2 q:26.18 aq:21.14 tex:68084 mv:7567 misc:445 imb:158 pmb:692 smb:70 d:- ref:0 ;
in:3162 out:3162 type:B dur:2 cpbdur:2 q:26.17 aq:24.84 tex:10927 mv:5371 misc:990 imb:19 pmb:444 smb:457 d:- ref:0 ;
in:3161 out:3163 type:b dur:2 cpbdur:2 q:26.16 aq:21.02 tex:341 mv:106 misc:329 imb:0 pmb:41 smb:879 d:- ref:0 ;
in:3163 out:3164 type:b dur:2 cpbdur:2 q:26.18 aq:25.62 tex:7001 mv:4030 misc:905 imb:11 pmb:392 smb:517 d:- ref:0 ;
in:3168 out:3165 type:P dur:2 cpbdur:2 q:26.26 aq:21.55 tex:65541 mv:7208 misc:379 imb:160 pmb:706 smb:54 d:- ref:0 ;
in:3166 out:3166 type:B dur:2 cpbdur:2 q:26.22 aq:23.48 tex:16759 mv:6029 misc:876 imb:36 pmb:525 smb:359 d:- ref:0 ;
in:3165 out:3167 type:b dur:2 cpbdur:2 q:26.20 aq:25.26 tex:6462 mv:3745 misc:929 imb:13 pmb:371 smb:536 d:- ref:0 ;
in:3167 out:3168 type:b dur:2 cpbdur:2 q:26.24 aq:24.32 tex:4365 mv:3075 misc:848 imb:7 pmb:308 smb:605 d:- ref:0 ;
in:3172 out:3169 type:P dur:2 cpbdur:2 q:26.31 aq:23.12 tex:40282 mv:6648 misc:678 imb:138 pmb:613 smb:169 d:- ref:0 ;
in:3170 out:3170 type:B dur:2 cpbdur:2 q:26.28 aq:23.43 tex:15487 mv:6182 misc:923 imb:37 pmb:552 smb:331 d:- ref:0 ;
in:3169 out:3171 type:b dur:2 cpbdur:2 q:26.27 aq:24.99 tex:4713 mv:3382 misc:921 imb:8 pmb:333 smb:579 d:- ref:0 ;
in:3171 out:3172 type:b dur:2 cpbdur:2 q:26.30 aq:24.06 tex:4877 mv:3964 misc:991 imb:15 pmb:376 smb:529 d:- ref:0 ;
in:3174 out:3173 type:P dur:2 cpbdur:2 q:26.36 aq:24.87 tex:15439 mv:4349 misc:908 imb:101 pmb:484 smb:335 d:- ref:0 ;
in:3173 out:3174 type:b dur:2 cpbdur:2 q:26.34 aq:23.32 tex:1339 mv:465 misc:588 imb:8 pmb:103 smb:809 d:- ref:0 ;
in:3175 out:3175 type:I dur:2 cpbdur:2 q:23.04 aq:16.37 tex:185800 mv:34308 misc:140 imb:920 pmb:0 smb:0 d:- ref:;
in:3177 out:3176 type:P dur:2 cpbdur:2 q:26.53 aq:19.81 tex:35845 mv:5205 misc:694 imb:83 pmb:665 smb:172 d:- ref:0 ;
in:3176 out:3177 type:b dur:2 cpbdur:2 q:26.53 aq:24.55 tex:3025 mv:2184 misc:679 imb:7 pmb:204 smb:709 d:- ref:0 ;
in:3181 out:3178 type:P dur:2 cpbdur:2 q:26.56 aq:19.68 tex:63724 mv:6866 misc:402 imb:157 pmb:688 smb:75 d:- ref:0 ;
in:3179 out:3179 type:B dur:2 cpbdur:2 q:26.55 aq:25.03 tex:5669 mv:4364 misc:919 imb:13 pmb:402 smb:505 d:- ref:0 ;
in:3178 out:3180 type:b dur:2 cpbdur:2 q:26.54 aq:20.15 tex:296 mv:347 misc:653 imb:0 pmb:152 smb:768 d:- ref:0 ;
in:3180 out:3181 type:b dur:2 cpbdur:2 q:26.56 aq:23.64 tex:3558 mv:3309 misc:877 imb:15 pmb:298 smb:607 d:- ref:0 ;
in:3185 out:3182 type:P dur:2 cpbdur:2 q:26.59 aq:19.86 tex:59685 mv:7471 misc:364 imb:136 pmb:735 smb:49 d:- ref:0 ;
in:3183 out:3183 type:B dur:2 cpbdur:2 q:26.57 aq:24.02 tex:4929 mv:4398 misc:1009 imb:11 pmb:423 smb:486 d:- ref:0 ;
in:3182 out:3184 type:b dur:2 cpbdur:2 q:26.57 aq:19.20 tex:537 mv:288 misc:551 imb:2 pmb:110 smb:808 d:- ref:0 ;
in:3184 out:3185 type:b dur:2 cpbdur:2 q:26.58 aq:25.08 tex:4374 mv:3737 misc:945 imb:12 pmb:343 smb:565 d:- ref:0 ;
in:3189 out:3186 type:P dur:2 cpbdur:2 q:26.61 aq:20.70 tex:43500 mv:6075 misc:617 imb:90 pmb:688 smb:142 d:- ref:0 ;
in:3187 out:3187 type:B dur:2 cpbdur:2 q:26.60 aq:24.33 tex:4347 mv:3713 misc:988 imb:6 pmb:356 smb:558 d:- ref:0 ;
in:3186 out:3188 type:b dur:2 cpbdur:2 q:26.59 aq:23.22 tex:549 mv:492 misc:703 imb:1 pmb:176 smb:743 d:- ref:0 ;
in:3188 out:3189 type:b dur:2 cpbdur:2 q:26.60 aq:25.92 tex:3620 mv:2807 misc:893 imb:16 pmb:305 smb:599 d:- ref:0 ;
in:3193 out:3190 type:P dur:2 cpbdur:2 q:26.61 aq:20.48 tex:55339 mv:7446 misc:447 imb:171 pmb:677 smb:72 d:- ref:0 ;
in:3191 out:3191 type:B dur:2 cpbdur:2 q:26.61 aq:23.10 tex:9338 mv:5823 misc:975 imb:30 pmb:527 smb:363 d:- ref:0 ;
in:3190 out:3192 type:b dur:2 cpbdur:2 q:26.61 aq:25.38 tex:3762 mv:3168 misc:846 imb:12 pmb:301 smb:607 d:- ref:0 ;
in:3192 out:3193 type:b dur:2 cpbdur:2 q:26.61 aq:23.75 tex:4223 mv:3331 misc:918 imb:19 pmb:296 smb:605 d:- ref:0 ;
in:3197 out:3194 type:P dur:2 cpbdur:2 q:26.63 aq:20.59 tex:59812 mv:7644 misc:432 imb:188 pmb:673 smb:59 d:- ref:0 ;
in:3195 out:3195 type:B dur:2 cpbdur:2 q:26.62 aq:23.51 tex:10720 mv:5776 misc:984 imb:37 pmb:521 smb:362 d:- ref:0 ;
in:3194 out:3196 type:b dur:2 cpbdur:2 q:26.61 aq:24.72 tex:3936 mv:3185 misc:935 imb:15 pmb:300 smb:605 d:- ref:0 ;
in:3196 out:3197 type:b dur:2 cpbdur:2 q:26.62 aq:25.39 tex:2399 mv:2924 misc:877 imb:6 pmb:299 smb:615 d:- ref:0 ;
in:3201 out:3198 type:P dur:2 cpbdur:2 q:26.64 aq:20.85 tex:51525 mv:7545 misc:410 imb:243 pmb:621 smb:56 d:- ref:0 ;
in:3199 out:3199 type:B dur:2 cpbdur:2 q:26.63 aq:22.60 tex:10288 mv:5627 misc:973 imb:36 pmb:529 smb:355 d:- ref:0 ;
in:3198 out:3200 type:b dur:2 cpbdur:2 q:26.63 aq:20.01 tex:400 mv:211 misc:389 imb:1 pmb:66 smb:853 d:- ref:0 ;
in:3200 out:3201 type:b dur:2 cpbdur:2 q:26.64 aq:25.10 tex:4411 mv:4148 misc:977 imb:19 pmb:393 smb:508 d:- ref:0 ;
in:3205 out:3202 type:P dur:2 cpbdur:2 q:26.66 aq:21.54 tex:43541 mv:7027 misc:480 imb:226 pmb:602 smb:92 d:- ref:0 ;
in:3203 out:3203 type:B dur:2 cpbdur:2 q:26.65 aq:21.93 tex:12961 mv:6322 misc:853 imb:42 pmb:599 smb:279 d:- ref:0 ;
in:3202 out:3204 type:b dur:2 cpbdur:2 q:26.65 aq:17.94 tex:570 mv:360 misc:686 imb:4 pmb:167 smb:749 d:- ref:0 ;
in:3204 out:3205 type:b dur:2 cpbdur:2 q:26.66 aq:24.84 tex:4427 mv:3644 misc:937 imb:16 pmb:376 smb:528 d:- ref:0 ;
in:3206 out:3206 type:P dur:2 cpbdur:2 q:26.69 aq:21.53 tex:23439 mv:4798 misc:715 imb:96 pmb:642 smb:182 d:- ref:0 ;
in:3209 out:3207 type:P dur:2 cpbdur:2 q:26.70 aq:25.00 tex:12751 mv:3962 misc:887 imb:63 pmb:439 smb:418 d:- ref:0 ;
in:3207 out:3208 type:B dur:2 cpbdur:2 q:26.69 aq:19.97 tex:329 mv:292 misc:595 imb:0 pmb:119 smb:801 d:- ref:0 ;
in:3208 out:3209 type:b dur:2 cpbdur:2 q:26.70 aq:25.09 tex:3498 mv:2482 misc:820 imb:5 pmb:255 smb:660 d:- ref:0 ;
in:3210 out:3210 type:I dur:2 cpbdur:2 q:23.60 aq:19.24 tex:215323 mv:36621 misc:136 imb:920 pmb:0 smb:0 d:- ref:;
in:3212 out:3211 type:P dur:2 cpbdur:2 q:26.91 aq:23.76 tex:22291 mv:4079 misc:798 imb:27 pmb:575 smb:318 d:- ref:0 ;
in:3211 out:3212 type:b dur:2 cpbdur:2 q:26.91 aq:22.32 tex:91 mv:76 misc:345 imb:0 pmb:53 smb:867 d:- ref:0 ;
in:3213 out:3213 type:P dur:2 cpbdur:2 q:26.93 aq:23.65 tex:47242 mv:6182 misc:528 imb:79 pmb:698 smb:143 d:- ref:0 ;
in:3215 out:3214 type:P dur:2 cpbdur:2 q:26.97 aq:23.60 tex:65100 mv:7604 misc:392 imb:110 pmb:736 smb:74 d:- ref:0 ;
in:3214 out:3215 type:b dur:2 cpbdur:2 q:26.95 aq:26.60 tex:6048 mv:5419 misc:861 imb:16 pmb:384 smb:520 d:- ref:0 ;
in:3216 out:3216 type:P dur:2 cpbdur:2 q:26.99 aq:23.43 tex:38864 mv:5319 misc:609 imb:59 pmb:690 smb:171 d:- ref:0 ;
in:3217 out:3217 type:P dur:2 cpbdur:2 q:27.00 aq:23.19 tex:51966 mv:6687 misc:459 imb:97 pmb:740 smb:83 d:- ref:0 ;
in:3219 out:3218 type:P dur:2 cpbdur:2 q:27.01 aq:23.27 tex:70431 mv:7631 misc:378 imb:137 pmb:734 smb:49 d:- ref:0 ;
in:3218 out:3219 type:b dur:2 cpbdur:2 q:27.01 aq:27.77 tex:6816 mv:4961 misc:919 imb:11 pmb:393 smb:516 d:- ref:0 ;
in:3221 out:3220 type:P dur:2 cpbdur:2 q:27.03 aq:23.36 tex:69166 mv:7959 misc:387 imb:126 pmb:747 smb:47 d:- ref:0 ;
in:3220 out:3221 type:b dur:2 cpbdur:2 q:27.02 aq:27.53 tex:6480 mv:4797 misc:883 imb:9 pmb:359 smb:552 d:- ref:0 ;
in:3223 out:3222 type:P dur:2 cpbdur:2 q:27.02 aq:23.35 tex:78790 mv:8042 misc:288 imb:148 pmb:746 smb:26 d:- ref:0 ;
in:3222 out:3223 type:b dur:2 cpbdur:2 q:27.03 aq:27.18 tex:6896 mv:5288 misc:904 imb:10 pmb:379 smb:531 d:- ref:0 ;
in:3226 out:3224 type:P dur:2 cpbdur:2 q:27.04 aq:23.33 tex:92792 mv:8756 misc:268 imb:169 pmb:731 smb:20 d:- ref:0 ;
in:3224 out:3225 type:B dur:2 cpbdur:2 q:27.03 aq:25.30 tex:2567 mv:1527 misc:922 imb:3 pmb:288 smb:629 d:- ref:0 ;
in:3225 out:3226 type:b dur:2 cpbdur:2 q:27.04 aq:27.55 tex:8542 mv:6087 misc:883 imb:20 pmb:489 smb:411 d:- ref:0 ;
in:3228 out:3227 type:P dur:2 cpbdur:2 q:27.10 aq:23.73 tex:53481 mv:6763 misc:444 imb:74 pmb:781 smb:65 d:- ref:0 ;
in:3227 out:3228 type:b dur:2 cpbdur:2 q:27.07 aq:22.90 tex:125 mv:84 misc:239 imb:0 pmb:26 smb:894 d:- ref:0 ;
in:3230 out:3229 type:P dur:2 cpbdur:2 q:27.17 aq:23.85 tex:88491 mv:8863 misc:334 imb:136 pmb:752 smb:32 d:- ref:0 ;
in:3229 out:3230 type:b dur:2 cpbdur:2 q:27.13 aq:29.18 tex:9567 mv:6760 misc:929 imb:13 pmb:505 smb:402 d:- ref:0 ;
in:3231 out:3231 type:P dur:2 cpbdur:2 q:27.26 aq:23.66 tex:58421 mv:6655 misc:388 imb:61 pmb:799 smb:60 d:- ref:0 ;
in:3234 out:3232 type:P dur:2 cpbdur:2 q:27.29 aq:25.11 tex:54766 mv:7174 misc:524 imb:85 pmb:735 smb:100 d:- ref:0 ;
in:3232 out:3233 type:B dur:2 cpbdur:2 q:27.27 aq:21.82 tex:173 mv:55 misc:244 imb:1 pmb:14 smb:905 d:- ref:0 ;
in:3233 out:3234 type:b dur:2 cpbdur:2 q:27.28 aq:28.96 tex:6771 mv:5057 misc:916 imb:6 pmb:385 smb:529 d:- ref:0 ;
in:3236 out:3235 type:P dur:2 cpbdur:2 q:27.40 aq:26.59 tex:40412 mv:7069 misc:615 imb:89 pmb:695 smb:136 d:- ref:0 ;
in:3235 out:3236 type:b dur:2 cpbdur:2 q:27.35 aq:28.95 tex:280 mv:39 misc:249 imb:0 pmb:19 smb:901 d:- ref:0 ;
in:3237 out:3237 type:P dur:2 cpbdur:2 q:27.41 aq:28.39 tex:14302 mv:4052 misc:870 imb:27 pmb:548 smb:345 d:- ref:0 ;
in:3238 out:3238 type:I dur:2 cpbdur:2 q:24.08 aq:15.45 tex:66822 mv:18629 misc:141 imb:920 pmb:0 smb:0 d:- ref:;
in:3240 out:3239 type:P dur:2 cpbdur:2 q:27.49 aq:18.24 tex:22561 mv:4968 misc:831 imb:97 pmb:500 smb:323 d:- ref:0 ;
in:3239 out:3240 type:b dur:2 cpbdur:2 q:27.49 aq:28.07 tex:1408 mv:1907 misc:605 imb:7 pmb:150 smb:763 d:- ref:0 ;
in:3244 out:3241 type:P dur:2 cpbdur:2 q:27.52 aq:19.88 tex:18209 mv:4204 misc:891 imb:123 pmb:422 smb:375 d:- ref:0 ;
in:3242 out:3242 type:B dur:2 cpbdur:2 q:27.50 aq:20.84 tex:2571 mv:2441 misc:876 imb:11 pmb:271 smb:638 d:- ref:0 ;
in:3241 out:3243 type:b dur:2 cpbdur:2 q:27.49 aq:25.98 tex:1399 mv:1367 misc:578 imb:4 pmb:140 smb:776 d:- ref:0 ;
in:3243 out:3244 type:b dur:2 cpbdur:2 q:27.51 aq:20.62 tex:415 mv:285 misc:492 imb:0 pmb:84 smb:836 d:- ref:0 ;
in:3248 out:3245 type:P dur:2 cpbdur:2 q:27.53 aq:21.47 tex:25585 mv:5204 misc:763 imb:299 pmb:333 smb:288 d:- ref:0 ;
in:3246 out:3246 type:B dur:2 cpbdur:2 q:27.52 aq:21.35 tex:4849 mv:3759 misc:928 imb:41 pmb:325 smb:554 d:- ref:0 ;
in:3245 out:3247 type:b dur:2 cpbdur:2 q:27.52 aq:22.99 tex:2604 mv:2601 misc:875 imb:14 pmb:282 smb:624 d:- ref:0 ;
in:3247 out:3248 type:b dur:2 cpbdur:2 q:27.53 aq:21.15 tex:775 mv:649 misc:664 imb:9 pmb:134 smb:777 d:- ref:0 ;
in:3249 out:3249 type:P dur:2 cpbdur:2 q:27.51 aq:20.40 tex:21132 mv:4657 misc:763 imb:304 pmb:312 smb:304 d:- ref:0 ;
in:3250 out:3250 type:P dur:2 cpbdur:2 q:27.51 aq:21.16 tex:24802 mv:4095 misc:919 imb:171 pmb:323 smb:426 d:- ref:0 ;
in:3252 out:3251 type:P dur:2 cpbdur:2 q:27.51 aq:20.57 tex:18764 mv:4173 misc:935 imb:172 pmb:333 smb:415 d:- ref:0 ;
in:3251 out:3252 type:b dur:2 cpbdur:2 q:27.51 aq:20.04 tex:721 mv:568 misc:695 imb:3 pmb:150 smb:767 d:- ref:0 ;
in:3255 out:3253 type:P dur:2 cpbdur:2 q:27.50 aq:19.31 tex:37826 mv:6709 misc:609 imb:394 pmb:397 smb:129 d:- ref:0 ;
in:3253 out:3254 type:B dur:2 cpbdur:2 q:27.51 aq:23.22 tex:9866 mv:4145 misc:885 imb:32 pmb:335 smb:553 d:- ref:0 ;
in:3254 out:3255 type:b dur:2 cpbdur:2 q:27.51 aq:23.43 tex:6713 mv:3728 misc:783 imb:30 pmb:274 smb:616 d:- ref:0 ;
in:3256 out:3256 type:P dur:2 cpbdur:2 q:27.49 aq:19.61 tex:1913 mv:483 misc:700 imb:23 pmb:110 smb:787 d:- ref:0 ;
in:3260 out:3257 type:P dur:2 cpbdur:2 q:27.48 aq:21.17 tex:21132 mv:6156 misc:776 imb:347 pmb:343 smb:230 d:- ref:0 ;
in:3258 out:3258 type:B dur:2 cpbdur:2 q:27.48 aq:20.65 tex:9063 mv:5462 misc:1003 imb:94 pmb:418 smb:408 d:- ref:0 ;
in:3257 out:3259 type:b dur:2 cpbdur:2 q:27.48 aq:22.42 tex:3073 mv:2650 misc:805 imb:14 pmb:253 smb:653 d:- ref:0 ;
in:3259 out:3260 type:b dur:2 cpbdur:2 q:27.48 aq:22.21 tex:2802 mv:2961 misc:893 imb:25 pmb:279 smb:616 d:- ref:0 ;
in:3261 out:3261 type:P dur:2 cpbdur:2 q:27.47 aq:22.03 tex:6268 mv:2664 misc:916 imb:102 pmb:264 smb:554 d:- ref:0 ;
in:3262 out:3262 type:i dur:2 cpbdur:2 q:24.43 aq:18.56 tex:154097 mv:28456 misc:119 imb:920 pmb:0 smb:0 d:- ref:;
in:3266 out:3263 type:P dur:2 cpbdur:2 q:27.58 aq:21.19 tex:38645 mv:7372 misc:495 imb:242 pmb:599 smb:79 d:- ref:0 ;
in:3264 out:3264 type:B dur:2 cpbdur:2 q:27.58 aq:22.69 tex:9659 mv:6024 misc:989 imb:43 pmb:514 smb:363 d:- ref:0 ;
in:3263 out:3265 type:b dur:2 cpbdur:2 q:27.58 aq:23.67 tex:2351 mv:2831 misc:866 imb:13 pmb:286 smb:621 d:- ref:0 ;
in:3265 out:3266 type:b dur:2 cpbdur:2 q:27.58 aq:20.75 tex:274 mv:313 misc:381 imb:5 pmb:58 smb:857 d:- ref:0 ;
in:3270 out:3267 type:P dur:2 cpbdur:2 q:27.60 aq:21.82 tex:32407 mv:6734 misc:603 imb:170 pmb:635 smb:115 d:- ref:0 ;
in:3268 out:3268 type:B dur:2 cpbdur:2 q:27.59 aq:22.83 tex:8756 mv:5242 misc:970 imb:34 pmb:526 smb:360 d:- ref:0 ;
in:3267 out:3269 type:b dur:2 cpbdur:2 q:27.59 aq:23.74 tex:1999 mv:2702 misc:891 imb:14 pmb:284 smb:622 d:- ref:0 ;
in:3269 out:3270 type:b dur:2 cpbdur:2 q:27.59 aq:20.66 tex:230 mv:213 misc:421 imb:2 pmb:60 smb:858 d:- ref:0 ;
in:3274 out:3271 type:P dur:2 cpbdur:2 q:27.59 aq:22.13 tex:29061 mv:6306 misc:617 imb:175 pmb:604 smb:141 d:- ref:0 ;
in:3272 out:3272 type:B dur:2 cpbdur:2 q:27.60 aq:22.28 tex:8711 mv:4329 misc:984 imb:28 pmb:470 smb:422 d:- ref:0 ;
in:3271 out:3273 type:b dur:2 cpbdur:2 q:27.60 aq:23.42 tex:3522 mv:3302 misc:888 imb:19 pmb:315 smb:586 d:- ref:0 ;
in:3273 out:3274 type:b dur:2 cpbdur:2 q:27.59 aq:20.30 tex:201 mv:435 misc:620 imb:1 pmb:141 smb:778 d:- ref:0 ;
in:3278 out:3275 type:P dur:2 cpbdur:2 q:27.62 aq:24.32 tex:11409 mv:4513 misc:902 imb:123 pmb:435 smb:362 d:- ref:0 ;
in:3276 out:3276 type:B dur:2 cpbdur:2 q:27.61 aq:22.65 tex:11689 mv:3806 misc:969 imb:25 pmb:494 smb:401 d:- ref:0 ;
in:3275 out:3277 type:b dur:2 cpbdur:2 q:27.60 aq:23.55 tex:2012 mv:2627 misc:849 imb:2 pmb:276 smb:642 d:- ref:0 ;
in:3277 out:3278 type:b dur:2 cpbdur:2 q:27.61 aq:20.44 tex:411 mv:231 misc:438 imb:1 pmb:78 smb:841 d:- ref:0 ;
in:3279 out:3279 type:P dur:2 cpbdur:2 q:27.60 aq:21.96 tex:67260 mv:5472 misc:484 imb:592 pmb:191 smb:137 d:- ref:0 ;
in:3283 out:3280 type:P dur:2 cpbdur:2 q:27.62 aq:20.74 tex:132423 mv:6820 misc:437 imb:585 pmb:238 smb:97 d:- ref:0 ;
in:3281 out:3281 type:B dur:2 cpbdur:2 q:27.61 aq:23.19 tex:11081 mv:3556 misc:1003 imb:31 pmb:428 smb:461 d:- ref:0 ;
in:3280 out:3282 type:b dur:2 cpbdur:2 q:27.61 aq:24.51 tex:3715 mv:1921 misc:772 imb:10 pmb:253 smb:657 d:- ref:0 ;
in:3282 out:3283 type:b dur:2 cpbdur:2 q:27.61 aq:23.85 tex:1511 mv:1365 misc:652 imb:9 pmb:137 smb:774 d:- ref:0 ;
in:3287 out:3284 type:P dur:2 cpbdur:2 q:27.70 aq:21.01 tex:33366 mv:5863 misc:555 imb:183 pmb:631 smb:106 d:- ref:0 ;
in:3285 out:3285 type:B dur:2 cpbdur:2 q:27.66 aq:23.36 tex:4291 mv:3071 misc:974 imb:17 pmb:333 smb:570 d:- ref:0 ;
in:3284 out:3286 type:b dur:2 cpbdur:2 q:27.64 aq:24.10 tex:1457 mv:1203 misc:676 imb:10 pmb:137 smb:773 d:- ref:0 ;
in:3286 out:3287 type:b dur:2 cpbdur:2 q:27.68 aq:23.60 tex:1869 mv:1807 misc:804 imb:11 pmb:201 smb:708 d:- ref:0 ;
in:3289 out:3288 type:P dur:2 cpbdur:2 q:27.69 aq:20.84 tex:28124 mv:4625 misc:779 imb:99 pmb:619 smb:202 d:- ref:0 ;
in:3288 out:3289 type:b dur:2 cpbdur:2 q:27.69 aq:24.47 tex:1613 mv:1339 misc:616 imb:3 pmb:142 smb:775 d:- ref:0 ;
in:3293 out:3290 type:P dur:2 cpbdur:2 q:27.71 aq:20.94 tex:28618 mv:5717 misc:657 imb:180 pmb:591 smb:149 d:- ref:0 ;
in:3291 out:3291 type:B dur:2 cpbdur:2 q:27.70 aq:22.78 tex:3989 mv:3073 misc:930 imb:21 pmb:331 smb:568 d:- ref:0 ;
in:3290 out:3292 type:b dur:2 cpbdur:2 q:27.69 aq:21.77 tex:323 mv:476 misc:601 imb:0 pmb:156 smb:764 d:- ref:0 ;
in:3292 out:3293 type:b dur:2 cpbdur:2 q:27.71 aq:24.12 tex:1620 mv:1898 misc:834 imb:11 pmb:216 smb:693 d:- ref:0 ;
in:3297 out:3294 type:P dur:2 cpbdur:2 q:27.72 aq:22.01 tex:21783 mv:5961 misc:680 imb:201 pmb:577 smb:142 d:- ref:0 w:7,127,0 ;
in:3295 out:3295 type:B dur:2 cpbdur:2 q:27.72 aq:23.09 tex:2808 mv:3021 misc:971 imb:14 pmb:335 smb:571 d:- ref:0 ;
in:3294 out:3296 type:b dur:2 cpbdur:2 q:27.71 aq:21.62 tex:349 mv:469 misc:758 imb:0 pmb:188 smb:732 d:- ref:0 ;
in:3296 out:3297 type:b dur:2 cpbdur:2 q:27.72 aq:23.75 tex:2329 mv:2863 misc:896 imb:33 pmb:281 smb:606 d:- ref:0 ;
in:3300 out:3298 type:P dur:2 cpbdur:2 q:27.71 aq:23.00 tex:5787 mv:3338 misc:979 imb:85 pmb:332 smb:503 d:- ref:0 ;
in:3298 out:3299 type:B dur:2 cpbdur:2 q:27.72 aq:22.98 tex:258 mv:200 misc:430 imb:0 pmb:77 smb:843 d:- ref:0 ;
in:3299 out:3300 type:b dur:2 cpbdur:2 q:27.71 aq:23.91 tex:1493 mv:2160 misc:827 imb:10 pmb:233 smb:677 d:- ref:0 ;
in:3301 out:3301 type:I dur:2 cpbdur:2 q:24.71 aq:18.07 tex:161639 mv:31831 misc:130 imb:920 pmb:0 smb:0 d:- ref:;
in:3305 out:3302 type:P dur:2 cpbdur:2 q:27.82 aq:22.11 tex:47022 mv:6177 misc:609 imb:132 pmb:627 smb:161 d:- ref:0 ;
in:3303 out:3303 type:B dur:2 cpbdur:2 q:27.82 aq:26.59 tex:10016 mv:4637 misc:907 imb:16 pmb:387 smb:517 d:- ref:0 ;
in:3302 out:3304 type:b dur:2 cpbdur:2 q:27.82 aq:21.77 tex:64 mv:22 misc:154 imb:1 pmb:3 smb:916 d:- ref:0 ;
in:3304 out:3305 type:b dur:2 cpbdur:2 q:27.82 aq:28.47 tex:6967 mv:3196 misc:837 imb:6 pmb:307 smb:607 d:- ref:0 ;
in:3309 out:3306 type:P dur:2 cpbdur:2 q:27.81 aq:22.83 tex:39102 mv:5741 misc:733 imb:118 pmb:592 smb:210 d:- ref:0 ;
in:3307 out:3307 type:B dur:2 cpbdur:2 q:27.82 aq:25.20 tex:13165 mv:5009 misc:906 imb:22 pmb:441 smb:457 d:- ref:0 ;
in:3306 out:3308 type:b dur:2 cpbdur:2 q:27.82 aq:27.03 tex:5645 mv:2840 misc:795 imb:13 pmb:242 smb:665 d:- ref:0 ;
in:3308 out:3309 type:b dur:2 cpbdur:2 q:27.81 aq:27.61 tex:6005 mv:2831 misc:764 imb:6 pmb:280 smb:634 d:- ref:0 ;
in:3313 out:3310 type:P dur:2 cpbdur:2 q:27.79 aq:24.89 tex:34638 mv:5674 misc:776 imb:145 pmb:514 smb:261 d:- ref:0 ;
in:3311 out:3311 type:B dur:2 cpbdur:2 q:27.80 aq:26.35 tex:16269 mv:5268 misc:903 imb:34 pmb:468 smb:418 d:- ref:0 ;
in:3310 out:3312 type:b dur:2 cpbdur:2 q:27.81 aq:28.33 tex:6981 mv:2772 misc:791 imb:10 pmb:280 smb:630 d:- ref:0 ;
in:3312 out:3313 type:b dur:2 cpbdur:2 q:27.79 aq:28.57 tex:6842 mv:2895 misc:775 imb:12 pmb:251 smb:657 d:- ref:0 ;
in:3315 out:3314 type:P dur:2 cpbdur:2 q:27.82 aq:25.96 tex:77088 mv:4962 misc:646 imb:390 pmb:229 smb:301 d:- ref:0 ;
in:3314 out:3315 type:b dur:2 cpbdur:2 q:27.80 aq:27.07 tex:1367 mv:432 misc:641 imb:2 pmb:149 smb:769 d:- ref:0 ;
in:3316 out:3316 type:i dur:2 cpbdur:2 q:24.81 aq:16.36 tex:207978 mv:29211 misc:139 imb:920 pmb:0 smb:0 d:- ref:;
in:3319 out:3317 type:P dur:2 cpbdur:2 q:28.07 aq:19.98 tex:11397 mv:1018 misc:1001 imb:17 pmb:366 smb:537 d:- ref:0 ;
in:3317 out:3318 type:B dur:2 cpbdur:2 q:28.07 aq:24.16 tex:439 mv:46 misc:171 imb:0 pmb:7 smb:913 d:- ref:0 ;
in:3318 out:3319 type:b dur:2 cpbdur:2 q:28.07 aq:22.63 tex:89 mv:34 misc:173 imb:0 pmb:10 smb:910 d:- ref:0 ;
in:3323 out:3320 type:P dur:2 cpbdur:2 q:28.06 aq:20.37 tex:19220 mv:732 misc:1040 imb:12 pmb:431 smb:477 d:- ref:0 ;
in:3321 out:3321 type:B dur:2 cpbdur:2 q:28.07 aq:21.68 tex:1451 mv:214 misc:615 imb:2 pmb:112 smb:806 d:- ref:0 ;
in:3320 out:3322 type:b dur:2 cpbdur:2 q:28.07 aq:21.93 tex:97 mv:38 misc:193 imb:0 pmb:11 smb:909 d:- ref:0 ;
in:3322 out:3323 type:b dur:2 cpbdur:2 q:28.06 aq:21.38 tex:107 mv:40 misc:205 imb:0 pmb:13 smb:907 d:- ref:0 ;
in:3327 out:3324 type:P dur:2 cpbdur:2 q:28.08 aq:19.42 tex:18241 mv:904 misc:1031 imb:16 pmb:439 smb:465 d:- ref:0 ;
in:3325 out:3325 type:B dur:2 cpbdur:2 q:28.07 aq:23.32 tex:524 mv:120 misc:380 imb:1 pmb:43 smb:876 d:- ref:0 ;
in:3324 out:3326 type:b dur:2 cpbdur:2 q:28.06 aq:21.75 tex:149 mv:48 misc:227 imb:0 pmb:17 smb:903 d:- ref:0 ;
in:3326 out:3327 type:b dur:2 cpbdur:2 q:28.07 aq:23.29 tex:341 mv:43 misc:272 imb:0 pmb:25 smb:895 d:- ref:0 ;
in:3329 out:3328 type:P dur:2 cpbdur:2 q:28.03 aq:19.29 tex:17526 mv:733 misc:1021 imb:18 pmb:437 smb:465 d:- ref:0 ;
in:3328 out:3329 type:b dur:2 cpbdur:2 q:28.06 aq:21.92 tex:266 mv:50 misc:284 imb:0 pmb:28 smb:892 d:- ref:0 ;
in:3331 out:3330 type:P dur:2 cpbdur:2 q:28.01 aq:19.45 tex:6423 mv:346 misc:823 imb:12 pmb:181 smb:727 d:- ref:0 ;
in:3330 out:3331 type:b dur:2 cpbdur:2 q:28.02 aq:21.93 tex:107 mv:23 misc:190 imb:0 pmb:10 smb:910 d:- ref:0 ;
in:3333 out:3332 type:P dur:2 cpbdur:2 q:28.00 aq:18.94 tex:20723 mv:1705 misc:932 imb:65 pmb:518 smb:337 d:- ref:0 ;
in:3332 out:3333 type:b dur:2 cpbdur:2 q:28.01 aq:20.74 tex:662 mv:222 misc:468 imb:3 pmb:79 smb:838 d:- ref:0 ;
in:3337 out:3334 type:P dur:2 cpbdur:2 q:27.96 aq:18.20 tex:10430 mv:804 misc:958 imb:19 pmb:283 smb:618 d:- ref:0 ;
in:3335 out:3335 type:B dur:2 cpbdur:2 q:27.98 aq:22.57 tex:834 mv:85 misc:297 imb:1 pmb:25 smb:894 d:- ref:0 ;
in:3334 out:3336 type:b dur:2 cpbdur:2 q:27.99 aq:23.92 tex:682 mv:64 misc:302 imb:0 pmb:33 smb:887 d:- ref:0 ;
in:3336 out:3337 type:b dur:2 cpbdur:2 q:27.97 aq:25.14 tex:416 mv:60 misc:276 imb:0 pmb:25 smb:895 d:- ref:0 ;
in:3341 out:3338 type:P dur:2 cpbdur:2 q:27.96 aq:18.30 tex:26287 mv:1445 misc:924 imb:43 pmb:559 smb:318 d:- ref:0 ;
in:3339 out:3339 type:B dur:2 cpbdur:2 q:27.96 aq:22.32 tex:449 mv:69 misc:250 imb:0 pmb:22 smb:898 d:- ref:0 ;
in:3338 out:3340 type:b dur:2 cpbdur:2 q:27.96 aq:20.40 tex:172 mv:32 misc:220 imb:0 pmb:15 smb:905 d:- ref:0 ;
in:3340 out:3341 type:b dur:2 cpbdur:2 q:27.96 aq:22.66 tex:454 mv:55 misc:227 imb:0 pmb:17 smb:903 d:- ref:0 ;
in:3345 out:3342 type:P dur:2 cpbdur:2 q:27.94 aq:17.35 tex:8362 mv:518 misc:872 imb:13 pmb:203 smb:704 d:- ref:0 ;
in:3343 out:3343 type:B dur:2 cpbdur:2 q:27.95 aq:23.47 tex:742 mv:61 misc:197 imb:2 pmb:10 smb:908 d:- ref:0 ;
in:3342 out:3344 type:b dur:2 cpbdur:2 q:27.95 aq:21.00 tex:41 mv:28 misc:163 imb:0 pmb:8 smb:912 d:- ref:0 ;
in:3344 out:3345 type:b dur:2 cpbdur:2 q:27.94 aq:21.00 tex:14 mv:23 misc:155 imb:0 pmb:7 smb:913 d:- ref:0 ;
in:3349 out:3346 type:P dur:2 cpbdur:2 q:27.89 aq:18.32 tex:5214 mv:259 misc:567 imb:12 pmb:84 smb:824 d:- ref:0 ;
in:3347 out:3347 type:B dur:2 cpbdur:2 q:27.92 aq:23.77 tex:667 mv:76 misc:217 imb:2 pmb:12 smb:906 d:- ref:0 ;
in:3346 out:3348 type:b dur:2 cpbdur:2 q:27.93 aq:23.86 tex:552 mv:47 misc:153 imb:0 pmb:7 smb:913 d:- ref:0 ;
in:3348 out:3349 type:b dur:2 cpbdur:2 q:27.90 aq:21.00 tex:33 mv:25 misc:158 imb:0 pmb:7 smb:913 d:- ref:0 ;
in:3350 out:3350 type:P dur:2 cpbdur:2 q:27.82 aq:18.80 tex:5747 mv:303 misc:670 imb:12 pmb:104 smb:804 d:- ref:0 ;
in:3354 out:3351 type:P dur:2 cpbdur:2 q:27.81 aq:17.97 tex:7268 mv:407 misc:845 imb:14 pmb:179 smb:727 d:- ref:0 ;
in:3352 out:3352 type:B dur:2 cpbdur:2 q:27.81 aq:21.26 tex:640 mv:99 misc:229 imb:5 pmb:12 smb:903 d:- ref:0 ;
in:3351 out:3353 type:b dur:2 cpbdur:2 q:27.82 aq:25.68 tex:376 mv:46 misc:162 imb:0 pmb:8 smb:912 d:- ref:0 ;
in:3353 out:3354 type:b dur:2 cpbdur:2 q:27.81 aq:21.00 tex:31 mv:41 misc:176 imb:1 pmb:8 smb:911 d:- ref:0 ;
in:3358 out:3355 type:P dur:2 cpbdur:2 q:27.77 aq:18.31 tex:7850 mv:444 misc:850 imb:13 pmb:191 smb:716 d:- ref:0 ;
in:3356 out:3356 type:B dur:2 cpbdur:2 q:27.79 aq:21.39 tex:680 mv:86 misc:242 imb:1 pmb:21 smb:898 d:- ref:0 ;
in:3355 out:3357 type:b dur:2 cpbdur:2 q:27.80 aq:23.11 tex:488 mv:52 misc:164 imb:0 pmb:10 smb:910 d:- ref:0 ;
in:3357 out:3358 type:b dur:2 cpbdur:2 q:27.78 aq:21.00 tex:21 mv:27 misc:152 imb:0 pmb:8 smb:912 d:- ref:0 ;
in:3362 out:3359 type:P dur:2 cpbdur:2 q:27.70 aq:17.82 tex:9459 mv:655 misc:894 imb:20 pmb:234 smb:666 d:- ref:0 ;
in:3360 out:3360 type:B dur:2 cpbdur:2 q:27.73 aq:21.66 tex:697 mv:103 misc:312 imb:1 pmb:32 smb:887 d:- ref:0 ;
in:3359 out:3361 type:b dur:2 cpbdur:2 q:27.75 aq:23.87 tex:327 mv:71 misc:178 imb:0 pmb:14 smb:906 d:- ref:0 ;
in:3361 out:3362 type:b dur:2 cpbdur:2 q:27.72 aq:30.70 tex:310 mv:26 misc:168 imb:0 pmb:8 smb:912 d:- ref:0 ;
in:3366 out:3363 type:P dur:2 cpbdur:2 q:27.65 aq:19.19 tex:3717 mv:255 misc:652 imb:10 pmb:108 smb:802 d:- ref:0 ;
in:3364 out:3364 type:B dur:2 cpbdur:2 q:27.68 aq:22.39 tex:228 mv:55 misc:261 imb:2 pmb:16 smb:902 d:- ref:0 ;
in:3363 out:3365 type:b dur:2 cpbdur:2 q:27.69 aq:21.00 tex:3 mv:10 misc:131 imb:1 pmb:0 smb:919 d:- ref:0 ;
in:3365 out:3366 type:b dur:2 cpbdur:2 q:27.66 aq:28.24 tex:67 mv:21 misc:152 imb:1 pmb:3 smb:916 d:- ref:0 ;
in:3370 out:3367 type:P dur:2 cpbdur:2 q:27.59 aq:18.32 tex:12223 mv:782 misc:987 imb:26 pmb:324 smb:570 d:- ref:0 ;
in:3368 out:3368 type:B dur:2 cpbdur:2 q:27.62 aq:21.80 tex:276 mv:84 misc:248 imb:1 pmb:18 smb:901 d:- ref:0 ;
in:3367 out:3369 type:b dur:2 cpbdur:2 q:27.64 aq:21.00 tex:9 mv:4 misc:131 imb:0 pmb:1 smb:919 d:- ref:0 ;
in:3369 out:3370 type:b dur:2 cpbdur:2 q:27.61 aq:24.71 tex:201 mv:51 misc:196 imb:2 pmb:10 smb:908 d:- ref:0 ;
in:3374 out:3371 type:P dur:2 cpbdur:2 q:27.55 aq:17.28 tex:16929 mv:1461 misc:1002 imb:24 pmb:404 smb:492 d:- ref:0 ;
in:3372 out:3372 type:B dur:2 cpbdur:2 q:27.57 aq:20.47 tex:155 mv:82 misc:275 imb:2 pmb:22 smb:896 d:- ref:0 ;
in:3371 out:3373 type:b dur:2 cpbdur:2 q:27.58 aq:22.86 tex:940 mv:98 misc:186 imb:0 pmb:13 smb:907 d:- ref:0 ;
in:3373 out:3374 type:b dur:2 cpbdur:2 q:27.56 aq:21.00 tex:11 mv:3 misc:130 imb:0 pmb:1 smb:919 d:- ref:0 ;
in:3378 out:3375 type:P dur:2 cpbdur:2 q:27.51 aq:17.09 tex:9369 mv:532 misc:811 imb:11 pmb:191 smb:718 d:- ref:0 ;
in:3376 out:3376 type:B dur:2 cpbdur:2 q:27.53 aq:23.02 tex:1493 mv:172 misc:239 imb:1 pmb:20 smb:899 d:- ref:0 ;
in:3375 out:3377 type:b dur:2 cpbdur:2 q:27.54 aq:23.18 tex:1306 mv:63 misc:167 imb:0 pmb:11 smb:909 d:- ref:0 ;
in:3377 out:3378 type:b dur:2 cpbdur:2 q:27.52 aq:19.53 tex:62 mv:30 misc:156 imb:0 pmb:8 smb:912 d:- ref:0 ;
in:3382 out:3379 type:P dur:2 cpbdur:2 q:27.46 aq:17.62 tex:9407 mv:407 misc:770 imb:9 pmb:159 smb:752 d:- ref:0 ;
in:3380 out:3380 type:B dur:2 cpbdur:2 q:27.49 aq:23.14 tex:1317 mv:128 misc:211 imb:3 pmb:17 smb:900 d:- ref:0 ;
in:3379 out:3381 type:b dur:2 cpbdur:2 q:27.50 aq:22.93 tex:1407 mv:145 misc:176 imb:0 pmb:13 smb:907 d:- ref:0 ;
in:3381 out:3382 type:b dur:2 cpbdur:2 q:27.48 aq:19.47 tex:380 mv:35 misc:161 imb:0 pmb:9 smb:911 d:- ref:0 ;
in:3386 out:3383 type:P dur:2 cpbdur:2 q:27.41 aq:16.83 tex:5595 mv:265 misc:604 imb:5 pmb:105 smb:810 d:- ref:0 ;
in:3384 out:3384 type:B dur:2 cpbdur:2 q:27.44 aq:22.36 tex:406 mv:52 misc:214 imb:1 pmb:11 smb:908 d:- ref:0 ;
in:3383 out:3385 type:b dur:2 cpbdur:2 q:27.45 aq:21.02 tex:89 mv:21 misc:194 imb:0 pmb:9 smb:911 d:- ref:0 ;
in:3385 out:3386 type:b dur:2 cpbdur:2 q:27.42 aq:18.93 tex:538 mv:24 misc:150 imb:0 pmb:6 smb:914 d:- ref:0 ;
in:3390 out:3387 type:P dur:2 cpbdur:2 q:27.35 aq:17.24 tex:7561 mv:296 misc:703 imb:6 pmb:146 smb:768 d:- ref:0 ;
in:3388 out:3388 type:B dur:2 cpbdur:2 q:27.38 aq:20.70 tex:1032 mv:74 misc:238 imb:2 pmb:15 smb:903 d:- ref:0 ;
in:3387 out:3389 type:b dur:2 cpbdur:2 q:27.40 aq:20.24 tex:39 mv:30 misc:171 imb:0 pmb:9 smb:911 d:- ref:0 ;
in:3389 out:3390 type:b dur:2 cpbdur:2 q:27.37 aq:29.89 tex:537 mv:45 misc:154 imb:0 pmb:6 smb:914 d:- ref:0 ;
in:3394 out:3391 type:P dur:2 cpbdur:2 q:27.31 aq:17.40 tex:10704 mv:474 misc:830 imb:5 pmb:214 smb:701 d:- ref:0 ;
in:3392 out:3392 type:B dur:2 cpbdur:2 q:27.33 aq:21.71 tex:1833 mv:133 misc:250 imb:1 pmb:21 smb:898 d:- ref:0 ;
in:3391 out:3393 type:b dur:2 cpbdur:2 q:27.34 aq:29.98 tex:914 mv:84 misc:146 imb:0 pmb:9 smb:911 d:- ref:0 ;
in:3393 out:3394 type:b dur:2 cpbdur:2 q:27.32 aq:20.00 tex:6 mv:22 misc:140 imb:0 pmb:6 smb:914 d:- ref:0 ;
in:3398 out:3395 type:P dur:2 cpbdur:2 q:27.27 aq:16.53 tex:20028 mv:895 misc:989 imb:11 pmb:420 smb:489 d:- ref:0 ;
in:3396 out:3396 type:B dur:2 cpbdur:2 q:27.29 aq:19.99 tex:877 mv:138 misc:257 imb:1 pmb:25 smb:894 d:- ref:0 ;
in:3395 out:3397 type:b dur:2 cpbdur:2 q:27.30 aq:20.00 tex:16 mv:31 misc:153 imb:0 pmb:8 smb:912 d:- ref:0 ;
in:3397 out:3398 type:b dur:2 cpbdur:2 q:27.28 aq:20.29 tex:84 mv:35 misc:169 imb:0 pmb:9 smb:911 d:- ref:0 ;
in:3402 out:3399 type:P dur:2 cpbdur:2 q:27.24 aq:14.90 tex:10590 mv:421 misc:845 imb:6 pmb:201 smb:713 d:- ref:0 ;
in:3400 out:3400 type:B dur:2 cpbdur:2 q:27.25 aq:21.24 tex:960 mv:114 misc:206 imb:2 pmb:13 smb:905 d:- ref:0 ;
in:3399 out:3401 type:b dur:2 cpbdur:2 q:27.26 aq:28.41 tex:472 mv:33 misc:135 imb:0 pmb:6 smb:914 d:- ref:0 ;
in:3401 out:3402 type:b dur:2 cpbdur:2 q:27.24 aq:28.49 tex:460 mv:32 misc:140 imb:0 pmb:5 smb:915 d:- ref:0 ;
in:3406 out:3403 type:P dur:2 cpbdur:2 q:27.18 aq:15.90 tex:9981 mv:339 misc:816 imb:8 pmb:182 smb:730 d:- ref:0 ;
in:3404 out:3404 type:B dur:2 cpbdur:2 q:27.21 aq:25.89 tex:1055 mv:77 misc:172 imb:2 pmb:8 smb:910 d:- ref:0 ;
in:3403 out:3405 type:b dur:2 cpbdur:2 q:27.22 aq:20.00 tex:7 mv:27 misc:150 imb:0 pmb:7 smb:913 d:- ref:0 ;
in:3405 out:3406 type:b dur:2 cpbdur:2 q:27.20 aq:29.25 tex:722 mv:64 misc:150 imb:0 pmb:7 smb:913 d:- ref:0 ;
in:3410 out:3407 type:P dur:2 cpbdur:2 q:27.13 aq:16.44 tex:7415 mv:288 misc:721 imb:8 pmb:133 smb:779 d:- ref:0 ;
in:3408 out:3408 type:B dur:2 cpbdur:2 q:27.16 aq:27.61 tex:420 mv:40 misc:204 imb:1 pmb:8 smb:911 d:- ref:0 ;
in:3407 out:3409 type:b dur:2 cpbdur:2 q:27.17 aq:20.00 tex:4 mv:17 misc:147 imb:0 pmb:5 smb:915 d:- ref:0 ;
in:3409 out:3410 type:b dur:2 cpbdur:2 q:27.14 aq:29.92 tex:213 mv:15 misc:132 imb:0 pmb:4 smb:916 d:- ref:0 ;
in:3414 out:3411 type:P dur:2 cpbdur:2 q:27.08 aq:14.53 tex:4212 mv:151 misc:589 imb:3 pmb:98 smb:819 d:- ref:0 ;
in:3412 out:3412 type:B dur:2 cpbdur:2 q:27.10 aq:26.40 tex:171 mv:29 misc:176 imb:1 pmb:5 smb:914 d:- ref:0 ;
in:3411 out:3413 type:b dur:2 cpbdur:2 q:27.12 aq:30.00 tex:63 mv:9 misc:136 imb:0 pmb:2 smb:918 d:- ref:0 ;
in:3413 out:3414 type:b dur:2 cpbdur:2 q:27.09 aq:20.00 tex:2 mv:12 misc:138 imb:0 pmb:3 smb:917 d:- ref:0 ;
in:3418 out:3415 type:P dur:2 cpbdur:2 q:27.03 aq:14.42 tex:3671 mv:153 misc:560 imb:3 pmb:81 smb:836 d:- ref:0 ;
in:3416 out:3416 type:B dur:2 cpbdur:2 q:27.05 aq:26.62 tex:82 mv:17 misc:165 imb:1 pmb:2 smb:917 d:- ref:0 ;
in:3415 out:3417 type:b dur:2 cpbdur:2 q:27.07 aq:20.00 tex:1 mv:4 misc:131 imb:0 pmb:1 smb:919 d:- ref:0 ;
in:3417 out:3418 type:b dur:2 cpbdur:2 q:27.04 aq:20.00 tex:2 mv:7 misc:135 imb:0 pmb:2 smb:918 d:- ref:0 ;
in:3422 out:3419 type:P dur:2 cpbdur:2 q:26.98 aq:16.25 tex:4950 mv:176 misc:482 imb:4 pmb:63 smb:853 d:- ref:0 ;
in:3420 out:3420 type:B dur:2 cpbdur:2 q:27.00 aq:25.39 tex:465 mv:48 misc:183 imb:1 pmb:8 smb:911 d:- ref:0 ;
in:3419 out:3421 type:b dur:2 cpbdur:2 q:27.02 aq:29.16 tex:199 mv:11 misc:142 imb:0 pmb:3 smb:917 d:- ref:0 ;
in:3421 out:3422 type:b dur:2 cpbdur:2 q:26.99 aq:29.16 tex:503 mv:41 misc:144 imb:0 pmb:6 smb:914 d:- ref:0 ;
in:3426 out:3423 type:P dur:2 cpbdur:2 q:26.92 aq:16.98 tex:6652 mv:213 misc:503 imb:5 pmb:77 smb:838 d:- ref:0 ;
in:3424 out:3424 type:B dur:2 cpbdur:2 q:26.95 aq:26.08 tex:718 mv:86 misc:188 imb:1 pmb:10 smb:909 d:- ref:0 ;
in:3423 out:3425 type:b dur:2 cpbdur:2 q:26.96 aq:20.00 tex:5 mv:22 misc:141 imb:0 pmb:6 smb:914 d:- ref:0 ;
in:3425 out:3426 type:b dur:2 cpbdur:2 q:26.94 aq:28.42 tex:739 mv:68 misc:137 imb:0 pmb:8 smb:912 d:- ref:0 ;
in:3430 out:3427 type:P dur:2 cpbdur:2 q:26.87 aq:16.70 tex:11296 mv:531 misc:957 imb:8 pmb:271 smb:641 d:- ref:0 ;
in:3428 out:3428 type:B dur:2 cpbdur:2 q:26.89 aq:24.70 tex:926 mv:88 misc:194 imb:1 pmb:10 smb:909 d:- ref:0 ;
in:3427 out:3429 type:b dur:2 cpbdur:2 q:26.91 aq:20.00 tex:6 mv:28 misc:142 imb:1 pmb:5 smb:914 d:- ref:0 ;
in:3429 out:3430 type:b dur:2 cpbdur:2 q:26.88 aq:28.49 tex:509 mv:51 misc:144 imb:0 pmb:5 smb:915 d:- ref:0 ;
in:3434 out:3431 type:P dur:2 cpbdur:2 q:26.82 aq:15.75 tex:6214 mv:289 misc:625 imb:8 pmb:98 smb:814 d:- ref:0 ;
in:3432 out:3432 type:B dur:2 cpbdur:2 q:26.84 aq:22.76 tex:759 mv:113 misc:216 imb:3 pmb:10 smb:907 d:- ref:0 ;
in:3431 out:3433 type:b dur:2 cpbdur:2 q:26.85 aq:28.96 tex:714 mv:29 misc:153 imb:0 pmb:6 smb:914 d:- ref:0 ;
in:3433 out:3434 type:b dur:2 cpbdur:2 q:26.83 aq:29.13 tex:48 mv:20 misc:140 imb:0 pmb:5 smb:915 d:- ref:0 ;
in:3438 out:3435 type:P dur:2 cpbdur:2 q:26.77 aq:13.76 tex:4903 mv:196 misc:413 imb:7 pmb:61 smb:852 d:- ref:0 ;
in:3436 out:3436 type:B dur:2 cpbdur:2 q:26.79 aq:23.20 tex:1186 mv:125 misc:209 imb:4 pmb:12 smb:904 d:- ref:0 ;
in:3435 out:3437 type:b dur:2 cpbdur:2 q:26.81 aq:29.23 tex:341 mv:24 misc:139 imb:0 pmb:6 smb:914 d:- ref:0 ;
in:3437 out:3438 type:b dur:2 cpbdur:2 q:26.78 aq:26.69 tex:34 mv:29 misc:145 imb:1 pmb:5 smb:914 d:- ref:0 ;
in:3442 out:3439 type:P dur:2 cpbdur:2 q:26.71 aq:15.01 tex:5554 mv:237 misc:441 imb:10 pmb:54 smb:856 d:- ref:0 ;
in:3440 out:3440 type:B dur:2 cpbdur:2 q:26.74 aq:21.21 tex:786 mv:78 misc:208 imb:3 pmb:11 smb:906 d:- ref:0 ;
in:3439 out:3441 type:b dur:2 cpbdur:2 q:26.75 aq:25.13 tex:722 mv:57 misc:157 imb:0 pmb:8 smb:912 d:- ref:0 ;
in:3441 out:3442 type:b dur:2 cpbdur:2 q:26.73 aq:24.20 tex:256 mv:35 misc:141 imb:0 pmb:4 smb:916 d:- ref:0 ;
in:3446 out:3443 type:P dur:2 cpbdur:2 q:26.66 aq:16.83 tex:5522 mv:258 misc:652 imb:8 pmb:118 smb:794 d:- ref:0 ;
in:3444 out:3444 type:B dur:2 cpbdur:2 q:26.69 aq:21.00 tex:286 mv:39 misc:187 imb:1 pmb:7 smb:912 d:- ref:0 ;
in:3443 out:3445 type:b dur:2 cpbdur:2 q:26.70 aq:19.00 tex:2 mv:4 misc:130 imb:0 pmb:1 smb:919 d:- ref:0 ;
in:3445 out:3446 type:b dur:2 cpbdur:2 q:26.67 aq:27.66 tex:57 mv:9 misc:134 imb:0 pmb:2 smb:918 d:- ref:0 ;
in:3450 out:3447 type:P dur:2 cpbdur:2 q:26.61 aq:16.92 tex:12344 mv:670 misc:994 imb:11 pmb:324 smb:585 d:- ref:0 ;
in:3448 out:3448 type:B dur:2 cpbdur:2 q:26.64 aq:22.65 tex:536 mv:68 misc:212 imb:3 pmb:13 smb:904 d:- ref:0 ;
in:3447 out:3449 type:b dur:2 cpbdur:2 q:26.65 aq:19.13 tex:18 mv:13 misc:137 imb:1 pmb:1 smb:918 d:- ref:0 ;
in:3449 out:3450 type:b dur:2 cpbdur:2 q:26.63 aq:19.13 tex:21 mv:22 misc:149 imb:1 pmb:3 smb:916 d:- ref:0 ;
in:3454 out:3451 type:P dur:2 cpbdur:2 q:26.57 aq:16.69 tex:7637 mv:348 misc:775 imb:8 pmb:156 smb:756 d:- ref:0 ;
in:3452 out:3452 type:B dur:2 cpbdur:2 q:26.59 aq:20.98 tex:701 mv:71 misc:212 imb:2 pmb:10 smb:908 d:- ref:0 ;
in:3451 out:3453 type:b dur:2 cpbdur:2 q:26.60 aq:19.46 tex:489 mv:53 misc:154 imb:0 pmb:6 smb:914 d:- ref:0 ;
in:3453 out:3454 type:b dur:2 cpbdur:2 q:26.58 aq:17.97 tex:42 mv:38 misc:160 imb:1 pmb:7 smb:912 d:- ref:0 ;
in:3458 out:3455 type:P dur:2 cpbdur:2 q:26.51 aq:15.71 tex:16959 mv:745 misc:984 imb:12 pmb:337 smb:571 d:- ref:0 ;
in:3456 out:3456 type:B dur:2 cpbdur:2 q:26.54 aq:22.56 tex:1021 mv:68 misc:191 imb:1 pmb:11 smb:908 d:- ref:0 ;
in:3455 out:3457 type:b dur:2 cpbdur:2 q:26.56 aq:26.95 tex:502 mv:80 misc:162 imb:1 pmb:8 smb:911 d:- ref:0 ;
in:3457 out:3458 type:b dur:2 cpbdur:2 q:26.53 aq:26.43 tex:36 mv:30 misc:158 imb:1 pmb:6 smb:913 d:- ref:0 ;
in:3462 out:3459 type:P dur:2 cpbdur:2 q:26.47 aq:15.48 tex:8465 mv:290 misc:677 imb:6 pmb:145 smb:769 d:- ref:0 ;
in:3460 out:3460 type:B dur:2 cpbdur:2 q:26.49 aq:25.78 tex:1201 mv:76 misc:179 imb:0 pmb:12 smb:908 d:- ref:0 ;
in:3459 out:3461 type:b dur:2 cpbdur:2 q:26.50 aq:28.98 tex:286 mv:39 misc:131 imb:0 pmb:4 smb:916 d:- ref:0 ;
in:3461 out:3462 type:b dur:2 cpbdur:2 q:26.48 aq:28.98 tex:507 mv:55 misc:150 imb:0 pmb:7 smb:913 d:- ref:0 ;
in:3466 out:3463 type:P dur:2 cpbdur:2 q:26.40 aq:15.95 tex:5980 mv:262 misc:614 imb:3 pmb:113 smb:804 d:- ref:0 ;
in:3464 out:3464 type:B dur:2 cpbdur:2 q:26.44 aq:25.08 tex:382 mv:29 misc:181 imb:0 pmb:7 smb:913 d:- ref:0 ;
in:3463 out:3465 type:b dur:2 cpbdur:2 q:26.45 aq:19.00 tex:5 mv:17 misc:146 imb:0 pmb:4 smb:916 d:- ref:0 ;
in:3465 out:3466 type:b dur:2 cpbdur:2 q:26.42 aq:19.00 tex:0 mv:0 misc:120 imb:0 pmb:0 smb:920 d:- ref:0 ;
in:3470 out:3467 type:P dur:2 cpbdur:2 q:26.35 aq:14.52 tex:5693 mv:235 misc:656 imb:3 pmb:132 smb:785 d:- ref:0 ;
in:3468 out:3468 type:B dur:2 cpbdur:2 q:26.38 aq:20.87 tex:392 mv:116 misc:188 imb:3 pmb:14 smb:903 d:- ref:0 ;
in:3467 out:3469 type:b dur:2 cpbdur:2 q:26.39 aq:19.00 tex:4 mv:12 misc:152 imb:0 pmb:3 smb:917 d:- ref:0 ;
in:3469 out:3470 type:b dur:2 cpbdur:2 q:26.36 aq:19.00 tex:9 mv:3 misc:132 imb:0 pmb:1 smb:919 d:- ref:0 ;
in:3474 out:3471 type:P dur:2 cpbdur:2 q:26.29 aq:17.01 tex:9629 mv:426 misc:833 imb:9 pmb:209 smb:702 d:- ref:0 ;
in:3472 out:3472 type:B dur:2 cpbdur:2 q:26.32 aq:20.25 tex:688 mv:40 misc:184 imb:0 pmb:9 smb:911 d:- ref:0 ;
in:3471 out:3473 type:b dur:2 cpbdur:2 q:26.34 aq:23.34 tex:315 mv:57 misc:164 imb:0 pmb:12 smb:908 d:- ref:0 ;
in:3473 out:3474 type:b dur:2 cpbdur:2 q:26.31 aq:26.87 tex:56 mv:19 misc:141 imb:0 pmb:4 smb:916 d:- ref:0 ;
in:3478 out:3475 type:P dur:2 cpbdur:2 q:26.25 aq:15.68 tex:7843 mv:293 misc:680 imb:4 pmb:135 smb:781 d:- ref:0 ;
in:3476 out:3476 type:B dur:2 cpbdur:2 q:26.27 aq:20.12 tex:897 mv:94 misc:185 imb:3 pmb:7 smb:910 d:- ref:0 ;
in:3475 out:3477 type:b dur:2 cpbdur:2 q:26.28 aq:27.41 tex:304 mv:55 misc:137 imb:0 pmb:6 smb:914 d:- ref:0 ;
in:3477 out:3478 type:b dur:2 cpbdur:2 q:26.26 aq:19.00 tex:4 mv:25 misc:147 imb:0 pmb:7 smb:913 d:- ref:0 ;
in:3482 out:3479 type:P dur:2 cpbdur:2 q:26.20 aq:16.19 tex:9310 mv:324 misc:718 imb:4 pmb:150 smb:766 d:- ref:0 ;
in:3480 out:3480 type:B dur:2 cpbdur:2 q:26.23 aq:20.44 tex:1854 mv:109 misc:229 imb:0 pmb:17 smb:903 d:- ref:0 ;
in:3479 out:3481 type:b dur:2 cpbdur:2 q:26.24 aq:24.47 tex:715 mv:102 misc:159 imb:0 pmb:10 smb:910 d:- ref:0 ;
in:3481 out:3482 type:b dur:2 cpbdur:2 q:26.21 aq:27.14 tex:708 mv:48 misc:148 imb:0 pmb:8 smb:912 d:- ref:0 ;
in:3486 out:3483 type:P dur:2 cpbdur:2 q:26.15 aq:15.78 tex:15840 mv:457 misc:975 imb:10 pmb:314 smb:596 d:- ref:0 ;
in:3484 out:3484 type:B dur:2 cpbdur:2 q:26.17 aq:26.76 tex:1019 mv:114 misc:195 imb:0 pmb:12 smb:908 d:- ref:0 ;
in:3483 out:3485 type:b dur:2 cpbdur:2 q:26.19 aq:19.00 tex:5 mv:20 misc:143 imb:0 pmb:5 smb:915 d:- ref:0 ;
in:3485 out:3486 type:b dur:2 cpbdur:2 q:26.16 aq:21.63 tex:377 mv:38 misc:145 imb:0 pmb:5 smb:915 d:- ref:0 ;
in:3490 out:3487 type:P dur:2 cpbdur:2 q:26.10 aq:15.19 tex:8070 mv:261 misc:693 imb:5 pmb:147 smb:768 d:- ref:0 ;
in:3488 out:3488 type:B dur:2 cpbdur:2 q:26.12 aq:26.31 tex:704 mv:96 misc:200 imb:4 pmb:11 smb:905 d:- ref:0 ;
in:3487 out:3489 type:b dur:2 cpbdur:2 q:26.13 aq:25.70 tex:67 mv:37 misc:144 imb:1 pmb:7 smb:912 d:- ref:0 ;
in:3489 out:3490 type:b dur:2 cpbdur:2 q:26.11 aq:26.88 tex:108 mv:6 misc:134 imb:0 pmb:2 smb:918 d:- ref:0 ;
in:3494 out:3491 type:P dur:2 cpbdur:2 q:26.05 aq:14.80 tex:4785 mv:160 misc:559 imb:4 pmb:90 smb:826 d:- ref:0 ;
in:3492 out:3492 type:B dur:2 cpbdur:2 q:26.07 aq:24.46 tex:60 mv:22 misc:182 imb:1 pmb:3 smb:916 d:- ref:0 ;
in:3491 out:3493 type:b dur:2 cpbdur:2 q:26.09 aq:30.71 tex:122 mv:12 misc:138 imb:0 pmb:3 smb:917 d:- ref:0 ;
in:3493 out:3494 type:b dur:2 cpbdur:2 q:26.06 aq:19.00 tex:3 mv:9 misc:132 imb:1 pmb:0 smb:919 d:- ref:0 ;
in:3498 out:3495 type:P dur:2 cpbdur:2 q:25.99 aq:15.90 tex:4764 mv:150 misc:526 imb:2 pmb:82 smb:836 d:- ref:0 ;
in:3496 out:3496 type:B dur:2 cpbdur:2 q:26.02 aq:25.67 tex:292 mv:25 misc:179 imb:1 pmb:4 smb:915 d:- ref:0 ;
in:3495 out:3497 type:b dur:2 cpbdur:2 q:26.03 aq:26.88 tex:132 mv:16 misc:148 imb:1 pmb:2 smb:917 d:- ref:0 ;
in:3497 out:3498 type:b dur:2 cpbdur:2 q:26.01 aq:19.00 tex:3 mv:11 misc:138 imb:0 pmb:3 smb:917 d:- ref:0 ;
in:3501 out:3499 type:P dur:2 cpbdur:2 q:25.94 aq:15.46 tex:4465 mv:141 misc:562 imb:3 pmb:80 smb:837 d:- ref:0 ;
in:3499 out:3500 type:B dur:2 cpbdur:2 q:25.97 aq:25.88 tex:482 mv:41 misc:165 imb:1 pmb:3 smb:916 d:- ref:0 ;
in:3500 out:3501 type:b dur:2 cpbdur:2 q:25.95 aq:27.67 tex:258 mv:17 misc:133 imb:0 pmb:3 smb:917 d:- ref:0 ;
in:3505 out:3502 type:P dur:2 cpbdur:2 q:25.89 aq:15.77 tex:5401 mv:200 misc:679 imb:4 pmb:117 smb:799 d:- ref:0 ;
in:3503 out:3503 type:B dur:2 cpbdur:2 q:25.91 aq:24.88 tex:226 mv:26 misc:180 imb:1 pmb:4 smb:915 d:- ref:0 ;
in:3502 out:3504 type:b dur:2 cpbdur:2 q:25.92 aq:19.00 tex:3 mv:11 misc:138 imb:0 pmb:3 smb:917 d:- ref:0 ;
in:3504 out:3505 type:b dur:2 cpbdur:2 q:25.90 aq:26.86 tex:40 mv:3 misc:133 imb:0 pmb:1 smb:919 d:- ref:0 ;
in:3509 out:3506 type:P dur:2 cpbdur:2 q:25.84 aq:14.88 tex:2746 mv:123 misc:443 imb:2 pmb:55 smb:863 d:- ref:0 ;
in:3507 out:3507 type:B dur:2 cpbdur:2 q:25.86 aq:17.00 tex:27 mv:30 misc:191 imb:1 pmb:5 smb:914 d:- ref:0 ;
in:3506 out:3508 type:b dur:2 cpbdur:2 q:25.88 aq:26.88 tex:93 mv:10 misc:137 imb:0 pmb:2 smb:918 d:- ref:0 ;
in:3508 out:3509 type:b dur:2 cpbdur:2 q:25.85 aq:19.00 tex:0 mv:0 misc:120 imb:0 pmb:0 smb:920 d:- ref:0 ;
in:3513 out:3510 type:P dur:2 cpbdur:2 q:25.78 aq:13.75 tex:1460 mv:97 misc:371 imb:2 pmb:37 smb:881 d:- ref:0 ;
in:3511 out:3511 type:B dur:2 cpbdur:2 q:25.81 aq:17.00 tex:26 mv:28 misc:186 imb:1 pmb:4 smb:915 d:- ref:0 ;
in:3510 out:3512 type:b dur:2 cpbdur:2 q:25.82 aq:19.00 tex:0 mv:0 misc:120 imb:0 pmb:0 smb:920 d:- ref:0 ;
in:3512 out:3513 type:b dur:2 cpbdur:2 q:25.79 aq:19.00 tex:1 mv:4 misc:131 imb:0 pmb:1 smb:919 d:- ref:0 ;
in:3517 out:3514 type:P dur:2 cpbdur:2 q:25.72 aq:15.26 tex:4925 mv:234 misc:609 imb:3 pmb:104 smb:813 d:- ref:0 ;
in:3515 out:3515 type:B dur:2 cpbdur:2 q:25.75 aq:19.94 tex:600 mv:49 misc:207 imb:1 pmb:8 smb:911 d:- ref:0 ;
in:3514 out:3516 type:b dur:2 cpbdur:2 q:25.76 aq:26.60 tex:307 mv:11 misc:146 imb:0 pmb:5 smb:915 d:- ref:0 ;
in:3516 out:3517 type:b dur:2 cpbdur:2 q:25.73 aq:19.00 tex:14 mv:21 misc:149 imb:0 pmb:5 smb:915 d:- ref:0 ;
in:3521 out:3518 type:P dur:2 cpbdur:2 q:25.66 aq:14.24 tex:2880 mv:119 misc:329 imb:3 pmb:29 smb:888 d:- ref:0 ;
in:3519 out:3519 type:B dur:2 cpbdur:2 q:25.69 aq:24.65 tex:123 mv:31 misc:182 imb:1 pmb:5 smb:914 d:- ref:0 ;
in:3518 out:3520 type:b dur:2 cpbdur:2 q:25.71 aq:19.00 tex:2 mv:4 misc:130 imb:0 pmb:1 smb:919 d:- ref:0 ;
in:3520 out:3521 type:b dur:2 cpbdur:2 q:25.68 aq:26.60 tex:351 mv:33 misc:144 imb:0 pmb:4 smb:916 d:- ref:0 ;
in:3525 out:3522 type:P dur:2 cpbdur:2 q:25.60 aq:15.62 tex:3097 mv:265 misc:582 imb:3 pmb:87 smb:830 d:- ref:0 ;
in:3523 out:3523 type:B dur:2 cpbdur:2 q:25.63 aq:20.33 tex:242 mv:42 misc:204 imb:1 pmb:8 smb:911 d:- ref:0 ;
in:3522 out:3524 type:b dur:2 cpbdur:2 q:25.65 aq:19.00 tex:21 mv:15 misc:156 imb:0 pmb:4 smb:916 d:- ref:0 ;
in:3524 out:3525 type:b dur:2 cpbdur:2 q:25.61 aq:18.00 tex:0 mv:0 misc:128 imb:0 pmb:0 smb:920 d:- ref:0 ;
in:3529 out:3526 type:P dur:2 cpbdur:2 q:25.54 aq:14.71 tex:2969 mv:287 misc:568 imb:4 pmb:92 smb:824 d:- ref:0 ;
in:3527 out:3527 type:B dur:2 cpbdur:2 q:25.57 aq:18.59 tex:187 mv:61 misc:240 imb:1 pmb:14 smb:905 d:- ref:0 ;
in:3526 out:3528 type:b dur:2 cpbdur:2 q:25.58 aq:18.00 tex:20 mv:15 misc:165 imb:0 pmb:4 smb:916 d:- ref:0 ;
in:3528 out:3529 type:b dur:2 cpbdur:2 q:25.56 aq:18.57 tex:54 mv:23 misc:171 imb:1 pmb:4 smb:915 d:- ref:0 ;
in:3533 out:3530 type:P dur:2 cpbdur:2 q:25.48 aq:16.15 tex:2205 mv:159 misc:444 imb:4 pmb:49 smb:867 d:- ref:0 ;
in:3531 out:3531 type:B dur:2 cpbdur:2 q:25.51 aq:19.57 tex:274 mv:63 misc:255 imb:1 pmb:15 smb:904 d:- ref:0 ;
in:3530 out:3532 type:b dur:2 cpbdur:2 q:25.53 aq:26.64 tex:70 mv:12 misc:158 imb:0 pmb:3 smb:917 d:- ref:0 ;
in:3532 out:3533 type:b dur:2 cpbdur:2 q:25.50 aq:18.84 tex:96 mv:26 misc:182 imb:1 pmb:6 smb:913 d:- ref:0 ;
in:3537 out:3534 type:P dur:2 cpbdur:2 q:25.41 aq:17.81 tex:3988 mv:151 misc:389 imb:4 pmb:39 smb:877 d:- ref:0 ;
in:3535 out:3535 type:B dur:2 cpbdur:2 q:25.45 aq:20.85 tex:911 mv:73 misc:240 imb:1 pmb:16 smb:903 d:- ref:0 ;
in:3534 out:3536 type:b dur:2 cpbdur:2 q:25.47 aq:23.02 tex:318 mv:36 misc:174 imb:1 pmb:6 smb:913 d:- ref:0 ;
in:3536 out:3537 type:b dur:2 cpbdur:2 q:25.43 aq:20.97 tex:1068 mv:80 misc:188 imb:0 pmb:12 smb:908 d:- ref:0 ;
in:3541 out:3538 type:P dur:2 cpbdur:2 q:25.35 aq:18.11 tex:3467 mv:183 misc:326 imb:2 pmb:32 smb:886 d:- ref:0 ;
in:3539 out:3539 type:B dur:2 cpbdur:2 q:25.38 aq:19.79 tex:1481 mv:142 misc:257 imb:1 pmb:20 smb:899 d:- ref:0 ;
in:3538 out:3540 type:b dur:2 cpbdur:2 q:25.40 aq:18.74 tex:47 mv:44 misc:189 imb:1 pmb:9 smb:910 d:- ref:0 ;
in:3540 out:3541 type:b dur:2 cpbdur:2 q:25.36 aq:26.40 tex:1159 mv:95 misc:178 imb:1 pmb:10 smb:909 d:- ref:0 ;
in:3543 out:3542 type:P dur:2 cpbdur:2 q:25.28 aq:24.12 tex:2010 mv:93 misc:257 imb:1 pmb:16 smb:903 d:- ref:0 ;
in:3542 out:3543 type:b dur:2 cpbdur:2 q:25.31 aq:25.32 tex:131 mv:59 misc:186 imb:2 pmb:10 smb:908 d:- ref:0 ;
in:3544 out:3544 type:I dur:2 cpbdur:2 q:22.69 aq:17.69 tex:120143 mv:32918 misc:115 imb:920 pmb:0 smb:0 d:- ref:;
in:3548 out:3545 type:P dur:2 cpbdur:2 q:25.35 aq:21.13 tex:110841 mv:9681 misc:238 imb:387 pmb:532 smb:1 d:- ref:0 w:6,87,-6,6,84,-40,87,-46 ;
in:3546 out:3546 type:B dur:2 cpbdur:2 q:25.35 aq:21.97 tex:70005 mv:12440 misc:331 imb:235 pmb:657 smb:28 d:- ref:0 ;
in:3545 out:3547 type:b dur:2 cpbdur:2 q:25.35 aq:21.59 tex:404 mv:69 misc:303 imb:0 pmb:32 smb:888 d:- ref:0 ;
in:3547 out:3548 type:b dur:2 cpbdur:2 q:25.35 aq:24.39 tex:32127 mv:8549 misc:676 imb:75 pmb:608 smb:237 d:- ref:0 ;
in:3552 out:3549 type:P dur:2 cpbdur:2 q:25.38 aq:21.20 tex:90593 mv:9375 misc:256 imb:259 pmb:644 smb:17 d:- ref:0 ;
in:3550 out:3550 type:B dur:2 cpbdur:2 q:25.37 aq:22.04 tex:46898 mv:10802 misc:620 imb:76 pmb:699 smb:145 d:- ref:0 ;
in:3549 out:3551 type:b dur:2 cpbdur:2 q:25.36 aq:22.96 tex:529 mv:89 misc:302 imb:1 pmb:33 smb:886 d:- ref:0 ;
in:3551 out:3552 type:b dur:2 cpbdur:2 q:25.38 aq:24.41 tex:23413 mv:7795 misc:808 imb:28 pmb:601 smb:291 d:- ref:0 ;
in:3556 out:3553 type:P dur:2 cpbdur:2 q:25.40 aq:21.62 tex:84028 mv:9508 misc:280 imb:262 pmb:629 smb:29 d:- ref:0 ;
in:3554 out:3554 type:B dur:2 cpbdur:2 q:25.39 aq:22.03 tex:40744 mv:9992 misc:680 imb:60 pmb:682 smb:178 d:- ref:0 ;
in:3553 out:3555 type:b dur:2 cpbdur:2 q:25.39 aq:20.20 tex:524 mv:183 misc:341 imb:1 pmb:48 smb:871 d:- ref:0 ;
in:3555 out:3556 type:b dur:2 cpbdur:2 q:25.39 aq:23.67 tex:23353 mv:8190 misc:809 imb:43 pmb:557 smb:320 d:- ref:0 ;
in:3560 out:3557 type:P dur:2 cpbdur:2 q:25.56 aq:21.69 tex:91335 mv:9456 misc:281 imb:325 pmb:571 smb:24 d:- ref:0 ;
in:3558 out:3558 type:B dur:2 cpbdur:2 q:25.48 aq:22.13 tex:50166 mv:11861 misc:589 imb:90 pmb:701 smb:129 d:- ref:0 ;
in:3557 out:3559 type:b dur:2 cpbdur:2 q:25.44 aq:20.16 tex:391 mv:181 misc:316 imb:4 pmb:34 smb:882 d:- ref:0 ;
in:3559 out:3560 type:b dur:2 cpbdur:2 q:25.52 aq:23.97 tex:22262 mv:7995 misc:823 imb:38 pmb:581 smb:301 d:- ref:0 ;
in:3564 out:3561 type:P dur:2 cpbdur:2 q:25.72 aq:22.35 tex:85635 mv:9629 misc:288 imb:303 pmb:589 smb:28 d:- ref:0 ;
in:3562 out:3562 type:B dur:2 cpbdur:2 q:25.64 aq:23.24 tex:41425 mv:11419 misc:692 imb:64 pmb:685 smb:171 d:- ref:0 ;
in:3561 out:3563 type:b dur:2 cpbdur:2 q:25.60 aq:24.53 tex:21084 mv:8102 misc:870 imb:29 pmb:549 smb:342 d:- ref:0 ;
in:3563 out:3564 type:b dur:2 cpbdur:2 q:25.68 aq:24.54 tex:22955 mv:8592 misc:813 imb:38 pmb:592 smb:290 d:- ref:0 ;
in:3568 out:3565 type:P dur:2 cpbdur:2 q:25.87 aq:22.81 tex:93019 mv:9630 misc:287 imb:355 pmb:545 smb:20 d:- ref:0 ;
in:3566 out:3566 type:B dur:2 cpbdur:2 q:25.79 aq:23.52 tex:45293 mv:12098 misc:625 imb:93 pmb:680 smb:147 d:- ref:0 ;
in:3565 out:3567 type:b dur:2 cpbdur:2 q:25.75 aq:24.55 tex:23847 mv:9295 misc:818 imb:69 pmb:596 smb:255 d:- ref:0 ;
in:3567 out:3568 type:b dur:2 cpbdur:2 q:25.83 aq:24.75 tex:23451 mv:8903 misc:782 imb:48 pmb:595 smb:277 d:- ref:0 ;
in:3570 out:3569 type:P dur:2 cpbdur:2 q:26.02 aq:23.18 tex:67223 mv:8960 misc:425 imb:208 pmb:651 smb:61 d:- ref:0 ;
in:3569 out:3570 type:b dur:2 cpbdur:2 q:25.94 aq:24.77 tex:19928 mv:8608 misc:816 imb:34 pmb:581 smb:305 d:- ref:0 ;
in:3571 out:3571 type:P dur:2 cpbdur:2 q:26.07 aq:21.66 tex:835 mv:259 misc:442 imb:4 pmb:54 smb:862 d:- ref:0 ;
in:3572 out:3572 type:I dur:2 cpbdur:2 q:22.73 aq:16.95 tex:176315 mv:29822 misc:119 imb:920 pmb:0 smb:0 d:- ref:;
in:3575 out:3573 type:P dur:2 cpbdur:2 q:26.26 aq:20.39 tex:39649 mv:4517 misc:810 imb:49 pmb:605 smb:266 d:- ref:0 ;
in:3573 out:3574 type:B dur:2 cpbdur:2 q:26.26 aq:24.16 tex:6454 mv:2418 misc:632 imb:3 pmb:215 smb:702 d:- ref:0 ;
in:3574 out:3575 type:b dur:2 cpbdur:2 q:26.26 aq:24.59 tex:6383 mv:2269 misc:500 imb:4 pmb:154 smb:762 d:- ref:0 ;
in:3579 out:3576 type:P dur:2 cpbdur:2 q:26.35 aq:21.29 tex:50115 mv:5993 misc:676 imb:96 pmb:652 smb:172 d:- ref:0 ;
in:3577 out:3577 type:B dur:2 cpbdur:2 q:26.30 aq:24.01 tex:8407 mv:3527 misc:850 imb:6 pmb:330 smb:584 d:- ref:0 ;
in:3576 out:3578 type:b dur:2 cpbdur:2 q:26.28 aq:19.14 tex:124 mv:259 misc:473 imb:0 pmb:92 smb:828 d:- ref:0 ;
in:3578 out:3579 type:b dur:2 cpbdur:2 q:26.33 aq:27.09 tex:4136 mv:2343 misc:713 imb:1 pmb:218 smb:701 d:- ref:0 ;
in:3583 out:3580 type:P dur:2 cpbdur:2 q:26.45 aq:20.92 tex:55364 mv:6714 misc:522 imb:202 pmb:631 smb:87 d:- ref:0 ;
in:3581 out:3581 type:B dur:2 cpbdur:2 q:26.40 aq:25.04 tex:8696 mv:4208 misc:912 imb:24 pmb:355 smb:541 d:- ref:0 ;
in:3580 out:3582 type:b dur:2 cpbdur:2 q:26.37 aq:21.83 tex:263 mv:308 misc:581 imb:2 pmb:131 smb:787 d:- ref:0 ;
in:3582 out:3583 type:b dur:2 cpbdur:2 q:26.43 aq:25.35 tex:7652 mv:3668 misc:928 imb:27 pmb:329 smb:564 d:- ref:0 ;
in:3587 out:3584 type:P dur:2 cpbdur:2 q:26.50 aq:21.31 tex:51702 mv:6862 misc:460 imb:177 pmb:670 smb:73 d:- ref:0 ;
in:3585 out:3585 type:B dur:2 cpbdur:2 q:26.47 aq:24.55 tex:7872 mv:4642 misc:958 imb:27 pmb:403 smb:490 d:- ref:0 ;
in:3584 out:3586 type:b dur:2 cpbdur:2 q:26.46 aq:21.74 tex:357 mv:209 misc:370 imb:3 pmb:52 smb:865 d:- ref:0 ;
in:3586 out:3587 type:b dur:2 cpbdur:2 q:26.49 aq:25.07 tex:5886 mv:3338 misc:888 imb:25 pmb:316 smb:579 d:- ref:0 ;
in:3591 out:3588 type:P dur:2 cpbdur:2 q:26.51 aq:22.41 tex:37601 mv:6060 misc:675 imb:149 pmb:619 smb:152 d:- ref:0 ;
in:3589 out:3589 type:B dur:2 cpbdur:2 q:26.50 aq:24.04 tex:7874 mv:4047 misc:927 imb:21 pmb:347 smb:552 d:- ref:0 ;
in:3588 out:3590 type:b dur:2 cpbdur:2 q:26.50 aq:22.15 tex:437 mv:548 misc:711 imb:0 pmb:177 smb:743 d:- ref:0 ;
in:3590 out:3591 type:b dur:2 cpbdur:2 q:26.51 aq:25.60 tex:5350 mv:2944 misc:818 imb:13 pmb:268 smb:639 d:- ref:0 ;
in:3595 out:3592 type:P dur:2 cpbdur:2 q:26.49 aq:23.60 tex:36730 mv:6963 misc:643 imb:171 pmb:628 smb:121 d:- ref:0 ;
in:3593 out:3593 type:B dur:2 cpbdur:2 q:26.50 aq:23.87 tex:10506 mv:4655 misc:919 imb:18 pmb:445 smb:457 d:- ref:0 ;
in:3592 out:3594 type:b dur:2 cpbdur:2 q:26.50 aq:25.44 tex:5499 mv:3177 misc:820 imb:26 pmb:278 smb:616 d:- ref:0 ;
in:3594 out:3595 type:b dur:2 cpbdur:2 q:26.49 aq:25.41 tex:5293 mv:2813 misc:846 imb:17 pmb:264 smb:639 d:- ref:0 ;
in:3597 out:3596 type:P dur:2 cpbdur:2 q:26.48 aq:25.46 tex:10807 mv:3360 misc:969 imb:80 pmb:350 smb:490 d:- ref:0 ;
in:3596 out:3597 type:b dur:2 cpbdur:2 q:26.49 aq:24.83 tex:1141 mv:873 misc:738 imb:8 pmb:186 smb:726 d:- ref:0 ;
in:3598 out:3598 type:P dur:2 cpbdur:2 q:26.45 aq:22.23 tex:80475 mv:6877 misc:240 imb:862 pmb:58 smb:0 d:- ref:0 w:2,3,9,4,31,-128,29,-98 ;
in:3599 out:3599 type:I dur:2 cpbdur:2 q:23.32 aq:20.96 tex:194291 mv:33838 misc:135 imb:920 pmb:0 smb:0 d:- ref:w:2,3,9,4,31,-128,29,-98 ;
in:3600 out:3600 type:P dur:2 cpbdur:2 q:26.62 aq:25.85 tex:19529 mv:3046 misc:865 imb:19 pmb:492 smb:409 d:- ref:0 ;
in:3601 out:3601 type:P dur:2 cpbdur:2 q:26.63 aq:24.96 tex:1110 mv:208 misc:442 imb:3 pmb:54 smb:863 d:- ref:0 ;
in:3602 out:3602 type:i dur:2 cpbdur:2 q:23.36 aq:18.99 tex:286274 mv:37060 misc:122 imb:920 pmb:0 smb:0 d:- ref:;
in:3604 out:3603 type:P dur:2 cpbdur:2 q:26.85 aq:23.07 tex:67334 mv:5365 misc:597 imb:54 pmb:728 smb:138 d:- ref:0 ;
in:3603 out:3604 type:b dur:2 cpbdur:2 q:26.85 aq:29.68 tex:9041 mv:2868 misc:627 imb:8 pmb:201 smb:711 d:- ref:0 ;
in:3608 out:3605 type:P dur:2 cpbdur:2 q:26.89 aq:22.36 tex:130137 mv:6985 misc:238 imb:133 pmb:771 smb:16 d:- ref:0 ;
in:3606 out:3606 type:B dur:2 cpbdur:2 q:26.87 aq:27.13 tex:13993 mv:4474 misc:949 imb:16 pmb:398 smb:506 d:- ref:0 ;
in:3605 out:3607 type:b dur:2 cpbdur:2 q:26.86 aq:26.67 tex:269 mv:264 misc:467 imb:1 pmb:80 smb:839 d:- ref:0 ;
in:3607 out:3608 type:b dur:2 cpbdur:2 q:26.88 aq:28.97 tex:11736 mv:4001 misc:815 imb:9 pmb:352 smb:559 d:- ref:0 ;
in:3612 out:3609 type:P dur:2 cpbdur:2 q:26.96 aq:22.77 tex:110745 mv:6769 misc:310 imb:102 pmb:785 smb:33 d:- ref:0 ;
in:3610 out:3610 type:B dur:2 cpbdur:2 q:26.92 aq:27.08 tex:19219 mv:5572 misc:865 imb:12 pmb:488 smb:420 d:- ref:0 ;
in:3609 out:3611 type:b dur:2 cpbdur:2 q:26.91 aq:18.73 tex:123 mv:200 misc:621 imb:0 pmb:144 smb:776 d:- ref:0 ;
in:3611 out:3612 type:b dur:2 cpbdur:2 q:26.94 aq:29.64 tex:12438 mv:4129 misc:865 imb:16 pmb:371 smb:533 d:- ref:0 ;
in:3616 out:3613 type:P dur:2 cpbdur:2 q:27.08 aq:23.12 tex:112120 mv:6908 misc:244 imb:157 pmb:745 smb:18 d:- ref:0 ;
in:3614 out:3614 type:B dur:2 cpbdur:2 q:27.02 aq:26.34 tex:14488 mv:5260 misc:828 imb:15 pmb:423 smb:482 d:- ref:0 ;
in:3613 out:3615 type:b dur:2 cpbdur:2 q:26.99 aq:24.05 tex:164 mv:302 misc:470 imb:0 pmb:106 smb:814 d:- ref:0 ;
in:3615 out:3616 type:b dur:2 cpbdur:2 q:27.05 aq:29.64 tex:9811 mv:3814 misc:687 imb:14 pmb:268 smb:638 d:- ref:0 ;
in:3620 out:3617 type:P dur:2 cpbdur:2 q:27.16 aq:23.14 tex:131131 mv:7416 misc:213 imb:185 pmb:726 smb:9 d:- ref:0 ;
in:3618 out:3618 type:B dur:2 cpbdur:2 q:27.12 aq:26.09 tex:27631 mv:7869 misc:876 imb:33 pmb:572 smb:315 d:- ref:0 ;
in:3617 out:3619 type:b dur:2 cpbdur:2 q:27.10 aq:28.99 tex:10591 mv:4982 misc:827 imb:12 pmb:352 smb:556 d:- ref:0 ;
in:3619 out:3620 type:b dur:2 cpbdur:2 q:27.14 aq:28.97 tex:8740 mv:3899 misc:681 imb:7 pmb:273 smb:640 d:- ref:0 ;
in:3624 out:3621 type:P dur:2 cpbdur:2 q:27.26 aq:23.72 tex:94831 mv:6273 misc:280 imb:104 pmb:794 smb:22 d:- ref:0 ;
in:3622 out:3622 type:B dur:2 cpbdur:2 q:27.21 aq:26.85 tex:24992 mv:5923 misc:925 imb:16 pmb:534 smb:370 d:- ref:0 ;
in:3621 out:3623 type:b dur:2 cpbdur:2 q:27.19 aq:29.74 tex:8559 mv:3737 misc:808 imb:7 pmb:321 smb:592 d:- ref:0 ;
in:3623 out:3624 type:b dur:2 cpbdur:2 q:27.24 aq:29.24 tex:8014 mv:3270 misc:716 imb:9 pmb:254 smb:657 d:- ref:0 ;
in:3628 out:3625 type:P dur:2 cpbdur:2 q:27.36 aq:24.07 tex:87839 mv:6002 misc:383 imb:132 pmb:734 smb:54 d:- ref:0 ;
in:3626 out:3626 type:B dur:2 cpbdur:2 q:27.31 aq:27.21 tex:22566 mv:4592 misc:922 imb:30 pmb:457 smb:433 d:- ref:0 ;
in:3625 out:3627 type:b dur:2 cpbdur:2 q:27.29 aq:30.00 tex:3 mv:3 misc:130 imb:0 pmb:1 smb:919 d:- ref:0 ;
in:3627 out:3628 type:b dur:2 cpbdur:2 q:27.34 aq:30.29 tex:10886 mv:3440 misc:714 imb:20 pmb:267 smb:633 d:- ref:0 ;
in:3632 out:3629 type:P dur:2 cpbdur:2 q:27.46 aq:25.24 tex:66010 mv:5724 misc:498 imb:89 pmb:745 smb:86 d:- ref:0 ;
in:3630 out:3630 type:B dur:2 cpbdur:2 q:27.41 aq:26.56 tex:28786 mv:5245 misc:913 imb:23 pmb:546 smb:351 d:- ref:0 ;
in:3629 out:3631 type:b dur:2 cpbdur:2 q:27.39 aq:24.75 tex:117 mv:71 misc:244 imb:0 pmb:24 smb:896 d:- ref:0 ;
in:3631 out:3632 type:b dur:2 cpbdur:2 q:27.43 aq:28.96 tex:20520 mv:4569 misc:799 imb:18 pmb:362 smb:540 d:- ref:0 ;
in:3636 out:3633 type:P dur:2 cpbdur:2 q:27.54 aq:28.09 tex:36263 mv:4650 misc:839 imb:123 pmb:485 smb:312 d:- ref:0 ;
in:3634 out:3634 type:B dur:2 cpbdur:2 q:27.50 aq:26.51 tex:35023 mv:6263 misc:874 imb:18 pmb:639 smb:263 d:- ref:0 ;
in:3633 out:3635 type:b dur:2 cpbdur:2 q:27.48 aq:27.39 tex:114 mv:87 misc:191 imb:2 pmb:17 smb:901 d:- ref:0 ;
in:3635 out:3636 type:b dur:2 cpbdur:2 q:27.52 aq:28.65 tex:13757 mv:4417 misc:922 imb:21 pmb:408 smb:491 d:- ref:0 ;
in:3637 out:3637 type:I dur:2 cpbdur:2 q:24.18 aq:20.90 tex:216381 mv:37977 misc:106 imb:920 pmb:0 smb:0 d:- ref:;
in:3641 out:3638 type:P dur:2 cpbdur:2 q:27.77 aq:25.40 tex:65982 mv:6812 misc:334 imb:111 pmb:774 smb:35 d:- ref:0 ;
in:3639 out:3639 type:B dur:2 cpbdur:2 q:27.77 aq:28.05 tex:10829 mv:5055 misc:868 imb:12 pmb:394 smb:514 d:- ref:0 ;
in:3638 out:3640 type:b dur:2 cpbdur:2 q:27.77 aq:28.53 tex:79 mv:16 misc:161 imb:0 pmb:5 smb:915 d:- ref:0 ;
in:3640 out:3641 type:b dur:2 cpbdur:2 q:27.77 aq:30.21 tex:9068 mv:3760 misc:820 imb:14 pmb:291 smb:615 d:- ref:0 ;
in:3644 out:3642 type:P dur:2 cpbdur:2 q:27.81 aq:25.96 tex:66618 mv:7446 misc:304 imb:99 pmb:798 smb:23 d:- ref:0 ;
in:3642 out:3643 type:B dur:2 cpbdur:2 q:27.78 aq:28.72 tex:14682 mv:5036 misc:946 imb:7 pmb:496 smb:417 d:- ref:0 ;
in:3643 out:3644 type:b dur:2 cpbdur:2 q:27.80 aq:29.12 tex:7226 mv:3728 misc:886 imb:8 pmb:336 smb:576 d:- ref:0 ;
in:3646 out:3645 type:P dur:2 cpbdur:2 q:27.88 aq:25.74 tex:69888 mv:7772 misc:292 imb:127 pmb:771 smb:22 d:- ref:0 ;
in:3645 out:3646 type:b dur:2 cpbdur:2 q:27.85 aq:29.87 tex:6766 mv:4592 misc:906 imb:5 pmb:343 smb:572 d:- ref:0 ;
in:3648 out:3647 type:P dur:2 cpbdur:2 q:27.92 aq:25.41 tex:68132 mv:8131 misc:281 imb:144 pmb:758 smb:18 d:- ref:0 ;
in:3647 out:3648 type:b dur:2 cpbdur:2 q:27.90 aq:29.45 tex:6634 mv:5150 misc:904 imb:12 pmb:363 smb:545 d:- ref:0 ;
in:3650 out:3649 type:P dur:2 cpbdur:2 q:27.95 aq:24.67 tex:67858 mv:8784 misc:254 imb:183 pmb:724 smb:13 d:- ref:0 ;
in:3649 out:3650 type:b dur:2 cpbdur:2 q:27.93 aq:29.31 tex:5939 mv:5501 misc:944 imb:18 pmb:386 smb:516 d:- ref:0 ;
in:3651 out:3651 type:P dur:2 cpbdur:2 q:27.96 aq:24.33 tex:3410 mv:502 misc:656 imb:0 pmb:163 smb:757 d:- ref:0 ;
in:3653 out:3652 type:P dur:2 cpbdur:2 q:27.96 aq:24.86 tex:69044 mv:9474 misc:226 imb:253 pmb:656 smb:11 d:- ref:0 ;
in:3652 out:3653 type:b dur:2 cpbdur:2 q:27.96 aq:28.58 tex:11504 mv:7009 misc:943 imb:36 pmb:529 smb:355 d:- ref:0 ;
in:3657 out:3654 type:P dur:2 cpbdur:2 q:28.00 aq:25.08 tex:73854 mv:9494 misc:188 imb:360 pmb:553 smb:7 d:- ref:0 ;
in:3655 out:3655 type:B dur:2 cpbdur:2 q:27.98 aq:25.63 tex:25602 mv:8883 misc:691 imb:67 pmb:706 smb:147 d:- ref:0 ;
in:3654 out:3656 type:b dur:2 cpbdur:2 q:27.97 aq:23.93 tex:72 mv:45 misc:187 imb:1 pmb:8 smb:911 d:- ref:0 ;
in:3656 out:3657 type:b dur:2 cpbdur:2 q:27.99 aq:28.22 tex:12345 mv:6674 misc:901 imb:32 pmb:574 smb:314 d:- ref:0 ;
in:3660 out:3658 type:P dur:2 cpbdur:2 q:28.07 aq:26.57 tex:41581 mv:8001 misc:482 imb:193 pmb:662 smb:65 d:- ref:0 ;
in:3658 out:3659 type:B dur:2 cpbdur:2 q:28.03 aq:25.68 tex:19688 mv:7217 misc:839 imb:37 pmb:642 smb:241 d:- ref:0 ;
in:3659 out:3660 type:b dur:2 cpbdur:2 q:28.05 aq:28.15 tex:207 mv:63 misc:202 imb:1 pmb:10 smb:909 d:- ref:0 ;
in:3661 out:3661 type:P dur:2 cpbdur:2 q:28.09 aq:27.95 tex:29686 mv:6709 misc:541 imb:170 pmb:644 smb:106 d:- ref:0 ;
in:3662 out:3662 type:I dur:2 cpbdur:2 q:24.79 aq:20.18 tex:231190 mv:36836 misc:142 imb:920 pmb:0 smb:0 d:- ref:;
in:3665 out:3663 type:P dur:2 cpbdur:2 q:28.28 aq:24.17 tex:71100 mv:6538 misc:562 imb:92 pmb:690 smb:138 d:- ref:0 ;
in:3663 out:3664 type:B dur:2 cpbdur:2 q:28.28 aq:29.52 tex:11336 mv:4626 misc:782 imb:9 pmb:352 smb:559 d:- ref:0 ;
in:3664 out:3665 type:b dur:2 cpbdur:2 q:28.28 aq:31.17 tex:7256 mv:4126 misc:738 imb:3 pmb:294 smb:623 d:- ref:0 ;
in:3669 out:3666 type:P dur:2 cpbdur:2 q:28.36 aq:23.85 tex:94511 mv:7602 misc:407 imb:158 pmb:681 smb:81 d:- ref:0 ;
in:3667 out:3667 type:B dur:2 cpbdur:2 q:28.32 aq:28.26 tex:21526 mv:7145 misc:881 imb:31 pmb:468 smb:421 d:- ref:0 ;
in:3666 out:3668 type:b dur:2 cpbdur:2 q:28.30 aq:29.81 tex:119 mv:208 misc:345 imb:0 pmb:49 smb:871 d:- ref:0 ;
in:3668 out:3669 type:b dur:2 cpbdur:2 q:28.34 aq:29.72 tex:9151 mv:4618 misc:775 imb:8 pmb:335 smb:577 d:- ref:0 ;
in:3673 out:3670 type:P dur:2 cpbdur:2 q:28.42 aq:24.37 tex:92900 mv:7916 misc:368 imb:166 pmb:689 smb:65 d:- ref:0 ;
in:3671 out:3671 type:B dur:2 cpbdur:2 q:28.39 aq:28.22 tex:17030 mv:5858 misc:912 imb:11 pmb:510 smb:399 d:- ref:0 ;
in:3670 out:3672 type:b dur:2 cpbdur:2 q:28.37 aq:29.41 tex:101 mv:138 misc:241 imb:0 pmb:24 smb:896 d:- ref:0 ;
in:3672 out:3673 type:b dur:2 cpbdur:2 q:28.40 aq:28.90 tex:13454 mv:5766 misc:860 imb:14 pmb:415 smb:491 d:- ref:0 ;
in:3677 out:3674 type:P dur:2 cpbdur:2 q:28.50 aq:26.06 tex:74932 mv:7687 misc:485 imb:173 pmb:668 smb:79 d:- ref:0 ;
in:3675 out:3675 type:B dur:2 cpbdur:2 q:28.46 aq:27.69 tex:18289 mv:6169 misc:902 imb:18 pmb:512 smb:390 d:- ref:0 ;
in:3674 out:3676 type:b dur:2 cpbdur:2 q:28.44 aq:31.00 tex:82 mv:427 misc:539 imb:0 pmb:111 smb:809 d:- ref:0 ;
in:3676 out:3677 type:b dur:2 cpbdur:2 q:28.48 aq:28.46 tex:14288 mv:5540 misc:860 imb:10 pmb:423 smb:487 d:- ref:0 ;
in:3679 out:3678 type:P dur:2 cpbdur:2 q:28.56 aq:28.99 tex:18827 mv:3469 misc:840 imb:22 pmb:495 smb:403 d:- ref:0 ;
in:3678 out:3679 type:b dur:2 cpbdur:2 q:28.53 aq:30.00 tex:279 mv:515 misc:582 imb:1 pmb:130 smb:789 d:- ref:0 ;
in:3680 out:3680 type:i dur:2 cpbdur:2 q:25.20 aq:22.07 tex:140513 mv:32423 misc:120 imb:920 pmb:0 smb:0 d:- ref:;
in:3684 out:3681 type:P dur:2 cpbdur:2 q:28.65 aq:26.08 tex:75643 mv:8157 misc:480 imb:232 pmb:617 smb:71 d:- ref:0 ;
in:3682 out:3682 type:B dur:2 cpbdur:2 q:28.65 aq:29.06 tex:31230 mv:8360 misc:802 imb:44 pmb:523 smb:353 d:- ref:0 ;
in:3681 out:3683 type:b dur:2 cpbdur:2 q:28.65 aq:30.30 tex:16097 mv:5889 misc:710 imb:45 pmb:385 smb:490 d:- ref:0 ;
in:3683 out:3684 type:b dur:2 cpbdur:2 q:28.65 aq:30.23 tex:16609 mv:5635 misc:796 imb:27 pmb:423 smb:470 d:- ref:0 ;
in:3688 out:3685 type:P dur:2 cpbdur:2 q:28.71 aq:26.17 tex:86409 mv:8365 misc:386 imb:262 pmb:607 smb:51 d:- ref:0 ;
in:3686 out:3686 type:B dur:2 cpbdur:2 q:28.68 aq:27.28 tex:43561 mv:9773 misc:714 imb:81 pmb:597 smb:242 d:- ref:0 ;
in:3685 out:3687 type:b dur:2 cpbdur:2 q:28.67 aq:30.06 tex:18342 mv:6305 misc:761 imb:34 pmb:453 smb:433 d:- ref:0 ;
in:3687 out:3688 type:b dur:2 cpbdur:2 q:28.69 aq:29.21 tex:290 mv:177 misc:357 imb:0 pmb:56 smb:864 d:- ref:0 ;
in:3690 out:3689 type:P dur:2 cpbdur:2 q:28.74 aq:25.80 tex:65808 mv:7888 misc:408 imb:148 pmb:725 smb:47 d:- ref:0 ;
in:3689 out:3690 type:b dur:2 cpbdur:2 q:28.72 aq:30.34 tex:14635 mv:6043 misc:834 imb:52 pmb:417 smb:451 d:- ref:0 ;
in:3694 out:3691 type:P dur:2 cpbdur:2 q:28.79 aq:25.24 tex:89784 mv:8970 misc:246 imb:243 pmb:662 smb:15 d:- ref:0 ;
in:3692 out:3692 type:B dur:2 cpbdur:2 q:28.77 aq:29.32 tex:21861 mv:8245 misc:822 imb:47 pmb:575 smb:298 d:- ref:0 ;
in:3691 out:3693 type:b dur:2 cpbdur:2 q:28.75 aq:29.10 tex:1317 mv:795 misc:688 imb:2 pmb:176 smb:742 d:- ref:0 ;
in:3693 out:3694 type:b dur:2 cpbdur:2 q:28.78 aq:29.94 tex:19186 mv:7412 misc:850 imb:62 pmb:509 smb:349 d:- ref:0 ;
in:3698 out:3695 type:P dur:2 cpbdur:2 q:28.87 aq:26.04 tex:85427 mv:9112 misc:269 imb:248 pmb:650 smb:22 d:- ref:0 ;
in:3696 out:3696 type:B dur:2 cpbdur:2 q:28.83 aq:28.94 tex:22537 mv:7780 misc:827 imb:29 pmb:591 smb:300 d:- ref:0 ;
in:3695 out:3697 type:b dur:2 cpbdur:2 q:28.81 aq:24.09 tex:136 mv:265 misc:455 imb:1 pmb:73 smb:846 d:- ref:0 ;
in:3697 out:3698 type:b dur:2 cpbdur:2 q:28.85 aq:30.18 tex:16331 mv:6602 misc:819 imb:28 pmb:544 smb:348 d:- ref:0 ;
in:3702 out:3699 type:P dur:2 cpbdur:2 q:28.97 aq:26.51 tex:68096 mv:8583 misc:305 imb:282 pmb:603 smb:35 d:- ref:0 ;
in:3700 out:3700 type:B dur:2 cpbdur:2 q:28.92 aq:28.68 tex:18492 mv:8057 misc:851 imb:74 pmb:508 smb:338 d:- ref:0 ;
in:3699 out:3701 type:b dur:2 cpbdur:2 q:28.90 aq:28.32 tex:158 mv:104 misc:250 imb:0 pmb:25 smb:895 d:- ref:0 ;
in:3701 out:3702 type:b dur:2 cpbdur:2 q:28.94 aq:29.55 tex:13135 mv:6118 misc:875 imb:51 pmb:445 smb:424 d:- ref:0 ;
in:3706 out:3703 type:P dur:2 cpbdur:2 q:29.07 aq:26.56 tex:87555 mv:9110 misc:247 imb:285 pmb:622 smb:13 d:- ref:0 ;
in:3704 out:3704 type:B dur:2 cpbdur:2 q:29.02 aq:28.21 tex:29556 mv:9695 misc:709 imb:93 pmb:616 smb:211 d:- ref:0 ;
in:3703 out:3705 type:b dur:2 cpbdur:2 q:28.99 aq:29.90 tex:19090 mv:6844 misc:786 imb:54 pmb:463 smb:403 d:- ref:0 ;
in:3705 out:3706 type:b dur:2 cpbdur:2 q:29.05 aq:29.82 tex:18752 mv:6509 misc:827 imb:50 pmb:483 smb:387 d:- ref:0 ;
in:3710 out:3707 type:P dur:2 cpbdur:2 q:29.15 aq:26.34 tex:74006 mv:8474 misc:320 imb:269 pmb:615 smb:36 d:- ref:0 ;
in:3708 out:3708 type:B dur:2 cpbdur:2 q:29.11 aq:29.09 tex:26652 mv:8239 misc:765 imb:53 pmb:569 smb:298 d:- ref:0 ;
in:3707 out:3709 type:b dur:2 cpbdur:2 q:29.09 aq:30.48 tex:14331 mv:5973 misc:784 imb:31 pmb:478 smb:411 d:- ref:0 ;
in:3709 out:3710 type:b dur:2 cpbdur:2 q:29.13 aq:30.50 tex:9925 mv:5286 misc:845 imb:21 pmb:441 smb:458 d:- ref:0 ;
in:3714 out:3711 type:P dur:2 cpbdur:2 q:29.20 aq:26.50 tex:75051 mv:8743 misc:350 imb:183 pmb:694 smb:43 d:- ref:0 ;
in:3712 out:3712 type:B dur:2 cpbdur:2 q:29.18 aq:28.54 tex:27040 mv:7530 misc:846 imb:49 pmb:603 smb:268 d:- ref:0 ;
in:3711 out:3713 type:b dur:2 cpbdur:2 q:29.16 aq:28.70 tex:276 mv:156 misc:384 imb:0 pmb:65 smb:855 d:- ref:0 ;
in:3713 out:3714 type:b dur:2 cpbdur:2 q:29.19 aq:30.89 tex:13031 mv:6703 misc:874 imb:28 pmb:482 smb:410 d:- ref:0 ;
in:3715 out:3715 type:P dur:2 cpbdur:2 q:29.26 aq:26.35 tex:46580 mv:6160 misc:572 imb:71 pmb:739 smb:110 d:- ref:0 ;
in:3719 out:3716 type:P dur:2 cpbdur:2 q:29.29 aq:26.64 tex:80957 mv:8963 misc:352 imb:262 pmb:621 smb:37 d:- ref:0 ;
in:3717 out:3717 type:B dur:2 cpbdur:2 q:29.28 aq:29.99 tex:18508 mv:7601 misc:787 imb:48 pmb:575 smb:297 d:- ref:0 ;
in:3716 out:3718 type:b dur:2 cpbdur:2 q:29.27 aq:28.57 tex:272 mv:470 misc:610 imb:0 pmb:146 smb:774 d:- ref:0 ;
in:3718 out:3719 type:b dur:2 cpbdur:2 q:29.28 aq:30.84 tex:17104 mv:7002 misc:814 imb:55 pmb:459 smb:406 d:- ref:0 ;
in:3723 out:3720 type:P dur:2 cpbdur:2 q:29.38 aq:26.57 tex:83351 mv:8925 misc:260 imb:319 pmb:576 smb:25 d:- ref:0 ;
in:3721 out:3721 type:B dur:2 cpbdur:2 q:29.34 aq:29.28 tex:22598 mv:7979 misc:735 imb:63 pmb:548 smb:309 d:- ref:0 ;
in:3720 out:3722 type:b dur:2 cpbdur:2 q:29.32 aq:29.66 tex:1152 mv:983 misc:745 imb:1 pmb:210 smb:709 d:- ref:0 ;
in:3722 out:3723 type:b dur:2 cpbdur:2 q:29.36 aq:30.91 tex:20526 mv:7366 misc:732 imb:57 pmb:493 smb:370 d:- ref:0 ;
in:3727 out:3724 type:P dur:2 cpbdur:2 q:29.45 aq:29.26 tex:46616 mv:7300 misc:628 imb:248 pmb:507 smb:165 d:- ref:0 ;
in:3725 out:3725 type:B dur:2 cpbdur:2 q:29.42 aq:30.25 tex:19072 mv:7388 misc:876 imb:44 pmb:529 smb:347 d:- ref:0 ;
in:3724 out:3726 type:b dur:2 cpbdur:2 q:29.40 aq:28.88 tex:253 mv:711 misc:700 imb:0 pmb:186 smb:734 d:- ref:0 ;
in:3726 out:3727 type:b dur:2 cpbdur:2 q:29.43 aq:30.89 tex:12998 mv:5878 misc:868 imb:32 pmb:435 smb:453 d:- ref:0 ;
in:3728 out:3728 type:P dur:2 cpbdur:2 q:29.50 aq:30.70 tex:20972 mv:5264 misc:804 imb:80 pmb:564 smb:276 d:- ref:0 ;
in:3729 out:3729 type:I dur:2 cpbdur:2 q:26.19 aq:21.93 tex:120814 mv:30750 misc:116 imb:920 pmb:0 smb:0 d:- ref:;
in:3732 out:3730 type:P dur:2 cpbdur:2 q:29.57 aq:25.81 tex:46139 mv:7778 misc:571 imb:129 pmb:663 smb:128 d:- ref:0 ;
in:3730 out:3731 type:B dur:2 cpbdur:2 q:29.57 aq:29.64 tex:9854 mv:5592 misc:842 imb:16 pmb:431 smb:473 d:- ref:0 ;
in:3731 out:3732 type:b dur:2 cpbdur:2 q:29.57 aq:31.83 tex:5380 mv:4649 misc:867 imb:2 pmb:361 smb:557 d:- ref:0 ;
in:3734 out:3733 type:P dur:2 cpbdur:2 q:29.60 aq:25.28 tex:44140 mv:7455 misc:565 imb:114 pmb:699 smb:107 d:- ref:0 ;
in:3733 out:3734 type:b dur:2 cpbdur:2 q:29.58 aq:29.90 tex:5857 mv:4340 misc:867 imb:7 pmb:351 smb:562 d:- ref:0 ;
in:3736 out:3735 type:P dur:2 cpbdur:2 q:29.63 aq:24.87 tex:47193 mv:7549 misc:554 imb:119 pmb:699 smb:102 d:- ref:0 ;
in:3735 out:3736 type:b dur:2 cpbdur:2 q:29.61 aq:30.06 tex:6226 mv:4340 misc:890 imb:5 pmb:357 smb:558 d:- ref:0 ;
in:3740 out:3737 type:P dur:2 cpbdur:2 q:29.64 aq:24.94 tex:77232 mv:9088 misc:320 imb:273 pmb:616 smb:31 d:- ref:0 ;
in:3738 out:3738 type:B dur:2 cpbdur:2 q:29.64 aq:28.97 tex:17316 mv:7638 misc:926 imb:38 pmb:533 smb:349 d:- ref:0 ;
in:3737 out:3739 type:b dur:2 cpbdur:2 q:29.63 aq:25.11 tex:144 mv:34 misc:190 imb:1 pmb:8 smb:911 d:- ref:0 ;
in:3739 out:3740 type:b dur:2 cpbdur:2 q:29.64 aq:31.87 tex:9720 mv:5008 misc:856 imb:12 pmb:360 smb:548 d:- ref:0 ;
in:3744 out:3741 type:P dur:2 cpbdur:2 q:29.72 aq:25.35 tex:79072 mv:8919 misc:417 imb:242 pmb:615 smb:63 d:- ref:0 ;
in:3742 out:3742 type:B dur:2 cpbdur:2 q:29.68 aq:30.52 tex:16854 mv:6995 misc:871 imb:36 pmb:487 smb:397 d:- ref:0 ;
in:3741 out:3743 type:b dur:2 cpbdur:2 q:29.66 aq:26.05 tex:151 mv:136 misc:305 imb:0 pmb:43 smb:877 d:- ref:0 ;
in:3743 out:3744 type:b dur:2 cpbdur:2 q:29.70 aq:32.11 tex:11701 mv:6368 misc:843 imb:30 pmb:448 smb:442 d:- ref:0 ;
in:3748 out:3745 type:P dur:2 cpbdur:2 q:29.77 aq:25.66 tex:71708 mv:9266 misc:450 imb:215 pmb:643 smb:62 d:- ref:0 ;
in:3746 out:3746 type:B dur:2 cpbdur:2 q:29.74 aq:30.13 tex:16488 mv:7548 misc:916 imb:36 pmb:534 smb:350 d:- ref:0 ;
in:3745 out:3747 type:b dur:2 cpbdur:2 q:29.73 aq:28.76 tex:114 mv:342 misc:368 imb:0 pmb:62 smb:858 d:- ref:0 ;
in:3747 out:3748 type:b dur:2 cpbdur:2 q:29.76 aq:31.19 tex:9332 mv:6452 misc:880 imb:24 pmb:446 smb:450 d:- ref:0 ;
in:3751 out:3749 type:P dur:2 cpbdur:2 q:29.83 aq:25.52 tex:48877 mv:8046 misc:429 imb:146 pmb:714 smb:60 d:- ref:0 ;
in:3749 out:3750 type:B dur:2 cpbdur:2 q:29.79 aq:26.82 tex:1389 mv:1268 misc:839 imb:3 pmb:233 smb:684 d:- ref:0 ;
in:3750 out:3751 type:b dur:2 cpbdur:2 q:29.81 aq:30.88 tex:4889 mv:4809 misc:862 imb:7 pmb:352 smb:561 d:- ref:0 ;
in:3755 out:3752 type:P dur:2 cpbdur:2 q:29.86 aq:25.63 tex:62596 mv:9146 misc:418 imb:174 pmb:684 smb:62 d:- ref:0 ;
in:3753 out:3753 type:B dur:2 cpbdur:2 q:29.85 aq:28.45 tex:15911 mv:8341 misc:916 imb:43 pmb:574 smb:303 d:- ref:0 ;
in:3752 out:3754 type:b dur:2 cpbdur:2 q:29.84 aq:31.89 tex:4774 mv:4556 misc:886 imb:5 pmb:341 smb:574 d:- ref:0 ;
in:3754 out:3755 type:b dur:2 cpbdur:2 q:29.85 aq:31.45 tex:4652 mv:4390 misc:846 imb:4 pmb:333 smb:583 d:- ref:0 ;
in:3757 out:3756 type:P dur:2 cpbdur:2 q:29.90 aq:25.78 tex:44247 mv:6982 misc:611 imb:99 pmb:692 smb:129 d:- ref:0 ;
in:3756 out:3757 type:b dur:2 cpbdur:2 q:29.88 aq:31.49 tex:4739 mv:4502 misc:919 imb:6 pmb:349 smb:565 d:- ref:0 ;
in:3759 out:3758 type:P dur:2 cpbdur:2 q:29.90 aq:25.58 tex:43656 mv:7285 misc:499 imb:128 pmb:695 smb:97 d:- ref:0 ;
in:3758 out:3759 type:b dur:2 cpbdur:2 q:29.90 aq:30.96 tex:4132 mv:4158 misc:854 imb:7 pmb:320 smb:593 d:- ref:0 ;
in:3761 out:3760 type:P dur:2 cpbdur:2 q:29.93 aq:25.59 tex:40204 mv:7707 misc:497 imb:130 pmb:701 smb:89 d:- ref:0 ;
in:3760 out:3761 type:b dur:2 cpbdur:2 q:29.92 aq:31.83 tex:3794 mv:3940 misc:858 imb:11 pmb:297 smb:612 d:- ref:0 ;
in:3763 out:3762 type:P dur:2 cpbdur:2 q:29.93 aq:25.47 tex:39572 mv:7353 misc:531 imb:114 pmb:699 smb:107 d:- ref:0 ;
in:3762 out:3763 type:b dur:2 cpbdur:2 q:29.93 aq:27.63 tex:167 mv:149 misc:260 imb:0 pmb:30 smb:890 d:- ref:0 ;
in:3765 out:3764 type:P dur:2 cpbdur:2 q:29.97 aq:25.48 tex:40881 mv:7317 misc:578 imb:117 pmb:676 smb:127 d:- ref:0 ;
in:3764 out:3765 type:b dur:2 cpbdur:2 q:29.95 aq:30.90 tex:4716 mv:4240 misc:804 imb:13 pmb:304 smb:603 d:- ref:0 ;
in:3769 out:3766 type:P dur:2 cpbdur:2 q:29.98 aq:26.22 tex:56047 mv:8156 misc:541 imb:198 pmb:597 smb:125 d:- ref:0 ;
in:3767 out:3767 type:B dur:2 cpbdur:2 q:29.97 aq:29.42 tex:10256 mv:5592 misc:848 imb:13 pmb:430 smb:477 d:- ref:0 ;
in:3766 out:3768 type:b dur:2 cpbdur:2 q:29.97 aq:28.51 tex:98 mv:100 misc:282 imb:0 pmb:37 smb:883 d:- ref:0 ;
in:3768 out:3769 type:b dur:2 cpbdur:2 q:29.97 aq:31.36 tex:8752 mv:5180 misc:868 imb:12 pmb:409 smb:499 d:- ref:0 ;
in:3773 out:3770 type:P dur:2 cpbdur:2 q:30.01 aq:26.69 tex:45369 mv:8062 misc:617 imb:311 pmb:502 smb:107 d:- ref:0 w:3,7,28,7,119,9,112,16 ;
in:3771 out:3771 type:B dur:2 cpbdur:2 q:30.00 aq:29.14 tex:17436 mv:5825 misc:851 imb:51 pmb:488 smb:381 d:- ref:0 ;
in:3770 out:3772 type:b dur:2 cpbdur:2 q:29.99 aq:28.10 tex:88 mv:305 misc:367 imb:0 pmb:69 smb:851 d:- ref:0 ;
in:3772 out:3773 type:b dur:2 cpbdur:2 q:30.00 aq:29.92 tex:12891 mv:5406 misc:879 imb:65 pmb:415 smb:440 d:- ref:0 ;
in:3775 out:3774 type:P dur:2 cpbdur:2 q:30.04 aq:28.19 tex:45645 mv:8066 misc:241 imb:686 pmb:234 smb:0 d:- ref:0 w:6,55,51,6,62,-5,69,-1 ;
in:3774 out:3775 type:b dur:2 cpbdur:2 q:30.03 aq:27.34 tex:152 mv:26 misc:198 imb:0 pmb:11 smb:909 d:- ref:0 ;
in:3776 out:3776 type:P dur:2 cpbdur:2 q:30.05 aq:24.94 tex:32310 mv:6328 misc:258 imb:865 pmb:55 smb:0 d:- ref:0 w:6,33,127,7,45,71,64,70 ;
in:3777 out:3777 type:I dur:2 cpbdur:2 q:26.93 aq:23.01 tex:54563 mv:19273 misc:124 imb:920 pmb:0 smb:0 d:- ref:w:6,33,127,7,45,71,64,70 ;
in:3780 out:3778 type:P dur:2 cpbdur:2 q:30.10 aq:27.84 tex:84075 mv:8314 misc:251 imb:638 pmb:282 smb:0 d:- ref:0 w:3,11,-127,6,117,-81,100,-84 ;
in:3778 out:3779 type:B dur:2 cpbdur:2 q:30.10 aq:28.85 tex:51700 mv:9543 misc:357 imb:492 pmb:361 smb:67 d:- ref:0 ;
in:3779 out:3780 type:b dur:2 cpbdur:2 q:30.10 aq:28.52 tex:25668 mv:7926 misc:590 imb:189 pmb:520 smb:211 d:- ref:0 ;
in:3784 out:3781 type:P dur:2 cpbdur:2 q:30.12 aq:27.77 tex:69869 mv:8614 misc:293 imb:539 pmb:381 smb:0 d:- ref:0 w:6,69,-24,7,95,34,73,50 ;
in:3782 out:3782 type:B dur:2 cpbdur:2 q:30.11 aq:28.45 tex:35074 mv:9141 misc:617 imb:185 pmb:591 smb:144 d:- ref:0 ;
in:3781 out:3783 type:b dur:2 cpbdur:2 q:30.10 aq:29.59 tex:23789 mv:7957 misc:590 imb:219 pmb:509 smb:192 d:- ref:0 ;
in:3783 out:3784 type:b dur:2 cpbdur:2 q:30.12 aq:29.29 tex:16712 mv:6023 misc:729 imb:57 pmb:397 smb:466 d:- ref:0 ;
in:3785 out:3785 type:P dur:2 cpbdur:2 q:30.16 aq:30.05 tex:20714 mv:4314 misc:796 imb:118 pmb:407 smb:395 d:- ref:0 ;
in:3786 out:3786 type:i dur:2 cpbdur:2 q:27.02 aq:21.00 tex:152780 mv:33404 misc:136 imb:920 pmb:0 smb:0 d:- ref:;
in:3789 out:3787 type:P dur:2 cpbdur:2 q:30.28 aq:24.68 tex:35702 mv:3728 misc:706 imb:16 pmb:667 smb:237 d:- ref:0 ;
in:3787 out:3788 type:B dur:2 cpbdur:2 q:30.28 aq:31.44 tex:818 mv:1055 misc:519 imb:1 pmb:110 smb:809 d:- ref:0 ;
in:3788 out:3789 type:b dur:2 cpbdur:2 q:30.28 aq:31.30 tex:397 mv:713 misc:450 imb:1 pmb:86 smb:833 d:- ref:0 ;
in:3790 out:3790 type:P dur:2 cpbdur:2 q:30.37 aq:24.97 tex:14040 mv:1675 misc:1005 imb:11 pmb:486 smb:423 d:- ref:0 ;
in:3793 out:3791 type:P dur:2 cpbdur:2 q:30.39 aq:24.56 tex:38354 mv:3824 misc:686 imb:32 pmb:718 smb:170 d:- ref:0 ;
in:3791 out:3792 type:B dur:2 cpbdur:2 q:30.37 aq:27.32 tex:1090 mv:887 misc:551 imb:1 pmb:110 smb:809 d:- ref:0 ;
in:3792 out:3793 type:b dur:2 cpbdur:2 q:30.38 aq:22.48 tex:131 mv:331 misc:410 imb:0 pmb:76 smb:844 d:- ref:0 ;
in:3797 out:3794 type:P dur:2 cpbdur:2 q:30.47 aq:25.33 tex:27975 mv:3383 misc:826 imb:15 pmb:643 smb:262 d:- ref:0 ;
in:3795 out:3795 type:B dur:2 cpbdur:2 q:30.43 aq:27.49 tex:863 mv:1102 misc:563 imb:0 pmb:123 smb:797 d:- ref:0 ;
in:3794 out:3796 type:b dur:2 cpbdur:2 q:30.41 aq:21.57 tex:109 mv:418 misc:353 imb:0 pmb:54 smb:866 d:- ref:0 ;
in:3796 out:3797 type:b dur:2 cpbdur:2 q:30.45 aq:26.85 tex:115 mv:192 misc:357 imb:0 pmb:56 smb:864 d:- ref:0 ;
in:3801 out:3798 type:P dur:2 cpbdur:2 q:30.51 aq:25.78 tex:28026 mv:3656 misc:854 imb:26 pmb:624 smb:270 d:- ref:0 ;
in:3799 out:3799 type:B dur:2 cpbdur:2 q:30.49 aq:29.75 tex:1915 mv:1482 misc:667 imb:0 pmb:166 smb:754 d:- ref:0 ;
in:3798 out:3800 type:b dur:2 cpbdur:2 q:30.48 aq:32.01 tex:377 mv:792 misc:479 imb:2 pmb:96 smb:822 d:- ref:0 ;
in:3800 out:3801 type:b dur:2 cpbdur:2 q:30.50 aq:30.37 tex:130 mv:282 misc:420 imb:0 pmb:70 smb:850 d:- ref:0 ;
in:3805 out:3802 type:P dur:2 cpbdur:2 q:30.51 aq:27.40 tex:22963 mv:3058 misc:859 imb:19 pmb:540 smb:361 d:- ref:0 ;
in:3803 out:3803 type:B dur:2 cpbdur:2 q:30.51 aq:29.39 tex:2372 mv:1881 misc:779 imb:3 pmb:224 smb:693 d:- ref:0 ;
in:3802 out:3804 type:b dur:2 cpbdur:2 q:30.51 aq:29.90 tex:401 mv:736 misc:423 imb:0 pmb:87 smb:833 d:- ref:0 ;
in:3804 out:3805 type:b dur:2 cpbdur:2 q:30.51 aq:30.76 tex:109 mv:190 misc:317 imb:0 pmb:43 smb:877 d:- ref:0 ;
in:3809 out:3806 type:P dur:2 cpbdur:2 q:30.46 aq:25.73 tex:77204 mv:5821 misc:623 imb:387 pmb:390 smb:143 d:- ref:0 ;
in:3807 out:3807 type:B dur:2 cpbdur:2 q:30.48 aq:30.23 tex:3970 mv:1959 misc:679 imb:17 pmb:210 smb:693 d:- ref:0 ;
in:3806 out:3808 type:b dur:2 cpbdur:2 q:30.49 aq:31.28 tex:1643 mv:914 misc:579 imb:12 pmb:107 smb:801 d:- ref:0 ;
in:3808 out:3809 type:b dur:2 cpbdur:2 q:30.47 aq:29.61 tex:638 mv:777 misc:473 imb:2 pmb:78 smb:840 d:- ref:0 ;
in:3813 out:3810 type:P dur:2 cpbdur:2 q:30.45 aq:26.97 tex:16623 mv:3814 misc:907 imb:33 pmb:539 smb:348 d:- ref:0 ;
in:3811 out:3811 type:B dur:2 cpbdur:2 q:30.46 aq:30.35 tex:3085 mv:1893 misc:670 imb:2 pmb:169 smb:749 d:- ref:0 ;
in:3810 out:3812 type:b dur:2 cpbdur:2 q:30.46 aq:33.42 tex:854 mv:723 misc:383 imb:1 pmb:69 smb:850 d:- ref:0 ;
in:3812 out:3813 type:b dur:2 cpbdur:2 q:30.45 aq:31.89 tex:584 mv:769 misc:431 imb:1 pmb:71 smb:848 d:- ref:0 ;
in:3817 out:3814 type:P dur:2 cpbdur:2 q:30.42 aq:29.44 tex:9566 mv:3017 misc:889 imb:31 pmb:424 smb:465 d:- ref:0 ;
in:3815 out:3815 type:B dur:2 cpbdur:2 q:30.44 aq:30.79 tex:1925 mv:1896 misc:771 imb:2 pmb:217 smb:701 d:- ref:0 ;
in:3814 out:3816 type:b dur:2 cpbdur:2 q:30.45 aq:30.19 tex:494 mv:666 misc:432 imb:1 pmb:75 smb:844 d:- ref:0 ;
in:3816 out:3817 type:b dur:2 cpbdur:2 q:30.43 aq:27.04 tex:184 mv:349 misc:411 imb:1 pmb:66 smb:853 d:- ref:0 ;
in:3818 out:3818 type:P dur:2 cpbdur:2 q:30.42 aq:29.12 tex:7045 mv:2167 misc:908 imb:16 pmb:332 smb:572 d:- ref:0 ;
in:3819 out:3819 type:I dur:2 cpbdur:2 q:27.44 aq:19.73 tex:250984 mv:25289 misc:135 imb:920 pmb:0 smb:0 d:- ref:;
in:3821 out:3820 type:P dur:2 cpbdur:2 q:30.60 aq:22.41 tex:5759 mv:529 misc:856 imb:18 pmb:225 smb:677 d:- ref:0 ;
in:3820 out:3821 type:b dur:2 cpbdur:2 q:30.60 aq:22.14 tex:467 mv:77 misc:400 imb:0 pmb:63 smb:857 d:- ref:0 ;
in:3823 out:3822 type:P dur:2 cpbdur:2 q:30.58 aq:23.60 tex:6676 mv:212 misc:768 imb:6 pmb:172 smb:742 d:- ref:0 ;
in:3822 out:3823 type:b dur:2 cpbdur:2 q:30.59 aq:19.99 tex:292 mv:47 misc:213 imb:0 pmb:15 smb:905 d:- ref:0 ;
in:3824 out:3824 type:P dur:2 cpbdur:2 q:30.55 aq:22.65 tex:9024 mv:345 misc:895 imb:6 pmb:258 smb:656 d:- ref:0 ;
in:3825 out:3825 type:P dur:2 cpbdur:2 q:30.54 aq:23.06 tex:12937 mv:409 misc:950 imb:9 pmb:309 smb:602 d:- ref:0 ;
in:3826 out:3826 type:P dur:2 cpbdur:2 q:30.53 aq:23.00 tex:17117 mv:385 misc:970 imb:8 pmb:363 smb:549 d:- ref:0 ;
in:3827 out:3827 type:P dur:2 cpbdur:2 q:30.52 aq:22.74 tex:15733 mv:337 misc:946 imb:7 pmb:330 smb:583 d:- ref:0 ;
in:3828 out:3828 type:P dur:2 cpbdur:2 q:30.51 aq:22.70 tex:15526 mv:574 misc:980 imb:17 pmb:326 smb:577 d:- ref:0 ;
in:3829 out:3829 type:P dur:2 cpbdur:2 q:30.50 aq:22.80 tex:8293 mv:225 misc:850 imb:5 pmb:216 smb:699 d:- ref:0 ;
in:3830 out:3830 type:P dur:2 cpbdur:2 q:30.47 aq:22.22 tex:6350 mv:246 misc:724 imb:5 pmb:144 smb:771 d:- ref:0 ;
in:3831 out:3831 type:P dur:2 cpbdur:2 q:30.46 aq:23.02 tex:6403 mv:227 misc:626 imb:4 pmb:126 smb:790 d:- ref:0 ;
in:3833 out:3832 type:P dur:2 cpbdur:2 q:30.45 aq:23.44 tex:5160 mv:215 misc:689 imb:8 pmb:117 smb:795 d:- ref:0 ;
in:3832 out:3833 type:b dur:2 cpbdur:2 q:30.45 aq:20.86 tex:472 mv:54 misc:154 imb:0 pmb:8 smb:912 d:- ref:0 ;
in:3835 out:3834 type:P dur:2 cpbdur:2 q:30.43 aq:22.66 tex:7463 mv:234 misc:647 imb:8 pmb:134 smb:778 d:- ref:0 ;
in:3834 out:3835 type:b dur:2 cpbdur:2 q:30.44 aq:23.58 tex:68 mv:55 misc:157 imb:1 pmb:8 smb:911 d:- ref:0 ;
in:3836 out:3836 type:P dur:2 cpbdur:2 q:30.42 aq:22.05 tex:1167 mv:97 misc:264 imb:1 pmb:21 smb:898 d:- ref:0 ;
in:3840 out:3837 type:P dur:2 cpbdur:2 q:30.42 aq:21.29 tex:35994 mv:1258 misc:940 imb:57 pmb:460 smb:403 d:- ref:0 ;
in:3838 out:3838 type:B dur:2 cpbdur:2 q:30.42 aq:21.22 tex:716 mv:157 misc:303 imb:2 pmb:32 smb:886 d:- ref:0 ;
in:3837 out:3839 type:b dur:2 cpbdur:2 q:30.42 aq:25.66 tex:715 mv:75 misc:266 imb:0 pmb:26 smb:894 d:- ref:0 ;
in:3839 out:3840 type:b dur:2 cpbdur:2 q:30.42 aq:24.00 tex:5 mv:17 misc:146 imb:0 pmb:5 smb:915 d:- ref:0 ;
in:3841 out:3841 type:P dur:2 cpbdur:2 q:30.43 aq:20.98 tex:4678 mv:247 misc:667 imb:4 pmb:121 smb:795 d:- ref:0 ;
in:3845 out:3842 type:P dur:2 cpbdur:2 q:30.42 aq:20.86 tex:4159 mv:157 misc:468 imb:4 pmb:67 smb:849 d:- ref:0 ;
in:3843 out:3843 type:B dur:2 cpbdur:2 q:30.42 aq:20.96 tex:35 mv:29 misc:176 imb:1 pmb:5 smb:914 d:- ref:0 ;
in:3842 out:3844 type:b dur:2 cpbdur:2 q:30.43 aq:33.13 tex:257 mv:14 misc:137 imb:0 pmb:4 smb:916 d:- ref:0 ;
in:3844 out:3845 type:b dur:2 cpbdur:2 q:30.42 aq:24.00 tex:0 mv:0 misc:120 imb:0 pmb:0 smb:920 d:- ref:0 ;
in:3849 out:3846 type:P dur:2 cpbdur:2 q:30.39 aq:19.01 tex:1698 mv:151 misc:359 imb:6 pmb:35 smb:879 d:- ref:0 ;
in:3847 out:3847 type:B dur:2 cpbdur:2 q:30.40 aq:21.09 tex:64 mv:22 misc:186 imb:0 pmb:7 smb:913 d:- ref:0 ;
in:3846 out:3848 type:b dur:2 cpbdur:2 q:30.41 aq:30.70 tex:167 mv:12 misc:149 imb:0 pmb:4 smb:916 d:- ref:0 ;
in:3848 out:3849 type:b dur:2 cpbdur:2 q:30.40 aq:24.00 tex:0 mv:0 misc:120 imb:0 pmb:0 smb:920 d:- ref:0 ;
in:3853 out:3850 type:P dur:2 cpbdur:2 q:30.35 aq:18.25 tex:951 mv:56 misc:289 imb:0 pmb:25 smb:895 d:- ref:0 ;
in:3851 out:3851 type:B dur:2 cpbdur:2 q:30.37 aq:20.50 tex:15 mv:4 misc:149 imb:0 pmb:1 smb:919 d:- ref:0 ;
in:3850 out:3852 type:b dur:2 cpbdur:2 q:30.38 aq:24.00 tex:0 mv:0 misc:120 imb:0 pmb:0 smb:920 d:- ref:0 ;
in:3852 out:3853 type:b dur:2 cpbdur:2 q:30.36 aq:24.00 tex:0 mv:0 misc:120 imb:0 pmb:0 smb:920 d:- ref:0 ;
in:3854 out:3854 type:P dur:2 cpbdur:2 q:30.31 aq:18.27 tex:796 mv:98 misc:362 imb:0 pmb:40 smb:880 d:- ref:0 ;
in:3858 out:3855 type:P dur:2 cpbdur:2 q:30.30 aq:21.09 tex:871 mv:105 misc:280 imb:1 pmb:21 smb:898 d:- ref:0 ;
in:3856 out:3856 type:B dur:2 cpbdur:2 q:30.30 aq:22.00 tex:0 mv:0 misc:136 imb:0 pmb:0 smb:920 d:- ref:0 ;
in:3855 out:3857 type:b dur:2 cpbdur:2 q:30.30 aq:24.00 tex:0 mv:0 misc:120 imb:0 pmb:0 smb:920 d:- ref:0 ;
in:3857 out:3858 type:b dur:2 cpbdur:2 q:30.30 aq:24.00 tex:9 mv:4 misc:131 imb:0 pmb:1 smb:919 d:- ref:0 ;
in:3861 out:3859 type:P dur:2 cpbdur:2 q:30.25 aq:22.77 tex:780 mv:56 misc:292 imb:0 pmb:24 smb:896 d:- ref:0 ;
in:3859 out:3860 type:B dur:2 cpbdur:2 q:30.28 aq:21.98 tex:17 mv:4 misc:147 imb:0 pmb:1 smb:919 d:- ref:0 ;
in:3860 out:3861 type:b dur:2 cpbdur:2 q:30.27 aq:24.00 tex:0 mv:0 misc:120 imb:0 pmb:0 smb:920 d:- ref:0 ;
in:3862 out:3862 type:P dur:2 cpbdur:2 q:30.22 aq:20.76 tex:586 mv:79 misc:295 imb:1 pmb:23 smb:896 d:- ref:0 ;
in:3863 out:3863 type:P dur:2 cpbdur:2 q:30.21 aq:20.32 tex:774 mv:181 misc:405 imb:8 pmb:36 smb:876 d:- ref:0 ;
in:3864 out:3864 type:P dur:2 cpbdur:2 q:30.20 aq:19.63 tex:693 mv:110 misc:317 imb:5 pmb:22 smb:893 d:- ref:0 ;
in:3865 out:3865 type:P dur:2 cpbdur:2 q:30.19 aq:18.98 tex:483 mv:130 misc:307 imb:5 pmb:22 smb:893 d:- ref:0 ;
in:3866 out:3866 type:P dur:2 cpbdur:2 q:30.18 aq:21.21 tex:183 mv:57 misc:224 imb:3 pmb:7 smb:910 d:- ref:0 ;
in:3870 out:3867 type:P dur:2 cpbdur:2 q:30.16 aq:18.00 tex:1464 mv:202 misc:310 imb:14 pmb:21 smb:885 d:- ref:0 ;
in:3868 out:3868 type:B dur:2 cpbdur:2 q:30.17 aq:20.22 tex:99 mv:33 misc:204 imb:1 pmb:8 smb:911 d:- ref:0 ;
in:3867 out:3869 type:b dur:2 cpbdur:2 q:30.17 aq:21.15 tex:28 mv:8 misc:140 imb:0 pmb:2 smb:918 d:- ref:0 ;
in:3869 out:3870 type:b dur:2 cpbdur:2 q:30.17 aq:24.00 tex:0 mv:0 misc:120 imb:0 pmb:0 smb:920 d:- ref:0 ;
in:3871 out:3871 type:P dur:2 cpbdur:2 q:30.13 aq:13.12 tex:154 mv:17 misc:173 imb:1 pmb:2 smb:917 d:- ref:0 ;
in:3872 out:3872 type:I dur:2 cpbdur:2 q:27.38 aq:21.42 tex:276282 mv:35017 misc:141 imb:920 pmb:0 smb:0 d:- ref:;
in:3876 out:3873 type:P dur:2 cpbdur:2 q:30.22 aq:24.92 tex:1496 mv:105 misc:303 imb:1 pmb:31 smb:888 d:- ref:0 ;
in:3874 out:3874 type:B dur:2 cpbdur:2 q:30.22 aq:27.16 tex:24 mv:14 misc:138 imb:0 pmb:4 smb:916 d:- ref:0 ;
in:3873 out:3875 type:b dur:2 cpbdur:2 q:30.22 aq:31.00 tex:0 mv:0 misc:120 imb:0 pmb:0 smb:920 d:- ref:0 ;
in:3875 out:3876 type:b dur:2 cpbdur:2 q:30.22 aq:31.00 tex:1 mv:9 misc:134 imb:0 pmb:3 smb:917 d:- ref:0 ;
in:3880 out:3877 type:P dur:2 cpbdur:2 q:30.18 aq:27.55 tex:2538 mv:81 misc:205 imb:1 pmb:17 smb:902 d:- ref:0 ;
in:3878 out:3878 type:B dur:2 cpbdur:2 q:30.20 aq:33.28 tex:716 mv:61 misc:159 imb:0 pmb:11 smb:909 d:- ref:0 ;
in:3877 out:3879 type:b dur:2 cpbdur:2 q:30.21 aq:34.15 tex:20 mv:17 misc:139 imb:0 pmb:6 smb:914 d:- ref:0 ;
in:3879 out:3880 type:b dur:2 cpbdur:2 q:30.19 aq:29.46 tex:876 mv:52 misc:152 imb:1 pmb:8 smb:911 d:- ref:0 ;
in:3881 out:3881 type:P dur:2 cpbdur:2 q:30.12 aq:25.00 tex:1874 mv:78 misc:192 imb:1 pmb:16 smb:903 d:- ref:0 ;
in:3882 out:3882 type:i dur:2 cpbdur:2 q:27.34 aq:19.19 tex:161010 mv:24882 misc:124 imb:920 pmb:0 smb:0 d:- ref:;
in:3886 out:3883 type:P dur:2 cpbdur:2 q:30.28 aq:22.06 tex:1601 mv:304 misc:631 imb:7 pmb:112 smb:801 d:- ref:0 ;
in:3884 out:3884 type:B dur:2 cpbdur:2 q:30.28 aq:22.66 tex:265 mv:47 misc:320 imb:0 pmb:36 smb:884 d:- ref:0 ;
in:3883 out:3885 type:b dur:2 cpbdur:2 q:30.28 aq:23.45 tex:180 mv:28 misc:240 imb:0 pmb:24 smb:896 d:- ref:0 ;
in:3885 out:3886 type:b dur:2 cpbdur:2 q:30.28 aq:25.00 tex:0 mv:0 misc:120 imb:0 pmb:0 smb:920 d:- ref:0 ;
in:3889 out:3887 type:P dur:2 cpbdur:2 q:30.23 aq:21.18 tex:867 mv:89 misc:220 imb:3 pmb:15 smb:902 d:- ref:0 ;
in:3887 out:3888 type:B dur:2 cpbdur:2 q:30.26 aq:32.90 tex:129 mv:20 misc:163 imb:0 pmb:5 smb:915 d:- ref:0 ;
in:3888 out:3889 type:b dur:2 cpbdur:2 q:30.25 aq:23.86 tex:427 mv:55 misc:238 imb:0 pmb:21 smb:899 d:- ref:0 ;
in:3890 out:3890 type:i dur:2 cpbdur:2 q:27.35 aq:23.09 tex:109340 mv:25806 misc:118 imb:920 pmb:0 smb:0 d:- ref:;
in:3894 out:3891 type:P dur:2 cpbdur:2 q:30.26 aq:25.90 tex:68205 mv:6063 misc:676 imb:320 pmb:382 smb:218 d:- ref:0 ;
in:3892 out:3892 type:B dur:2 cpbdur:2 q:30.26 aq:29.06 tex:14742 mv:4010 misc:824 imb:23 pmb:340 smb:557 d:- ref:0 ;
in:3891 out:3893 type:b dur:2 cpbdur:2 q:30.26 aq:27.90 tex:6451 mv:2142 misc:607 imb:12 pmb:217 smb:691 d:- ref:0 ;
in:3893 out:3894 type:b dur:2 cpbdur:2 q:30.26 aq:29.85 tex:3772 mv:2419 misc:625 imb:2 pmb:205 smb:713 d:- ref:0 ;
in:3898 out:3895 type:P dur:2 cpbdur:2 q:30.33 aq:25.01 tex:50626 mv:6863 misc:631 imb:193 pmb:566 smb:161 d:- ref:0 ;
in:3896 out:3896 type:B dur:2 cpbdur:2 q:30.30 aq:28.35 tex:12486 mv:4684 misc:814 imb:19 pmb:363 smb:538 d:- ref:0 ;
in:3895 out:3897 type:b dur:2 cpbdur:2 q:30.28 aq:29.66 tex:4628 mv:2580 misc:648 imb:6 pmb:208 smb:706 d:- ref:0 ;
in:3897 out:3898 type:b dur:2 cpbdur:2 q:30.31 aq:31.40 tex:5079 mv:2855 misc:578 imb:10 pmb:213 smb:697 d:- ref:0 ;
in:3902 out:3899 type:P dur:2 cpbdur:2 q:30.31 aq:25.28 tex:47874 mv:6445 misc:649 imb:163 pmb:534 smb:223 d:- ref:0 ;
in:3900 out:3900 type:B dur:2 cpbdur:2 q:30.32 aq:29.12 tex:10141 mv:5005 misc:774 imb:22 pmb:332 smb:566 d:- ref:0 ;
in:3899 out:3901 type:b dur:2 cpbdur:2 q:30.32 aq:32.85 tex:220 mv:678 misc:598 imb:0 pmb:157 smb:763 d:- ref:0 ;
in:3901 out:3902 type:b dur:2 cpbdur:2 q:30.32 aq:30.06 tex:4205 mv:2809 misc:650 imb:11 pmb:206 smb:703 d:- ref:0 ;
in:3906 out:3903 type:P dur:2 cpbdur:2 q:30.35 aq:25.39 tex:42662 mv:6442 misc:728 imb:145 pmb:524 smb:251 d:- ref:0 ;
in:3904 out:3904 type:B dur:2 cpbdur:2 q:30.33 aq:30.37 tex:8666 mv:4183 misc:759 imb:11 pmb:339 smb:570 d:- ref:0 ;
in:3903 out:3905 type:b dur:2 cpbdur:2 q:30.32 aq:27.34 tex:182 mv:572 misc:582 imb:2 pmb:131 smb:787 d:- ref:0 ;
in:3905 out:3906 type:b dur:2 cpbdur:2 q:30.34 aq:28.70 tex:6725 mv:3419 misc:688 imb:8 pmb:274 smb:638 d:- ref:0 ;
in:3910 out:3907 type:P dur:2 cpbdur:2 q:30.35 aq:25.08 tex:126119 mv:7379 misc:366 imb:595 pmb:247 smb:78 d:- ref:0 ;
in:3908 out:3908 type:B dur:2 cpbdur:2 q:30.35 aq:29.47 tex:12503 mv:3673 misc:856 imb:23 pmb:355 smb:542 d:- ref:0 ;
in:3907 out:3909 type:b dur:2 cpbdur:2 q:30.35 aq:27.53 tex:183 mv:504 misc:569 imb:0 pmb:130 smb:790 d:- ref:0 ;
in:3909 out:3910 type:b dur:2 cpbdur:2 q:30.35 aq:32.33 tex:11612 mv:3485 misc:743 imb:33 pmb:296 smb:591 d:- ref:0 ;
in:3914 out:3911 type:P dur:2 cpbdur:2 q:30.42 aq:26.25 tex:28021 mv:4299 misc:776 imb:75 pmb:576 smb:269 d:- ref:0 ;
in:3912 out:3912 type:B dur:2 cpbdur:2 q:30.39 aq:28.39 tex:3197 mv:1888 misc:667 imb:13 pmb:190 smb:717 d:- ref:0 ;
in:3911 out:3913 type:b dur:2 cpbdur:2 q:30.37 aq:30.86 tex:1850 mv:892 misc:498 imb:7 pmb:103 smb:810 d:- ref:0 ;
in:3913 out:3914 type:b dur:2 cpbdur:2 q:30.40 aq:29.45 tex:626 mv:762 misc:556 imb:5 pmb:112 smb:803 d:- ref:0 ;
in:3918 out:3915 type:P dur:2 cpbdur:2 q:30.44 aq:25.82 tex:82925 mv:5763 misc:552 imb:338 pmb:428 smb:154 d:- ref:0 ;
in:3916 out:3916 type:B dur:2 cpbdur:2 q:30.43 aq:29.40 tex:6134 mv:2485 misc:789 imb:25 pmb:269 smb:626 d:- ref:0 ;
in:3915 out:3917 type:b dur:2 cpbdur:2 q:30.43 aq:28.76 tex:2775 mv:1415 misc:594 imb:7 pmb:147 smb:766 d:- ref:0 ;
in:3917 out:3918 type:b dur:2 cpbdur:2 q:30.44 aq:29.17 tex:417 mv:225 misc:438 imb:0 pmb:85 smb:835 d:- ref:0 ;
in:3921 out:3919 type:P dur:2 cpbdur:2 q:30.50 aq:25.72 tex:36616 mv:4242 misc:822 imb:58 pmb:598 smb:264 d:- ref:0 ;
in:3919 out:3920 type:B dur:2 cpbdur:2 q:30.46 aq:31.08 tex:3474 mv:1537 misc:581 imb:6 pmb:158 smb:756 d:- ref:0 ;
in:3920 out:3921 type:b dur:2 cpbdur:2 q:30.48 aq:29.92 tex:2296 mv:1228 misc:468 imb:2 pmb:128 smb:790 d:- ref:0 ;
in:3925 out:3922 type:P dur:2 cpbdur:2 q:30.50 aq:26.22 tex:35127 mv:4448 misc:833 imb:74 pmb:552 smb:294 d:- ref:0 ;
in:3923 out:3923 type:B dur:2 cpbdur:2 q:30.50 aq:29.45 tex:4291 mv:2126 misc:759 imb:2 pmb:217 smb:701 d:- ref:0 ;
in:3922 out:3924 type:b dur:2 cpbdur:2 q:30.50 aq:31.47 tex:124 mv:253 misc:463 imb:0 pmb:85 smb:835 d:- ref:0 ;
in:3924 out:3925 type:b dur:2 cpbdur:2 q:30.50 aq:33.00 tex:2955 mv:1341 misc:552 imb:1 pmb:145 smb:774 d:- ref:0 ;
in:3929 out:3926 type:P dur:2 cpbdur:2 q:30.49 aq:27.61 tex:26151 mv:3763 misc:830 imb:74 pmb:493 smb:353 d:- ref:0 ;
in:3927 out:3927 type:B dur:2 cpbdur:2 q:30.50 aq:32.62 tex:3513 mv:1583 misc:584 imb:9 pmb:144 smb:767 d:- ref:0 ;
in:3926 out:3928 type:b dur:2 cpbdur:2 q:30.50 aq:22.87 tex:168 mv:352 misc:520 imb:0 pmb:112 smb:808 d:- ref:0 ;
in:3928 out:3929 type:b dur:2 cpbdur:2 q:30.50 aq:32.24 tex:2274 mv:972 misc:466 imb:8 pmb:99 smb:813 d:- ref:0 ;
in:3933 out:3930 type:P dur:2 cpbdur:2 q:30.49 aq:26.71 tex:78786 mv:5278 misc:672 imb:328 pmb:348 smb:244 d:- ref:0 ;
in:3931 out:3931 type:B dur:2 cpbdur:2 q:30.49 aq:30.91 tex:7011 mv:2459 misc:810 imb:7 pmb:276 smb:637 d:- ref:0 ;
in:3930 out:3932 type:b dur:2 cpbdur:2 q:30.49 aq:32.92 tex:5386 mv:1871 misc:655 imb:13 pmb:204 smb:703 d:- ref:0 ;
in:3932 out:3933 type:b dur:2 cpbdur:2 q:30.49 aq:29.99 tex:988 mv:778 misc:514 imb:1 pmb:134 smb:785 d:- ref:0 ;
in:3937 out:3934 type:P dur:2 cpbdur:2 q:30.51 aq:26.23 tex:74276 mv:6611 misc:649 imb:294 pmb:461 smb:165 d:- ref:0 ;
in:3935 out:3935 type:B dur:2 cpbdur:2 q:30.50 aq:28.59 tex:11559 mv:4235 misc:806 imb:20 pmb:371 smb:529 d:- ref:0 ;
in:3934 out:3936 type:b dur:2 cpbdur:2 q:30.50 aq:31.55 tex:8588 mv:3486 misc:726 imb:29 pmb:301 smb:590 d:- ref:0 ;
in:3936 out:3937 type:b dur:2 cpbdur:2 q:30.50 aq:27.32 tex:1649 mv:1955 misc:684 imb:2 pmb:204 smb:714 d:- ref:0 ;
in:3941 out:3938 type:P dur:2 cpbdur:2 q:30.51 aq:26.12 tex:49264 mv:6425 misc:655 imb:121 pmb:623 smb:176 d:- ref:0 ;
in:3939 out:3939 type:B dur:2 cpbdur:2 q:30.51 aq:31.84 tex:6451 mv:4308 misc:841 imb:11 pmb:372 smb:537 d:- ref:0 ;
in:3938 out:3940 type:b dur:2 cpbdur:2 q:30.51 aq:33.72 tex:1457 mv:1256 misc:559 imb:2 pmb:140 smb:778 d:- ref:0 ;
in:3940 out:3941 type:b dur:2 cpbdur:2 q:30.51 aq:32.02 tex:3262 mv:2093 misc:589 imb:12 pmb:188 smb:720 d:- ref:0 ;
in:3945 out:3942 type:P dur:2 cpbdur:2 q:30.51 aq:26.62 tex:46367 mv:6258 misc:695 imb:128 pmb:600 smb:192 d:- ref:0 ;
in:3943 out:3943 type:B dur:2 cpbdur:2 q:30.51 aq:30.89 tex:8205 mv:4350 misc:869 imb:15 pmb:350 smb:555 d:- ref:0 ;
in:3942 out:3944 type:b dur:2 cpbdur:2 q:30.51 aq:31.75 tex:1707 mv:1545 misc:700 imb:6 pmb:195 smb:719 d:- ref:0 ;
in:3944 out:3945 type:b dur:2 cpbdur:2 q:30.51 aq:32.46 tex:4564 mv:2945 misc:747 imb:7 pmb:254 smb:659 d:- ref:0 ;
in:3949 out:3946 type:P dur:2 cpbdur:2 q:30.54 aq:27.80 tex:32699 mv:5437 misc:736 imb:97 pmb:543 smb:280 d:- ref:0 ;
in:3947 out:3947 type:B dur:2 cpbdur:2 q:30.52 aq:30.56 tex:7335 mv:3681 misc:856 imb:15 pmb:306 smb:599 d:- ref:0 ;
in:3946 out:3948 type:b dur:2 cpbdur:2 q:30.52 aq:31.68 tex:2439 mv:1559 misc:714 imb:3 pmb:187 smb:730 d:- ref:0 ;
in:3948 out:3949 type:b dur:2 cpbdur:2 q:30.53 aq:32.10 tex:3450 mv:2147 misc:723 imb:8 pmb:203 smb:709 d:- ref:0 ;
in:3953 out:3950 type:P dur:2 cpbdur:2 q:30.56 aq:26.78 tex:72563 mv:6743 misc:526 imb:408 pmb:396 smb:116 d:- ref:0 ;
in:3951 out:3951 type:B dur:2 cpbdur:2 q:30.55 aq:30.25 tex:10157 mv:4682 misc:913 imb:15 pmb:413 smb:492 d:- ref:0 ;
in:3950 out:3952 type:b dur:2 cpbdur:2 q:30.55 aq:30.97 tex:2701 mv:2458 misc:729 imb:8 pmb:214 smb:698 d:- ref:0 ;
in:3952 out:3953 type:b dur:2 cpbdur:2 q:30.55 aq:31.98 tex:3886 mv:2359 misc:651 imb:14 pmb:217 smb:689 d:- ref:0 ;
in:3957 out:3954 type:P dur:2 cpbdur:2 q:30.59 aq:25.94 tex:68322 mv:6469 misc:513 imb:379 pmb:397 smb:144 d:- ref:0 ;
in:3955 out:3955 type:B dur:2 cpbdur:2 q:30.57 aq:28.23 tex:10535 mv:4100 misc:805 imb:19 pmb:404 smb:497 d:- ref:0 ;
in:3954 out:3956 type:b dur:2 cpbdur:2 q:30.57 aq:30.35 tex:631 mv:691 misc:526 imb:1 pmb:112 smb:807 d:- ref:0 ;
in:3956 out:3957 type:b dur:2 cpbdur:2 q:30.58 aq:30.11 tex:2426 mv:2011 misc:691 imb:1 pmb:231 smb:688 d:- ref:0 ;
in:3961 out:3958 type:P dur:2 cpbdur:2 q:30.60 aq:24.89 tex:97265 mv:7032 misc:495 imb:342 pmb:486 smb:92 d:- ref:0 ;
in:3959 out:3959 type:B dur:2 cpbdur:2 q:30.59 aq:28.42 tex:9263 mv:3403 misc:942 imb:6 pmb:366 smb:548 d:- ref:0 ;
in:3958 out:3960 type:b dur:2 cpbdur:2 q:30.59 aq:31.90 tex:1658 mv:993 misc:581 imb:2 pmb:124 smb:794 d:- ref:0 ;
in:3960 out:3961 type:b dur:2 cpbdur:2 q:30.60 aq:32.22 tex:1035 mv:1181 misc:608 imb:1 pmb:141 smb:778 d:- ref:0 ;
in:3965 out:3962 type:P dur:2 cpbdur:2 q:30.65 aq:25.81 tex:31607 mv:4790 misc:771 imb:74 pmb:619 smb:227 d:- ref:0 ;
in:3963 out:3963 type:B dur:2 cpbdur:2 q:30.62 aq:29.52 tex:3323 mv:2069 misc:728 imb:5 pmb:197 smb:718 d:- ref:0 ;
in:3962 out:3964 type:b dur:2 cpbdur:2 q:30.61 aq:31.19 tex:992 mv:738 misc:470 imb:2 pmb:93 smb:825 d:- ref:0 ;
in:3964 out:3965 type:b dur:2 cpbdur:2 q:30.63 aq:32.11 tex:1072 mv:880 misc:488 imb:1 pmb:97 smb:822 d:- ref:0 ;
in:3969 out:3966 type:P dur:2 cpbdur:2 q:30.66 aq:24.69 tex:81517 mv:6091 misc:552 imb:330 pmb:467 smb:123 d:- ref:0 ;
in:3967 out:3967 type:B dur:2 cpbdur:2 q:30.65 aq:29.88 tex:6761 mv:3038 misc:897 imb:18 pmb:338 smb:564 d:- ref:0 ;
in:3966 out:3968 type:b dur:2 cpbdur:2 q:30.65 aq:28.72 tex:1079 mv:1097 misc:592 imb:0 pmb:131 smb:789 d:- ref:0 ;
in:3968 out:3969 type:b dur:2 cpbdur:2 q:30.65 aq:30.42 tex:1182 mv:1030 misc:580 imb:7 pmb:128 smb:785 d:- ref:0 ;
in:3973 out:3970 type:P dur:2 cpbdur:2 q:30.70 aq:26.35 tex:31797 mv:4305 misc:754 imb:74 pmb:560 smb:286 d:- ref:0 ;
in:3971 out:3971 type:B dur:2 cpbdur:2 q:30.68 aq:28.41 tex:4626 mv:2499 misc:867 imb:5 pmb:278 smb:637 d:- ref:0 ;
in:3970 out:3972 type:b dur:2 cpbdur:2 q:30.67 aq:30.06 tex:407 mv:647 misc:554 imb:0 pmb:118 smb:802 d:- ref:0 ;
in:3972 out:3973 type:b dur:2 cpbdur:2 q:30.69 aq:29.29 tex:1032 mv:946 misc:518 imb:2 pmb:104 smb:814 d:- ref:0 ;
in:3974 out:3974 type:P dur:2 cpbdur:2 q:30.68 aq:24.52 tex:57096 mv:2930 misc:638 imb:293 pmb:149 smb:478 d:- ref:0 ;
in:3978 out:3975 type:P dur:2 cpbdur:2 q:30.69 aq:25.45 tex:38766 mv:4895 misc:723 imb:69 pmb:638 smb:213 d:- ref:0 ;
in:3976 out:3976 type:B dur:2 cpbdur:2 q:30.68 aq:29.73 tex:2658 mv:2433 misc:765 imb:6 pmb:252 smb:662 d:- ref:0 ;
in:3975 out:3977 type:b dur:2 cpbdur:2 q:30.68 aq:31.48 tex:1371 mv:1222 misc:631 imb:3 pmb:157 smb:760 d:- ref:0 ;
in:3977 out:3978 type:b dur:2 cpbdur:2 q:30.69 aq:26.32 tex:450 mv:581 misc:521 imb:0 pmb:99 smb:821 d:- ref:0 ;
in:3982 out:3979 type:P dur:2 cpbdur:2 q:30.70 aq:25.58 tex:35671 mv:4817 misc:752 imb:74 pmb:612 smb:234 d:- ref:0 ;
in:3980 out:3980 type:B dur:2 cpbdur:2 q:30.70 aq:28.72 tex:3215 mv:2534 misc:811 imb:5 pmb:238 smb:677 d:- ref:0 ;
in:3979 out:3981 type:b dur:2 cpbdur:2 q:30.69 aq:29.02 tex:745 mv:698 misc:501 imb:1 pmb:89 smb:830 d:- ref:0 ;
in:3981 out:3982 type:b dur:2 cpbdur:2 q:30.70 aq:28.76 tex:872 mv:1120 misc:704 imb:2 pmb:172 smb:746 d:- ref:0 ;
in:3986 out:3983 type:P dur:2 cpbdur:2 q:30.69 aq:27.16 tex:30271 mv:4524 misc:741 imb:58 pmb:557 smb:305 d:- ref:0 ;
in:3984 out:3984 type:B dur:2 cpbdur:2 q:30.70 aq:29.53 tex:4117 mv:2646 misc:813 imb:6 pmb:255 smb:659 d:- ref:0 ;
in:3983 out:3985 type:b dur:2 cpbdur:2 q:30.70 aq:28.80 tex:602 mv:863 misc:543 imb:2 pmb:124 smb:794 d:- ref:0 ;
in:3985 out:3986 type:b dur:2 cpbdur:2 q:30.69 aq:28.65 tex:946 mv:1522 misc:604 imb:3 pmb:142 smb:775 d:- ref:0 ;
in:3990 out:3987 type:P dur:2 cpbdur:2 q:30.71 aq:25.19 tex:63688 mv:6048 misc:536 imb:357 pmb:436 smb:127 d:- ref:0 ;
in:3988 out:3988 type:B dur:2 cpbdur:2 q:30.70 aq:29.72 tex:4946 mv:2693 misc:769 imb:34 pmb:235 smb:651 d:- ref:0 ;
in:3987 out:3989 type:b dur:2 cpbdur:2 q:30.69 aq:30.59 tex:1651 mv:1238 misc:719 imb:2 pmb:183 smb:735 d:- ref:0 ;
in:3989 out:3990 type:b dur:2 cpbdur:2 q:30.70 aq:32.00 tex:885 mv:1116 misc:559 imb:1 pmb:113 smb:806 d:- ref:0 ;
in:3994 out:3991 type:P dur:2 cpbdur:2 q:30.71 aq:25.92 tex:27379 mv:4067 misc:842 imb:90 pmb:496 smb:334 d:- ref:0 ;
in:3992 out:3992 type:B dur:2 cpbdur:2 q:30.71 aq:28.33 tex:5021 mv:2766 misc:869 imb:17 pmb:282 smb:621 d:- ref:0 ;
in:3991 out:3993 type:b dur:2 cpbdur:2 q:30.71 aq:30.06 tex:1582 mv:1389 misc:629 imb:8 pmb:140 smb:772 d:- ref:0 ;
in:3993 out:3994 type:b dur:2 cpbdur:2 q:30.71 aq:29.90 tex:987 mv:1096 misc:549 imb:2 pmb:110 smb:808 d:- ref:0 ;
in:3998 out:3995 type:P dur:2 cpbdur:2 q:30.70 aq:24.27 tex:65465 mv:5920 misc:671 imb:375 pmb:351 smb:194 d:- ref:0 ;
in:3996 out:3996 type:B dur:2 cpbdur:2 q:30.70 aq:28.48 tex:3241 mv:2300 misc:763 imb:8 pmb:216 smb:696 d:- ref:0 ;
in:3995 out:3997 type:b dur:2 cpbdur:2 q:30.71 aq:29.67 tex:862 mv:945 misc:569 imb:9 pmb:158 smb:753 d:- ref:0 ;
in:3997 out:3998 type:b dur:2 cpbdur:2 q:30.70 aq:29.26 tex:1063 mv:1024 misc:457 imb:1 pmb:95 smb:824 d:- ref:0 ;
in:3999 out:3999 type:P dur:2 cpbdur:2 q:30.72 aq:24.33 tex:4807 mv:732 misc:797 imb:21 pmb:178 smb:721 d:- ref:0 ;
in:4002 out:4000 type:P dur:2 cpbdur:2 q:30.71 aq:24.56 tex:26286 mv:4228 misc:870 imb:76 pmb:524 smb:320 d:- ref:0 ;
in:4000 out:4001 type:B dur:2 cpbdur:2 q:30.72 aq:29.62 tex:1711 mv:1439 misc:506 imb:4 pmb:133 smb:783 d:- ref:0 ;
in:4001 out:4002 type:b dur:2 cpbdur:2 q:30.71 aq:28.68 tex:1613 mv:1211 misc:504 imb:5 pmb:124 smb:791 d:- ref:0 ;
in:4006 out:4003 type:P dur:2 cpbdur:2 q:30.71 aq:25.69 tex:21308 mv:4199 misc:901 imb:85 pmb:479 smb:356 d:- ref:0 ;
in:4004 out:4004 type:B dur:2 cpbdur:2 q:30.71 aq:29.48 tex:2238 mv:1784 misc:674 imb:6 pmb:171 smb:743 d:- ref:0 ;
in:4003 out:4005 type:b dur:2 cpbdur:2 q:30.71 aq:16.27 tex:46 mv:212 misc:374 imb:0 pmb:57 smb:863 d:- ref:0 ;
in:4005 out:4006 type:b dur:2 cpbdur:2 q:30.71 aq:30.07 tex:1601 mv:1282 misc:533 imb:1 pmb:120 smb:799 d:- ref:0 ;
in:4010 out:4007 type:P dur:2 cpbdur:2 q:30.70 aq:25.02 tex:54868 mv:4960 misc:700 imb:333 pmb:280 smb:307 d:- ref:0 ;
in:4008 out:4008 type:B dur:2 cpbdur:2 q:30.71 aq:27.76 tex:3684 mv:2144 misc:788 imb:23 pmb:225 smb:672 d:- ref:0 ;
in:4007 out:4009 type:b dur:2 cpbdur:2 q:30.71 aq:29.36 tex:59 mv:264 misc:357 imb:0 pmb:60 smb:860 d:- ref:0 ;
in:4009 out:4010 type:b dur:2 cpbdur:2 q:30.70 aq:31.15 tex:1790 mv:1111 misc:515 imb:6 pmb:129 smb:785 d:- ref:0 ;
in:4014 out:4011 type:P dur:2 cpbdur:2 q:30.70 aq:24.48 tex:55584 mv:6547 misc:605 imb:344 pmb:392 smb:184 d:- ref:0 ;
in:4012 out:4012 type:B dur:2 cpbdur:2 q:30.70 aq:27.75 tex:4553 mv:3448 misc:911 imb:9 pmb:328 smb:583 d:- ref:0 ;
in:4011 out:4013 type:b dur:2 cpbdur:2 q:30.70 aq:29.71 tex:1810 mv:2019 misc:779 imb:4 pmb:198 smb:718 d:- ref:0 ;
in:4013 out:4014 type:b dur:2 cpbdur:2 q:30.70 aq:28.00 tex:1159 mv:1250 misc:631 imb:0 pmb:144 smb:776 d:- ref:0 ;
in:4018 out:4015 type:P dur:2 cpbdur:2 q:30.70 aq:24.42 tex:26517 mv:5723 misc:680 imb:120 pmb:539 smb:261 d:- ref:0 ;
in:4016 out:4016 type:B dur:2 cpbdur:2 q:30.70 aq:28.11 tex:4620 mv:3291 misc:897 imb:10 pmb:313 smb:597 d:- ref:0 ;
in:4015 out:4017 type:b dur:2 cpbdur:2 q:30.70 aq:30.00 tex:1596 mv:1992 misc:756 imb:3 pmb:192 smb:725 d:- ref:0 ;
in:4017 out:4018 type:b dur:2 cpbdur:2 q:30.70 aq:28.80 tex:1419 mv:1326 misc:607 imb:1 pmb:145 smb:774 d:- ref:0 ;
in:4022 out:4019 type:P dur:2 cpbdur:2 q:30.69 aq:24.01 tex:58500 mv:6263 misc:573 imb:338 pmb:395 smb:187 d:- ref:0 ;
in:4020 out:4020 type:B dur:2 cpbdur:2 q:30.69 aq:28.27 tex:5480 mv:2858 misc:862 imb:8 pmb:289 smb:623 d:- ref:0 ;
in:4019 out:4021 type:b dur:2 cpbdur:2 q:30.69 aq:27.46 tex:475 mv:1123 misc:674 imb:0 pmb:149 smb:771 d:- ref:0 ;
in:4021 out:4022 type:b dur:2 cpbdur:2 q:30.69 aq:30.42 tex:1370 mv:1254 misc:704 imb:10 pmb:155 smb:755 d:- ref:0 ;
in:4026 out:4023 type:P dur:2 cpbdur:2 q:30.69 aq:24.65 tex:22832 mv:4877 misc:811 imb:98 pmb:528 smb:294 d:- ref:0 ;
in:4024 out:4024 type:B dur:2 cpbdur:2 q:30.69 aq:29.63 tex:3296 mv:3333 misc:875 imb:17 pmb:269 smb:634 d:- ref:0 ;
in:4023 out:4025 type:b dur:2 cpbdur:2 q:30.69 aq:28.62 tex:475 mv:1039 misc:590 imb:1 pmb:115 smb:804 d:- ref:0 ;
in:4025 out:4026 type:b dur:2 cpbdur:2 q:30.69 aq:29.68 tex:1203 mv:1540 misc:673 imb:2 pmb:152 smb:766 d:- ref:0 ;
in:4030 out:4027 type:P dur:2 cpbdur:2 q:30.68 aq:26.16 tex:17262 mv:4312 misc:898 imb:83 pmb:473 smb:364 d:- ref:0 ;
in:4028 out:4028 type:B dur:2 cpbdur:2 q:30.69 aq:30.12 tex:2407 mv:2692 misc:805 imb:4 pmb:241 smb:675 d:- ref:0 ;
in:4027 out:4029 type:b dur:2 cpbdur:2 q:30.69 aq:30.93 tex:486 mv:835 misc:471 imb:1 pmb:80 smb:839 d:- ref:0 ;
in:4029 out:4030 type:b dur:2 cpbdur:2 q:30.69 aq:29.41 tex:512 mv:1077 misc:515 imb:0 pmb:99 smb:821 d:- ref:0 ;
in:4034 out:4031 type:P dur:2 cpbdur:2 q:30.68 aq:25.02 tex:83257 mv:5971 misc:668 imb:357 pmb:344 smb:219 d:- ref:0 ;
in:4032 out:4032 type:B dur:2 cpbdur:2 q:30.68 aq:28.48 tex:5888 mv:2895 misc:873 imb:10 pmb:287 smb:623 d:- ref:0 ;
in:4031 out:4033 type:b dur:2 cpbdur:2 q:30.68 aq:29.97 tex:2581 mv:1404 misc:591 imb:3 pmb:148 smb:769 d:- ref:0 ;
in:4033 out:4034 type:b dur:2 cpbdur:2 q:30.68 aq:30.48 tex:1472 mv:1092 misc:460 imb:1 pmb:95 smb:824 d:- ref:0 ;
in:4038 out:4035 type:P dur:2 cpbdur:2 q:30.70 aq:25.00 tex:81153 mv:6186 misc:565 imb:312 pmb:448 smb:160 d:- ref:0 ;
in:4036 out:4036 type:B dur:2 cpbdur:2 q:30.69 aq:30.31 tex:4810 mv:2963 misc:891 imb:10 pmb:306 smb:604 d:- ref:0 ;
in:4035 out:4037 type:b dur:2 cpbdur:2 q:30.68 aq:29.75 tex:2063 mv:1546 misc:671 imb:5 pmb:158 smb:757 d:- ref:0 ;
in:4037 out:4038 type:b dur:2 cpbdur:2 q:30.70 aq:32.62 tex:718 mv:1190 misc:508 imb:3 pmb:108 smb:809 d:- ref:0 ;
in:4042 out:4039 type:P dur:2 cpbdur:2 q:30.72 aq:25.50 tex:40050 mv:5164 misc:650 imb:94 pmb:618 smb:208 d:- ref:0 ;
in:4040 out:4040 type:B dur:2 cpbdur:2 q:30.71 aq:31.08 tex:3454 mv:3182 misc:868 imb:9 pmb:299 smb:612 d:- ref:0 ;
in:4039 out:4041 type:b dur:2 cpbdur:2 q:30.71 aq:33.64 tex:1131 mv:1180 misc:569 imb:3 pmb:121 smb:796 d:- ref:0 ;
in:4041 out:4042 type:b dur:2 cpbdur:2 q:30.72 aq:31.60 tex:1801 mv:1932 misc:683 imb:3 pmb:181 smb:736 d:- ref:0 ;
in:4046 out:4043 type:P dur:2 cpbdur:2 q:30.72 aq:26.23 tex:40133 mv:5102 misc:661 imb:85 pmb:598 smb:237 d:- ref:0 ;
in:4044 out:4044 type:B dur:2 cpbdur:2 q:30.72 aq:29.96 tex:5805 mv:3761 misc:930 imb:20 pmb:335 smb:565 d:- ref:0 ;
in:4043 out:4045 type:b dur:2 cpbdur:2 q:30.72 aq:33.96 tex:1112 mv:1221 misc:579 imb:0 pmb:121 smb:799 d:- ref:0 ;
in:4045 out:4046 type:b dur:2 cpbdur:2 q:30.72 aq:29.33 tex:1840 mv:2247 misc:753 imb:4 pmb:218 smb:698 d:- ref:0 ;
in:4050 out:4047 type:P dur:2 cpbdur:2 q:30.72 aq:25.35 tex:34939 mv:5453 misc:664 imb:144 pmb:611 smb:165 d:- ref:0 ;
in:4048 out:4048 type:B dur:2 cpbdur:2 q:30.72 aq:29.28 tex:4171 mv:3098 misc:907 imb:7 pmb:297 smb:616 d:- ref:0 ;
in:4047 out:4049 type:b dur:2 cpbdur:2 q:30.72 aq:30.77 tex:1542 mv:1354 misc:640 imb:3 pmb:149 smb:768 d:- ref:0 ;
in:4049 out:4050 type:b dur:2 cpbdur:2 q:30.72 aq:31.05 tex:1081 mv:1490 misc:613 imb:2 pmb:137 smb:781 d:- ref:0 ;
in:4054 out:4051 type:P dur:2 cpbdur:2 q:30.71 aq:27.14 tex:31776 mv:5172 misc:724 imb:104 pmb:562 smb:254 d:- ref:0 ;
in:4052 out:4052 type:B dur:2 cpbdur:2 q:30.72 aq:29.95 tex:5254 mv:3844 misc:910 imb:9 pmb:345 smb:566 d:- ref:0 ;
in:4051 out:4053 type:b dur:2 cpbdur:2 q:30.72 aq:32.46 tex:1421 mv:1939 misc:696 imb:3 pmb:180 smb:737 d:- ref:0 ;
in:4053 out:4054 type:b dur:2 cpbdur:2 q:30.72 aq:33.28 tex:1191 mv:1400 misc:569 imb:0 pmb:131 smb:789 d:- ref:0 ;
in:4058 out:4055 type:P dur:2 cpbdur:2 q:30.72 aq:25.55 tex:97576 mv:6892 misc:524 imb:342 pmb:455 smb:123 d:- ref:0 ;
in:4056 out:4056 type:B dur:2 cpbdur:2 q:30.72 aq:29.12 tex:3748 mv:3491 misc:961 imb:8 pmb:356 smb:556 d:- ref:0 ;
in:4055 out:4057 type:b dur:2 cpbdur:2 q:30.72 aq:32.77 tex:2916 mv:1997 misc:759 imb:4 pmb:231 smb:685 d:- ref:0 ;
in:4057 out:4058 type:b dur:2 cpbdur:2 q:30.72 aq:28.92 tex:534 mv:1135 misc:555 imb:0 pmb:116 smb:804 d:- ref:0 ;
in:4062 out:4059 type:P dur:2 cpbdur:2 q:30.75 aq:25.60 tex:32764 mv:5972 misc:632 imb:103 pmb:670 smb:147 d:- ref:0 ;
in:4060 out:4060 type:B dur:2 cpbdur:2 q:30.74 aq:29.41 tex:3204 mv:3544 misc:932 imb:7 pmb:300 smb:613 d:- ref:0 ;
in:4059 out:4061 type:b dur:2 cpbdur:2 q:30.73 aq:32.93 tex:443 mv:1022 misc:615 imb:2 pmb:128 smb:790 d:- ref:0 ;
in:4061 out:4062 type:b dur:2 cpbdur:2 q:30.74 aq:31.67 tex:787 mv:1898 misc:763 imb:3 pmb:195 smb:722 d:- ref:0 ;
in:4066 out:4063 type:P dur:2 cpbdur:2 q:30.75 aq:24.82 tex:75221 mv:6909 misc:502 imb:333 pmb:480 smb:107 d:- ref:0 ;
in:4064 out:4064 type:B dur:2 cpbdur:2 q:30.75 aq:30.59 tex:5591 mv:3119 misc:930 imb:14 pmb:316 smb:590 d:- ref:0 ;
in:4063 out:4065 type:b dur:2 cpbdur:2 q:30.75 aq:31.22 tex:637 mv:1307 misc:664 imb:6 pmb:152 smb:762 d:- ref:0 ;
in:4065 out:4066 type:b dur:2 cpbdur:2 q:30.75 aq:30.02 tex:2993 mv:2195 misc:788 imb:6 pmb:237 smb:677 d:- ref:0 ;
in:4070 out:4067 type:P dur:2 cpbdur:2 q:30.78 aq:25.82 tex:26960 mv:5090 misc:710 imb:67 pmb:636 smb:217 d:- ref:0 ;
in:4068 out:4068 type:B dur:2 cpbdur:2 q:30.76 aq:29.11 tex:2001 mv:2534 misc:849 imb:4 pmb:235 smb:681 d:- ref:0 ;
in:4067 out:4069 type:b dur:2 cpbdur:2 q:30.76 aq:25.74 tex:256 mv:795 misc:565 imb:0 pmb:117 smb:803 d:- ref:0 ;
in:4069 out:4070 type:b dur:2 cpbdur:2 q:30.77 aq:27.20 tex:482 mv:1152 misc:590 imb:1 pmb:119 smb:800 d:- ref:0 ;
in:4074 out:4071 type:P dur:2 cpbdur:2 q:30.76 aq:27.01 tex:24094 mv:5132 misc:734 imb:58 pmb:615 smb:247 d:- ref:0 ;
in:4072 out:4072 type:B dur:2 cpbdur:2 q:30.77 aq:28.05 tex:3455 mv:3438 misc:939 imb:4 pmb:326 smb:590 d:- ref:0 ;
in:4071 out:4073 type:b dur:2 cpbdur:2 q:30.77 aq:28.99 tex:1243 mv:1733 misc:720 imb:2 pmb:177 smb:741 d:- ref:0 ;
in:4073 out:4074 type:b dur:2 cpbdur:2 q:30.77 aq:29.61 tex:499 mv:1095 misc:558 imb:0 pmb:106 smb:814 d:- ref:0 ;
in:4078 out:4075 type:P dur:2 cpbdur:2 q:30.76 aq:26.65 tex:53369 mv:6717 misc:482 imb:369 pmb:458 smb:93 d:- ref:0 ;
in:4076 out:4076 type:B dur:2 cpbdur:2 q:30.76 aq:28.87 tex:4037 mv:3270 misc:925 imb:13 pmb:302 smb:605 d:- ref:0 ;
in:4075 out:4077 type:b dur:2 cpbdur:2 q:30.76 aq:27.82 tex:1625 mv:1775 misc:752 imb:6 pmb:198 smb:716 d:- ref:0 ;
in:4077 out:4078 type:b dur:2 cpbdur:2 q:30.76 aq:30.64 tex:670 mv:1198 misc:620 imb:2 pmb:133 smb:785 d:- ref:0 ;
in:4082 out:4079 type:P dur:2 cpbdur:2 q:30.77 aq:29.25 tex:60880 mv:5316 misc:716 imb:326 pmb:323 smb:271 d:- ref:0 ;
in:4080 out:4080 type:B dur:2 cpbdur:2 q:30.77 aq:30.81 tex:6335 mv:2422 misc:883 imb:13 pmb:280 smb:627 d:- ref:0 ;
in:4079 out:4081 type:b dur:2 cpbdur:2 q:30.76 aq:30.96 tex:2007 mv:1457 misc:664 imb:5 pmb:184 smb:731 d:- ref:0 ;
in:4081 out:4082 type:b dur:2 cpbdur:2 q:30.77 aq:31.61 tex:1921 mv:1155 misc:580 imb:2 pmb:132 smb:786 d:- ref:0 ;
in:4085 out:4083 type:P dur:2 cpbdur:2 q:30.78 aq:25.38 tex:115997 mv:4915 misc:408 imb:615 pmb:88 smb:217 d:- ref:0 ;
in:4083 out:4084 type:B dur:2 cpbdur:2 q:30.77 aq:30.74 tex:4345 mv:1260 misc:771 imb:3 pmb:207 smb:710 d:- ref:0 ;
in:4084 out:4085 type:b dur:2 cpbdur:2 q:30.78 aq:31.64 tex:2310 mv:965 misc:613 imb:4 pmb:154 smb:762 d:- ref:0 ;
in:4086 out:4086 type:P dur:2 cpbdur:2 q:30.84 aq:22.23 tex:75509 mv:4084 misc:767 imb:312 pmb:226 smb:382 d:- ref:0 ;
in:4087 out:4087 type:P dur:2 cpbdur:2 q:30.87 aq:23.58 tex:6748 mv:792 misc:820 imb:12 pmb:200 smb:708 d:- ref:0 ;
in:4088 out:4088 type:P dur:2 cpbdur:2 q:30.86 aq:23.69 tex:9581 mv:1053 misc:894 imb:10 pmb:302 smb:608 d:- ref:0 ;
in:4089 out:4089 type:P dur:2 cpbdur:2 q:30.85 aq:23.14 tex:11114 mv:1513 misc:997 imb:26 pmb:378 smb:516 d:- ref:0 ;
in:4090 out:4090 type:P dur:2 cpbdur:2 q:30.87 aq:23.20 tex:11009 mv:569 misc:926 imb:18 pmb:283 smb:619 d:- ref:0 ;
in:4091 out:4091 type:P dur:2 cpbdur:2 q:30.86 aq:22.56 tex:12478 mv:1497 misc:985 imb:32 pmb:368 smb:520 d:- ref:0 ;
in:4092 out:4092 type:P dur:2 cpbdur:2 q:30.85 aq:22.35 tex:8456 mv:438 misc:906 imb:16 pmb:240 smb:664 d:- ref:0 ;
in:4093 out:4093 type:P dur:2 cpbdur:2 q:30.84 aq:22.59 tex:9271 mv:574 misc:835 imb:20 pmb:231 smb:669 d:- ref:0 ;
in:4094 out:4094 type:P dur:2 cpbdur:2 q:30.87 aq:22.90 tex:5804 mv:394 misc:762 imb:17 pmb:165 smb:738 d:- ref:0 ;
in:4095 out:4095 type:P dur:2 cpbdur:2 q:30.85 aq:22.42 tex:5041 mv:268 misc:707 imb:8 pmb:134 smb:778 d:- ref:0 ;
in:4096 out:4096 type:P dur:2 cpbdur:2 q:30.83 aq:22.27 tex:11334 mv:2348 misc:918 imb:40 pmb:367 smb:513 d:- ref:0 ;
in:4097 out:4097 type:P dur:2 cpbdur:2 q:30.84 aq:22.34 tex:4555 mv:665 misc:764 imb:17 pmb:159 smb:744 d:- ref:0 ;
in:4098 out:4098 type:P dur:2 cpbdur:2 q:30.84 aq:21.79 tex:4472 mv:664 misc:656 imb:10 pmb:140 smb:770 d:- ref:0 ;
in:4100 out:4099 type:P dur:2 cpbdur:2 q:30.83 aq:24.19 tex:2587 mv:155 misc:434 imb:2 pmb:56 smb:862 d:- ref:0 ;
in:4099 out:4100 type:b dur:2 cpbdur:2 q:30.84 aq:25.00 tex:1 mv:11 misc:140 imb:0 pmb:4 smb:916 d:- ref:0 ;
in:4101 out:4101 type:P dur:2 cpbdur:2 q:30.82 aq:22.51 tex:3965 mv:1363 misc:712 imb:16 pmb:197 smb:707 d:- ref:0 ;
in:4102 out:4102 type:P dur:2 cpbdur:2 q:30.82 aq:22.15 tex:2112 mv:388 misc:556 imb:12 pmb:84 smb:824 d:- ref:0 ;
in:4103 out:4103 type:P dur:2 cpbdur:2 q:30.81 aq:22.18 tex:4687 mv:1517 misc:716 imb:23 pmb:227 smb:670 d:- ref:0 ;
in:4105 out:4104 type:P dur:2 cpbdur:2 q:30.81 aq:22.28 tex:1743 mv:149 misc:388 imb:2 pmb:40 smb:878 d:- ref:0 ;
in:4104 out:4105 type:b dur:2 cpbdur:2 q:30.81 aq:25.00 tex:1 mv:10 misc:141 imb:0 pmb:3 smb:917 d:- ref:0 ;
in:4106 out:4106 type:P dur:2 cpbdur:2 q:30.79 aq:21.20 tex:9972 mv:2189 misc:879 imb:55 pmb:307 smb:558 d:- ref:0 ;
in:4110 out:4107 type:P dur:2 cpbdur:2 q:30.78 aq:20.84 tex:14028 mv:2714 misc:962 imb:84 pmb:390 smb:446 d:- ref:0 ;
in:4108 out:4108 type:B dur:2 cpbdur:2 q:30.79 aq:22.94 tex:269 mv:56 misc:227 imb:0 pmb:17 smb:903 d:- ref:0 ;
in:4107 out:4109 type:b dur:2 cpbdur:2 q:30.79 aq:25.46 tex:333 mv:65 misc:162 imb:1 pmb:8 smb:911 d:- ref:0 ;
in:4109 out:4110 type:b dur:2 cpbdur:2 q:30.79 aq:26.00 tex:1 mv:3 misc:124 imb:0 pmb:1 smb:919 d:- ref:0 ;
in:4114 out:4111 type:P dur:2 cpbdur:2 q:30.75 aq:21.03 tex:10966 mv:2271 misc:851 imb:35 pmb:324 smb:561 d:- ref:0 ;
in:4112 out:4112 type:B dur:2 cpbdur:2 q:30.77 aq:25.53 tex:861 mv:174 misc:261 imb:1 pmb:25 smb:894 d:- ref:0 ;
in:4111 out:4113 type:b dur:2 cpbdur:2 q:30.78 aq:33.23 tex:566 mv:47 misc:155 imb:0 pmb:8 smb:912 d:- ref:0 ;
in:4113 out:4114 type:b dur:2 cpbdur:2 q:30.76 aq:33.57 tex:257 mv:51 misc:140 imb:0 pmb:6 smb:914 d:- ref:0 ;
in:4116 out:4115 type:P dur:2 cpbdur:2 q:30.71 aq:21.59 tex:4718 mv:957 misc:717 imb:9 pmb:177 smb:734 d:- ref:0 ;
in:4115 out:4116 type:b dur:2 cpbdur:2 q:30.73 aq:26.00 tex:3 mv:13 misc:136 imb:0 pmb:4 smb:916 d:- ref:0 ;
in:4118 out:4117 type:P dur:2 cpbdur:2 q:30.70 aq:22.17 tex:2600 mv:624 misc:640 imb:7 pmb:117 smb:796 d:- ref:0 ;
in:4117 out:4118 type:b dur:2 cpbdur:2 q:30.70 aq:26.00 tex:0 mv:0 misc:120 imb:0 pmb:0 smb:920 d:- ref:0 ;
in:4121 out:4119 type:P dur:2 cpbdur:2 q:30.68 aq:21.46 tex:1782 mv:117 misc:333 imb:2 pmb:31 smb:887 d:- ref:0 ;
in:4119 out:4120 type:B dur:2 cpbdur:2 q:30.69 aq:26.05 tex:273 mv:49 misc:166 imb:0 pmb:6 smb:914 d:- ref:0 ;
in:4120 out:4121 type:b dur:2 cpbdur:2 q:30.68 aq:26.00 tex:4 mv:15 misc:133 imb:0 pmb:5 smb:915 d:- ref:0 ;
in:4122 out:4122 type:I dur:2 cpbdur:2 q:27.85 aq:18.26 tex:205866 mv:23640 misc:142 imb:920 pmb:0 smb:0 d:- ref:;
in:4123 out:4123 type:P dur:2 cpbdur:2 q:30.78 aq:20.93 tex:807 mv:129 misc:384 imb:2 pmb:38 smb:880 d:- ref:0 ;
in:4125 out:4124 type:P dur:2 cpbdur:2 q:30.77 aq:21.55 tex:1494 mv:747 misc:591 imb:4 pmb:118 smb:798 d:- ref:0 ;
in:4124 out:4125 type:b dur:2 cpbdur:2 q:30.77 aq:26.00 tex:4 mv:22 misc:158 imb:0 pmb:6 smb:914 d:- ref:0 ;
in:4129 out:4126 type:P dur:2 cpbdur:2 q:30.75 aq:22.50 tex:4244 mv:1704 misc:692 imb:15 pmb:203 smb:702 d:- ref:0 ;
in:4127 out:4127 type:B dur:2 cpbdur:2 q:30.76 aq:23.52 tex:371 mv:80 misc:213 imb:0 pmb:15 smb:905 d:- ref:0 ;
in:4126 out:4128 type:b dur:2 cpbdur:2 q:30.76 aq:32.83 tex:346 mv:28 misc:138 imb:0 pmb:5 smb:915 d:- ref:0 ;
in:4128 out:4129 type:b dur:2 cpbdur:2 q:30.75 aq:27.15 tex:101 mv:14 misc:141 imb:0 pmb:3 smb:917 d:- ref:0 ;
in:4133 out:4130 type:P dur:2 cpbdur:2 q:30.71 aq:22.45 tex:5002 mv:2286 misc:736 imb:53 pmb:239 smb:628 d:- ref:0 ;
in:4131 out:4131 type:B dur:2 cpbdur:2 q:30.73 aq:21.63 tex:129 mv:143 misc:272 imb:2 pmb:24 smb:894 d:- ref:0 ;
in:4130 out:4132 type:b dur:2 cpbdur:2 q:30.74 aq:26.00 tex:0 mv:6 misc:130 imb:0 pmb:1 smb:919 d:- ref:0 ;
in:4132 out:4133 type:b dur:2 cpbdur:2 q:30.72 aq:25.05 tex:87 mv:84 misc:181 imb:1 pmb:9 smb:910 d:- ref:0 ;
in:4137 out:4134 type:P dur:2 cpbdur:2 q:30.69 aq:22.67 tex:5940 mv:1931 misc:713 imb:38 pmb:198 smb:684 d:- ref:0 ;
in:4135 out:4135 type:B dur:2 cpbdur:2 q:30.70 aq:28.17 tex:288 mv:196 misc:380 imb:1 pmb:66 smb:853 d:- ref:0 ;
in:4134 out:4136 type:b dur:2 cpbdur:2 q:30.71 aq:26.00 tex:0 mv:0 misc:120 imb:0 pmb:0 smb:920 d:- ref:0 ;
in:4136 out:4137 type:b dur:2 cpbdur:2 q:30.70 aq:32.30 tex:111 mv:290 misc:335 imb:0 pmb:52 smb:868 d:- ref:0 ;
in:4139 out:4138 type:P dur:2 cpbdur:2 q:30.65 aq:22.00 tex:3960 mv:450 misc:646 imb:16 pmb:97 smb:807 d:- ref:0 ;
in:4138 out:4139 type:b dur:2 cpbdur:2 q:30.67 aq:33.32 tex:136 mv:26 misc:134 imb:0 pmb:5 smb:915 d:- ref:0 ;
in:4140 out:4140 type:P dur:2 cpbdur:2 q:30.63 aq:21.88 tex:5832 mv:2244 misc:724 imb:55 pmb:225 smb:640 d:- ref:0 ;
in:4143 out:4141 type:P dur:2 cpbdur:2 q:30.62 aq:21.98 tex:6044 mv:1753 misc:835 imb:46 pmb:223 smb:651 d:- ref:0 ;
in:4141 out:4142 type:B dur:2 cpbdur:2 q:30.63 aq:32.32 tex:117 mv:26 misc:153 imb:0 pmb:6 smb:914 d:- ref:0 ;
in:4142 out:4143 type:b dur:2 cpbdur:2 q:30.63 aq:32.56 tex:340 mv:75 misc:153 imb:1 pmb:9 smb:910 d:- ref:0 ;
in:4144 out:4144 type:P dur:2 cpbdur:2 q:30.59 aq:22.15 tex:3343 mv:927 misc:594 imb:10 pmb:144 smb:766 d:- ref:0 ;
in:4145 out:4145 type:P dur:2 cpbdur:2 q:30.59 aq:22.34 tex:1629 mv:217 misc:394 imb:1 pmb:49 smb:870 d:- ref:0 ;
in:4146 out:4146 type:P dur:2 cpbdur:2 q:30.58 aq:21.90 tex:3869 mv:1350 misc:757 imb:18 pmb:206 smb:696 d:- ref:0 ;
in:4147 out:4147 type:P dur:2 cpbdur:2 q:30.57 aq:22.06 tex:2174 mv:402 misc:560 imb:8 pmb:84 smb:828 d:- ref:0 ;
in:4148 out:4148 type:P dur:2 cpbdur:2 q:30.56 aq:21.79 tex:2603 mv:453 misc:552 imb:6 pmb:91 smb:823 d:- ref:0 ;
in:4149 out:4149 type:P dur:2 cpbdur:2 q:30.55 aq:22.36 tex:3280 mv:1018 misc:646 imb:6 pmb:173 smb:741 d:- ref:0 ;
in:4150 out:4150 type:P dur:2 cpbdur:2 q:30.54 aq:21.68 tex:2535 mv:392 misc:497 imb:4 pmb:75 smb:841 d:- ref:0 ;
in:4151 out:4151 type:P dur:2 cpbdur:2 q:30.53 aq:22.55 tex:2984 mv:777 misc:519 imb:3 pmb:125 smb:792 d:- ref:0 ;
in:4155 out:4152 type:P dur:2 cpbdur:2 q:30.53 aq:22.06 tex:6353 mv:1798 misc:673 imb:29 pmb:220 smb:671 d:- ref:0 ;
in:4153 out:4153 type:B dur:2 cpbdur:2 q:30.53 aq:22.31 tex:587 mv:102 misc:239 imb:0 pmb:18 smb:902 d:- ref:0 ;
in:4152 out:4154 type:b dur:2 cpbdur:2 q:30.53 aq:33.30 tex:272 mv:16 misc:136 imb:0 pmb:4 smb:916 d:- ref:0 ;
in:4154 out:4155 type:b dur:2 cpbdur:2 q:30.53 aq:32.09 tex:143 mv:34 misc:135 imb:0 pmb:3 smb:917 d:- ref:0 ;
in:4159 out:4156 type:P dur:2 cpbdur:2 q:30.49 aq:21.40 tex:8526 mv:2656 misc:698 imb:69 pmb:273 smb:578 d:- ref:0 ;
in:4157 out:4157 type:B dur:2 cpbdur:2 q:30.51 aq:24.21 tex:254 mv:135 misc:299 imb:0 pmb:29 smb:891 d:- ref:0 ;
in:4156 out:4158 type:b dur:2 cpbdur:2 q:30.52 aq:32.08 tex:99 mv:26 misc:139 imb:0 pmb:3 smb:917 d:- ref:0 ;
in:4158 out:4159 type:b dur:2 cpbdur:2 q:30.50 aq:25.00 tex:2 mv:6 misc:136 imb:0 pmb:2 smb:918 d:- ref:0 ;
in:4163 out:4160 type:P dur:2 cpbdur:2 q:30.46 aq:21.40 tex:1820 mv:529 misc:539 imb:4 pmb:89 smb:827 d:- ref:0 ;
in:4161 out:4161 type:B dur:2 cpbdur:2 q:30.47 aq:22.18 tex:68 mv:23 misc:181 imb:0 pmb:7 smb:913 d:- ref:0 ;
in:4160 out:4162 type:b dur:2 cpbdur:2 q:30.48 aq:25.00 tex:1 mv:3 misc:124 imb:0 pmb:1 smb:919 d:- ref:0 ;
in:4162 out:4163 type:b dur:2 cpbdur:2 q:30.47 aq:25.00 tex:0 mv:0 misc:120 imb:0 pmb:0 smb:920 d:- ref:0 ;
in:4167 out:4164 type:P dur:2 cpbdur:2 q:30.42 aq:22.05 tex:4528 mv:2187 misc:669 imb:36 pmb:249 smb:635 d:- ref:0 ;
in:4165 out:4165 type:B dur:2 cpbdur:2 q:30.44 aq:19.58 tex:59 mv:163 misc:386 imb:1 pmb:55 smb:864 d:- ref:0 ;
in:4164 out:4166 type:b dur:2 cpbdur:2 q:30.45 aq:25.00 tex:0 mv:0 misc:120 imb:0 pmb:0 smb:920 d:- ref:0 ;
in:4166 out:4167 type:b dur:2 cpbdur:2 q:30.43 aq:20.94 tex:60 mv:142 misc:254 imb:0 pmb:33 smb:887 d:- ref:0 ;
in:4171 out:4168 type:P dur:2 cpbdur:2 q:30.38 aq:21.84 tex:4605 mv:1547 misc:808 imb:30 pmb:218 smb:672 d:- ref:0 ;
in:4169 out:4169 type:B dur:2 cpbdur:2 q:30.40 aq:24.33 tex:297 mv:163 misc:300 imb:2 pmb:27 smb:891 d:- ref:0 ;
in:4168 out:4170 type:b dur:2 cpbdur:2 q:30.41 aq:25.00 tex:0 mv:4 misc:132 imb:0 pmb:1 smb:919 d:- ref:0 ;
in:4170 out:4171 type:b dur:2 cpbdur:2 q:30.39 aq:25.00 tex:0 mv:0 misc:120 imb:0 pmb:0 smb:920 d:- ref:0 ;
in:4175 out:4172 type:P dur:2 cpbdur:2 q:30.35 aq:22.41 tex:5037 mv:2212 misc:735 imb:51 pmb:221 smb:648 d:- ref:0 ;
in:4173 out:4173 type:B dur:2 cpbdur:2 q:30.37 aq:24.46 tex:318 mv:315 misc:383 imb:3 pmb:44 smb:873 d:- ref:0 ;
in:4172 out:4174 type:b dur:2 cpbdur:2 q:30.38 aq:25.02 tex:28 mv:26 misc:146 imb:0 pmb:3 smb:917 d:- ref:0 ;
in:4174 out:4175 type:b dur:2 cpbdur:2 q:30.36 aq:23.59 tex:10 mv:31 misc:135 imb:1 pmb:1 smb:918 d:- ref:0 ;
in:4177 out:4176 type:P dur:2 cpbdur:2 q:30.31 aq:21.02 tex:14783 mv:3520 misc:689 imb:116 pmb:281 smb:523 d:- ref:0 ;
in:4176 out:4177 type:b dur:2 cpbdur:2 q:30.33 aq:33.16 tex:593 mv:260 misc:427 imb:1 pmb:64 smb:855 d:- ref:0 ;
in:4178 out:4178 type:P dur:2 cpbdur:2 q:30.29 aq:20.71 tex:2337 mv:405 misc:626 imb:3 pmb:105 smb:812 d:- ref:0 ;
in:4181 out:4179 type:P dur:2 cpbdur:2 q:30.28 aq:21.98 tex:2834 mv:961 misc:669 imb:4 pmb:161 smb:755 d:- ref:0 ;
in:4179 out:4180 type:B dur:2 cpbdur:2 q:30.29 aq:23.35 tex:45 mv:8 misc:147 imb:0 pmb:2 smb:918 d:- ref:0 ;
in:4180 out:4181 type:b dur:2 cpbdur:2 q:30.29 aq:25.00 tex:18 mv:20 misc:154 imb:0 pmb:4 smb:916 d:- ref:0 ;
in:4183 out:4182 type:P dur:2 cpbdur:2 q:30.25 aq:21.61 tex:4795 mv:1333 misc:696 imb:13 pmb:197 smb:710 d:- ref:0 ;
in:4182 out:4183 type:b dur:2 cpbdur:2 q:30.26 aq:25.00 tex:0 mv:0 misc:120 imb:0 pmb:0 smb:920 d:- ref:0 ;
in:4187 out:4184 type:P dur:2 cpbdur:2 q:30.23 aq:21.72 tex:4793 mv:1816 misc:679 imb:29 pmb:212 smb:679 d:- ref:0 ;
in:4185 out:4185 type:B dur:2 cpbdur:2 q:30.24 aq:21.56 tex:115 mv:65 misc:220 imb:1 pmb:11 smb:908 d:- ref:0 ;
in:4184 out:4186 type:b dur:2 cpbdur:2 q:30.24 aq:25.00 tex:9 mv:4 misc:131 imb:0 pmb:1 smb:919 d:- ref:0 ;
in:4186 out:4187 type:b dur:2 cpbdur:2 q:30.23 aq:25.00 tex:5 mv:34 misc:153 imb:0 pmb:5 smb:915 d:- ref:0 ;
in:4191 out:4188 type:P dur:2 cpbdur:2 q:30.20 aq:21.23 tex:7109 mv:2421 misc:710 imb:47 pmb:281 smb:592 d:- ref:0 ;
in:4189 out:4189 type:B dur:2 cpbdur:2 q:30.21 aq:22.34 tex:25 mv:15 misc:168 imb:0 pmb:4 smb:916 d:- ref:0 ;
in:4188 out:4190 type:b dur:2 cpbdur:2 q:30.22 aq:25.00 tex:0 mv:0 misc:120 imb:0 pmb:0 smb:920 d:- ref:0 ;
in:4190 out:4191 type:b dur:2 cpbdur:2 q:30.20 aq:25.00 tex:2 mv:21 misc:153 imb:0 pmb:4 smb:916 d:- ref:0 ;
in:4195 out:4192 type:P dur:2 cpbdur:2 q:30.16 aq:21.41 tex:4307 mv:1337 misc:644 imb:15 pmb:190 smb:715 d:- ref:0 ;
in:4193 out:4193 type:B dur:2 cpbdur:2 q:30.18 aq:30.08 tex:82 mv:54 misc:288 imb:0 pmb:25 smb:895 d:- ref:0 ;
in:4192 out:4194 type:b dur:2 cpbdur:2 q:30.19 aq:25.00 tex:1 mv:3 misc:132 imb:0 pmb:1 smb:919 d:- ref:0 ;
in:4194 out:4195 type:b dur:2 cpbdur:2 q:30.17 aq:25.00 tex:0 mv:0 misc:120 imb:0 pmb:0 smb:920 d:- ref:0 ;
in:4199 out:4196 type:P dur:2 cpbdur:2 q:30.12 aq:20.39 tex:9376 mv:2665 misc:863 imb:75 pmb:304 smb:541 d:- ref:0 ;
in:4197 out:4197 type:B dur:2 cpbdur:2 q:30.14 aq:21.65 tex:43 mv:99 misc:290 imb:0 pmb:31 smb:889 d:- ref:0 ;
in:4196 out:4198 type:b dur:2 cpbdur:2 q:30.15 aq:25.00 tex:0 mv:0 misc:120 imb:0 pmb:0 smb:920 d:- ref:0 ;
in:4198 out:4199 type:b dur:2 cpbdur:2 q:30.13 aq:25.00 tex:6 mv:39 misc:227 imb:0 pmb:16 smb:904 d:- ref:0 ;
in:4202 out:4200 type:P dur:2 cpbdur:2 q:30.09 aq:21.83 tex:5383 mv:1794 misc:735 imb:26 pmb:232 smb:662 d:- ref:0 ;
in:4200 out:4201 type:B dur:2 cpbdur:2 q:30.11 aq:30.30 tex:158 mv:42 misc:192 imb:0 pmb:10 smb:910 d:- ref:0 ;
in:4201 out:4202 type:b dur:2 cpbdur:2 q:30.10 aq:25.80 tex:25 mv:202 misc:285 imb:1 pmb:33 smb:886 d:- ref:0 ;
in:4203 out:4203 type:P dur:2 cpbdur:2 q:30.06 aq:20.96 tex:3462 mv:928 misc:714 imb:7 pmb:173 smb:740 d:- ref:0 ;
in:4204 out:4204 type:P dur:2 cpbdur:2 q:30.05 aq:20.93 tex:2061 mv:219 misc:496 imb:2 pmb:63 smb:855 d:- ref:0 ;
in:4205 out:4205 type:P dur:2 cpbdur:2 q:30.04 aq:20.67 tex:3982 mv:691 misc:607 imb:9 pmb:122 smb:789 d:- ref:0 ;
in:4207 out:4206 type:P dur:2 cpbdur:2 q:30.03 aq:21.43 tex:5257 mv:1257 misc:686 imb:14 pmb:189 smb:717 d:- ref:0 ;
in:4206 out:4207 type:b dur:2 cpbdur:2 q:30.04 aq:25.00 tex:4 mv:17 misc:147 imb:0 pmb:6 smb:914 d:- ref:0 ;
in:4211 out:4208 type:P dur:2 cpbdur:2 q:30.01 aq:21.00 tex:6848 mv:2250 misc:774 imb:58 pmb:258 smb:604 d:- ref:0 ;
in:4209 out:4209 type:B dur:2 cpbdur:2 q:30.02 aq:21.50 tex:446 mv:257 misc:377 imb:2 pmb:43 smb:875 d:- ref:0 ;
in:4208 out:4210 type:b dur:2 cpbdur:2 q:30.03 aq:22.70 tex:69 mv:134 misc:253 imb:3 pmb:18 smb:899 d:- ref:0 ;
in:4210 out:4211 type:b dur:2 cpbdur:2 q:30.02 aq:25.98 tex:51 mv:14 misc:151 imb:0 pmb:4 smb:916 d:- ref:0 ;
in:4215 out:4212 type:P dur:2 cpbdur:2 q:29.98 aq:21.53 tex:6202 mv:2116 misc:698 imb:28 pmb:237 smb:655 d:- ref:0 ;
in:4213 out:4213 type:B dur:2 cpbdur:2 q:29.99 aq:25.43 tex:1093 mv:155 misc:272 imb:0 pmb:26 smb:894 d:- ref:0 ;
in:4212 out:4214 type:b dur:2 cpbdur:2 q:30.00 aq:33.27 tex:211 mv:47 misc:158 imb:0 pmb:11 smb:909 d:- ref:0 ;
in:4214 out:4215 type:b dur:2 cpbdur:2 q:29.98 aq:33.32 tex:162 mv:61 misc:161 imb:0 pmb:8 smb:912 d:- ref:0 ;
in:4216 out:4216 type:P dur:2 cpbdur:2 q:29.94 aq:20.64 tex:2900 mv:628 misc:720 imb:16 pmb:143 smb:761 d:- ref:0 ;
in:4220 out:4217 type:P dur:2 cpbdur:2 q:29.94 aq:21.14 tex:4982 mv:1216 misc:730 imb:12 pmb:176 smb:732 d:- ref:0 ;
in:4218 out:4218 type:B dur:2 cpbdur:2 q:29.94 aq:27.10 tex:816 mv:109 misc:323 imb:0 pmb:38 smb:882 d:- ref:0 ;
in:4217 out:4219 type:b dur:2 cpbdur:2 q:29.94 aq:31.98 tex:127 mv:58 misc:167 imb:0 pmb:9 smb:911 d:- ref:0 ;
in:4219 out:4220 type:b dur:2 cpbdur:2 q:29.94 aq:33.32 tex:247 mv:57 misc:136 imb:0 pmb:5 smb:915 d:- ref:0 ;
in:4223 out:4221 type:P dur:2 cpbdur:2 q:29.90 aq:21.60 tex:7179 mv:2498 misc:771 imb:52 pmb:290 smb:578 d:- ref:0 ;
in:4221 out:4222 type:B dur:2 cpbdur:2 q:29.92 aq:22.16 tex:23 mv:25 misc:176 imb:0 pmb:8 smb:912 d:- ref:0 ;
in:4222 out:4223 type:b dur:2 cpbdur:2 q:29.91 aq:30.79 tex:240 mv:78 misc:242 imb:1 pmb:21 smb:898 d:- ref:0 ;
in:4225 out:4224 type:P dur:2 cpbdur:2 q:29.87 aq:21.16 tex:5369 mv:1715 misc:740 imb:25 pmb:232 smb:663 d:- ref:0 ;
in:4224 out:4225 type:b dur:2 cpbdur:2 q:29.88 aq:21.17 tex:73 mv:106 misc:221 imb:1 pmb:16 smb:903 d:- ref:0 ;
in:4227 out:4226 type:P dur:2 cpbdur:2 q:29.85 aq:21.65 tex:4473 mv:1365 misc:682 imb:14 pmb:196 smb:710 d:- ref:0 ;
in:4226 out:4227 type:b dur:2 cpbdur:2 q:29.86 aq:22.68 tex:33 mv:34 misc:165 imb:0 pmb:9 smb:911 d:- ref:0 ;
in:4228 out:4228 type:P dur:2 cpbdur:2 q:29.83 aq:19.97 tex:5372 mv:899 misc:825 imb:20 pmb:188 smb:712 d:- ref:0 ;
in:4229 out:4229 type:P dur:2 cpbdur:2 q:29.83 aq:19.86 tex:4226 mv:1002 misc:684 imb:21 pmb:154 smb:745 d:- ref:0 ;
in:4232 out:4230 type:P dur:2 cpbdur:2 q:29.82 aq:20.74 tex:4551 mv:1476 misc:653 imb:21 pmb:208 smb:691 d:- ref:0 ;
in:4230 out:4231 type:B dur:2 cpbdur:2 q:29.82 aq:29.29 tex:623 mv:53 misc:188 imb:0 pmb:11 smb:909 d:- ref:0 ;
in:4231 out:4232 type:b dur:2 cpbdur:2 q:29.82 aq:34.98 tex:51 mv:34 misc:163 imb:0 pmb:9 smb:911 d:- ref:0 ;
in:4236 out:4233 type:P dur:2 cpbdur:2 q:29.79 aq:20.22 tex:8784 mv:2597 misc:747 imb:56 pmb:303 smb:561 d:- ref:0 ;
in:4234 out:4234 type:B dur:2 cpbdur:2 q:29.80 aq:22.55 tex:406 mv:160 misc:322 imb:0 pmb:35 smb:885 d:- ref:0 ;
in:4233 out:4235 type:b dur:2 cpbdur:2 q:29.81 aq:32.45 tex:110 mv:48 misc:138 imb:0 pmb:6 smb:914 d:- ref:0 ;
in:4235 out:4236 type:b dur:2 cpbdur:2 q:29.79 aq:25.00 tex:2 mv:26 misc:140 imb:0 pmb:2 smb:918 d:- ref:0 ;
in:4240 out:4237 type:P dur:2 cpbdur:2 q:29.75 aq:20.94 tex:9092 mv:2478 misc:710 imb:49 pmb:273 smb:598 d:- ref:0 ;
in:4238 out:4238 type:B dur:2 cpbdur:2 q:29.77 aq:21.07 tex:702 mv:223 misc:291 imb:2 pmb:26 smb:892 d:- ref:0 ;
in:4237 out:4239 type:b dur:2 cpbdur:2 q:29.78 aq:32.47 tex:205 mv:74 misc:161 imb:0 pmb:7 smb:913 d:- ref:0 ;
in:4239 out:4240 type:b dur:2 cpbdur:2 q:29.76 aq:31.30 tex:68 mv:60 misc:168 imb:0 pmb:10 smb:910 d:- ref:0 ;
in:4241 out:4241 type:P dur:2 cpbdur:2 q:29.71 aq:19.52 tex:1500 mv:213 misc:511 imb:2 pmb:65 smb:853 d:- ref:0 ;
in:4242 out:4242 type:P dur:2 cpbdur:2 q:29.70 aq:20.55 tex:4517 mv:1142 misc:701 imb:20 pmb:184 smb:716 d:- ref:0 ;
in:4246 out:4243 type:P dur:2 cpbdur:2 q:29.70 aq:20.90 tex:2497 mv:483 misc:556 imb:7 pmb:83 smb:830 d:- ref:0 ;
in:4244 out:4244 type:B dur:2 cpbdur:2 q:29.70 aq:24.01 tex:373 mv:75 misc:224 imb:1 pmb:14 smb:905 d:- ref:0 ;
in:4243 out:4245 type:b dur:2 cpbdur:2 q:29.70 aq:32.30 tex:87 mv:16 misc:145 imb:0 pmb:4 smb:916 d:- ref:0 ;
in:4245 out:4246 type:b dur:2 cpbdur:2 q:29.70 aq:24.00 tex:1 mv:13 misc:130 imb:0 pmb:1 smb:919 d:- ref:0 ;
in:4250 out:4247 type:P dur:2 cpbdur:2 q:29.66 aq:20.48 tex:11014 mv:2951 misc:747 imb:81 pmb:297 smb:542 d:- ref:0 ;
in:4248 out:4248 type:B dur:2 cpbdur:2 q:29.68 aq:23.64 tex:790 mv:465 misc:457 imb:3 pmb:68 smb:849 d:- ref:0 ;
in:4247 out:4249 type:b dur:2 cpbdur:2 q:29.69 aq:31.54 tex:426 mv:356 misc:410 imb:1 pmb:58 smb:861 d:- ref:0 ;
in:4249 out:4250 type:b dur:2 cpbdur:2 q:29.67 aq:25.00 tex:27 mv:80 misc:229 imb:0 pmb:18 smb:902 d:- ref:0 ;
in:4252 out:4251 type:P dur:2 cpbdur:2 q:29.62 aq:20.49 tex:4466 mv:1282 misc:748 imb:16 pmb:208 smb:696 d:- ref:0 ;
in:4251 out:4252 type:b dur:2 cpbdur:2 q:29.64 aq:25.00 tex:1 mv:25 misc:150 imb:0 pmb:7 smb:913 d:- ref:0 ;
in:4254 out:4253 type:P dur:2 cpbdur:2 q:29.60 aq:19.96 tex:3770 mv:824 misc:694 imb:10 pmb:149 smb:761 d:- ref:0 ;
in:4253 out:4254 type:b dur:2 cpbdur:2 q:29.61 aq:25.00 tex:1 mv:3 misc:124 imb:0 pmb:1 smb:919 d:- ref:0 ;
in:4256 out:4255 type:P dur:2 cpbdur:2 q:29.58 aq:20.50 tex:4960 mv:1726 misc:714 imb:22 pmb:235 smb:663 d:- ref:0 ;
in:4255 out:4256 type:b dur:2 cpbdur:2 q:29.59 aq:25.00 tex:4 mv:40 misc:188 imb:0 pmb:13 smb:907 d:- ref:0 ;
in:4260 out:4257 type:P dur:2 cpbdur:2 q:29.56 aq:20.30 tex:7137 mv:2016 misc:783 imb:33 pmb:288 smb:599 d:- ref:0 ;
in:4258 out:4258 type:B dur:2 cpbdur:2 q:29.57 aq:24.60 tex:168 mv:107 misc:261 imb:0 pmb:21 smb:899 d:- ref:0 ;
in:4257 out:4259 type:b dur:2 cpbdur:2 q:29.58 aq:24.00 tex:26 mv:7 misc:135 imb:0 pmb:2 smb:918 d:- ref:0 ;
in:4259 out:4260 type:b dur:2 cpbdur:2 q:29.57 aq:22.82 tex:44 mv:7 misc:133 imb:0 pmb:2 smb:918 d:- ref:0 ;
in:4264 out:4261 type:P dur:2 cpbdur:2 q:29.53 aq:19.73 tex:10631 mv:3026 misc:711 imb:76 pmb:320 smb:524 d:- ref:0 ;
in:4262 out:4262 type:B dur:2 cpbdur:2 q:29.55 aq:22.52 tex:356 mv:79 misc:213 imb:0 pmb:18 smb:902 d:- ref:0 ;
in:4261 out:4263 type:b dur:2 cpbdur:2 q:29.56 aq:22.82 tex:17 mv:15 misc:152 imb:0 pmb:4 smb:916 d:- ref:0 ;
in:4263 out:4264 type:b dur:2 cpbdur:2 q:29.54 aq:32.30 tex:395 mv:60 misc:177 imb:0 pmb:14 smb:906 d:- ref:0 ;
in:4268 out:4265 type:P dur:2 cpbdur:2 q:29.49 aq:20.06 tex:9056 mv:2066 misc:718 imb:28 pmb:273 smb:619 d:- ref:0 ;
in:4266 out:4266 type:B dur:2 cpbdur:2 q:29.51 aq:23.14 tex:864 mv:206 misc:290 imb:0 pmb:34 smb:886 d:- ref:0 ;
in:4265 out:4267 type:b dur:2 cpbdur:2 q:29.52 aq:24.00 tex:5 mv:31 misc:172 imb:0 pmb:13 smb:907 d:- ref:0 ;
in:4267 out:4268 type:b dur:2 cpbdur:2 q:29.50 aq:31.55 tex:348 mv:93 misc:175 imb:0 pmb:12 smb:908 d:- ref:0 ;
in:4272 out:4269 type:P dur:2 cpbdur:2 q:29.46 aq:19.57 tex:2666 mv:147 misc:363 imb:5 pmb:31 smb:884 d:- ref:0 ;
in:4270 out:4270 type:B dur:2 cpbdur:2 q:29.48 aq:24.19 tex:285 mv:36 misc:175 imb:0 pmb:9 smb:911 d:- ref:0 ;
in:4269 out:4271 type:b dur:2 cpbdur:2 q:29.49 aq:31.55 tex:191 mv:36 misc:141 imb:0 pmb:5 smb:915 d:- ref:0 ;
in:4271 out:4272 type:b dur:2 cpbdur:2 q:29.47 aq:24.00 tex:2 mv:11 misc:131 imb:0 pmb:3 smb:917 d:- ref:0 ;
in:4274 out:4273 type:P dur:2 cpbdur:2 q:29.42 aq:21.06 tex:6898 mv:2388 misc:730 imb:45 pmb:268 smb:607 d:- ref:0 ;
in:4273 out:4274 type:b dur:2 cpbdur:2 q:29.44 aq:29.49 tex:88 mv:105 misc:359 imb:0 pmb:48 smb:872 d:- ref:0 ;
in:4278 out:4275 type:P dur:2 cpbdur:2 q:29.40 aq:21.19 tex:5058 mv:1990 misc:648 imb:20 pmb:259 smb:641 d:- ref:0 ;
in:4276 out:4276 type:B dur:2 cpbdur:2 q:29.41 aq:23.29 tex:283 mv:211 misc:298 imb:0 pmb:30 smb:890 d:- ref:0 ;
in:4275 out:4277 type:b dur:2 cpbdur:2 q:29.41 aq:24.00 tex:4 mv:54 misc:174 imb:0 pmb:8 smb:912 d:- ref:0 ;
in:4277 out:4278 type:b dur:2 cpbdur:2 q:29.40 aq:22.83 tex:67 mv:25 misc:172 imb:0 pmb:7 smb:913 d:- ref:0 ;
in:4282 out:4279 type:P dur:2 cpbdur:2 q:29.36 aq:22.35 tex:3666 mv:1519 misc:655 imb:17 pmb:198 smb:705 d:- ref:0 ;
in:4280 out:4280 type:B dur:2 cpbdur:2 q:29.38 aq:22.08 tex:486 mv:179 misc:343 imb:1 pmb:41 smb:878 d:- ref:0 ;
in:4279 out:4281 type:b dur:2 cpbdur:2 q:29.39 aq:22.83 tex:51 mv:30 misc:159 imb:0 pmb:6 smb:914 d:- ref:0 ;
in:4281 out:4282 type:b dur:2 cpbdur:2 q:29.37 aq:24.00 tex:7 mv:54 misc:179 imb:0 pmb:9 smb:911 d:- ref:0 ;
in:4286 out:4283 type:P dur:2 cpbdur:2 q:29.32 aq:21.42 tex:10979 mv:3178 misc:643 imb:113 pmb:261 smb:546 d:- ref:0 ;
in:4284 out:4284 type:B dur:2 cpbdur:2 q:29.34 aq:24.00 tex:270 mv:175 misc:499 imb:0 pmb:92 smb:828 d:- ref:0 ;
in:4283 out:4285 type:b dur:2 cpbdur:2 q:29.35 aq:25.16 tex:347 mv:648 misc:461 imb:2 pmb:103 smb:815 d:- ref:0 ;
in:4285 out:4286 type:b dur:2 cpbdur:2 q:29.33 aq:22.22 tex:27 mv:16 misc:157 imb:0 pmb:4 smb:916 d:- ref:0 ;
in:4290 out:4287 type:P dur:2 cpbdur:2 q:29.28 aq:21.40 tex:6589 mv:2254 misc:733 imb:48 pmb:249 smb:623 d:- ref:0 ;
in:4288 out:4288 type:B dur:2 cpbdur:2 q:29.30 aq:22.77 tex:280 mv:172 misc:316 imb:1 pmb:28 smb:891 d:- ref:0 ;
in:4287 out:4289 type:b dur:2 cpbdur:2 q:29.31 aq:22.61 tex:28 mv:78 misc:254 imb:0 pmb:23 smb:897 d:- ref:0 ;
in:4289 out:4290 type:b dur:2 cpbdur:2 q:29.29 aq:21.64 tex:69 mv:52 misc:199 imb:1 pmb:9 smb:910 d:- ref:0 ;
in:4293 out:4291 type:P dur:2 cpbdur:2 q:29.25 aq:21.20 tex:6187 mv:2425 misc:748 imb:60 pmb:259 smb:601 d:- ref:0 ;
in:4291 out:4292 type:B dur:2 cpbdur:2 q:29.27 aq:19.79 tex:116 mv:47 misc:205 imb:0 pmb:10 smb:910 d:- ref:0 ;
in:4292 out:4293 type:b dur:2 cpbdur:2 q:29.26 aq:22.26 tex:134 mv:78 misc:228 imb:1 pmb:17 smb:902 d:- ref:0 ;
in:4296 out:4294 type:P dur:2 cpbdur:2 q:29.22 aq:21.85 tex:4107 mv:1934 misc:719 imb:23 pmb:245 smb:652 d:- ref:0 ;
in:4294 out:4295 type:B dur:2 cpbdur:2 q:29.24 aq:20.37 tex:30 mv:38 misc:188 imb:0 pmb:7 smb:913 d:- ref:0 ;
in:4295 out:4296 type:b dur:2 cpbdur:2 q:29.23 aq:23.54 tex:72 mv:63 misc:217 imb:0 pmb:16 smb:904 d:- ref:0 ;
in:4300 out:4297 type:P dur:2 cpbdur:2 q:29.19 aq:24.87 tex:1503 mv:526 misc:451 imb:3 pmb:84 smb:833 d:- ref:0 ;
in:4298 out:4298 type:B dur:2 cpbdur:2 q:29.20 aq:24.94 tex:303 mv:31 misc:186 imb:0 pmb:9 smb:911 d:- ref:0 ;
in:4297 out:4299 type:b dur:2 cpbdur:2 q:29.21 aq:30.30 tex:40 mv:4 misc:132 imb:0 pmb:1 smb:919 d:- ref:0 ;
in:4299 out:4300 type:b dur:2 cpbdur:2 q:29.19 aq:31.09 tex:207 mv:30 misc:155 imb:0 pmb:7 smb:913 d:- ref:0 ;
in:4301 out:4301 type:P dur:2 cpbdur:2 q:29.14 aq:23.99 tex:40 mv:16 misc:160 imb:0 pmb:3 smb:917 d:- ref:0 ;
in:4302 out:4302 type:I dur:2 cpbdur:2 q:26.44 aq:21.07 tex:82952 mv:25752 misc:120 imb:920 pmb:0 smb:0 d:- ref:;
in:4304 out:4303 type:P dur:2 cpbdur:2 q:29.18 aq:22.84 tex:30089 mv:6172 misc:755 imb:149 pmb:492 smb:279 d:- ref:0 ;
in:4303 out:4304 type:b dur:2 cpbdur:2 q:29.18 aq:29.71 tex:3880 mv:3768 misc:712 imb:6 pmb:285 smb:629 d:- ref:0 ;
in:4308 out:4305 type:P dur:2 cpbdur:2 q:29.17 aq:23.63 tex:42857 mv:6865 misc:598 imb:265 pmb:483 smb:172 d:- ref:0 w:0,1,-2 ;
in:4306 out:4306 type:B dur:2 cpbdur:2 q:29.17 aq:25.57 tex:9485 mv:5389 misc:798 imb:30 pmb:358 smb:532 d:- ref:0 ;
in:4305 out:4307 type:b dur:2 cpbdur:2 q:29.17 aq:25.06 tex:146 mv:506 misc:612 imb:1 pmb:144 smb:775 d:- ref:0 ;
in:4307 out:4308 type:b dur:2 cpbdur:2 q:29.17 aq:27.85 tex:8027 mv:4646 misc:751 imb:22 pmb:301 smb:597 d:- ref:0 ;
in:4309 out:4309 type:P dur:2 cpbdur:2 q:29.15 aq:22.93 tex:29035 mv:5415 misc:734 imb:122 pmb:536 smb:262 d:- ref:0 ;
in:4313 out:4310 type:P dur:2 cpbdur:2 q:29.15 aq:23.33 tex:45386 mv:7241 misc:525 imb:274 pmb:512 smb:134 d:- ref:0 w:0,1,-2 ;
in:4311 out:4311 type:B dur:2 cpbdur:2 q:29.15 aq:25.77 tex:9097 mv:4961 misc:886 imb:50 pmb:374 smb:496 d:- ref:0 ;
in:4310 out:4312 type:b dur:2 cpbdur:2 q:29.15 aq:28.18 tex:180 mv:382 misc:550 imb:0 pmb:112 smb:808 d:- ref:0 ;
in:4312 out:4313 type:b dur:2 cpbdur:2 q:29.15 aq:27.42 tex:5821 mv:4436 misc:767 imb:23 pmb:307 smb:590 d:- ref:0 ;
in:4317 out:4314 type:P dur:2 cpbdur:2 q:29.16 aq:23.70 tex:48913 mv:7229 misc:514 imb:283 pmb:507 smb:130 d:- ref:0 w:0,1,-1,4,17,-8,16,0 ;
in:4315 out:4315 type:B dur:2 cpbdur:2 q:29.16 aq:24.38 tex:13884 mv:6383 misc:965 imb:77 pmb:426 smb:417 d:- ref:0 ;
in:4314 out:4316 type:b dur:2 cpbdur:2 q:29.15 aq:22.83 tex:288 mv:174 misc:418 imb:5 pmb:56 smb:859 d:- ref:0 ;
in:4316 out:4317 type:b dur:2 cpbdur:2 q:29.16 aq:25.29 tex:6213 mv:4651 misc:808 imb:35 pmb:305 smb:580 d:- ref:0 ;
in:4319 out:4318 type:P dur:2 cpbdur:2 q:29.17 aq:22.76 tex:53837 mv:8201 misc:370 imb:270 pmb:602 smb:48 d:- ref:0 ;
in:4318 out:4319 type:b dur:2 cpbdur:2 q:29.17 aq:27.78 tex:5844 mv:4535 misc:853 imb:24 pmb:366 smb:530 d:- ref:0 ;
in:4323 out:4320 type:P dur:2 cpbdur:2 q:29.20 aq:23.20 tex:45416 mv:6585 misc:623 imb:191 pmb:555 smb:174 d:- ref:0 w:0,1,-1 ;
in:4321 out:4321 type:B dur:2 cpbdur:2 q:29.18 aq:26.95 tex:7632 mv:4523 misc:877 imb:16 pmb:356 smb:548 d:- ref:0 ;
in:4320 out:4322 type:b dur:2 cpbdur:2 q:29.18 aq:26.86 tex:247 mv:441 misc:480 imb:0 pmb:106 smb:814 d:- ref:0 ;
in:4322 out:4323 type:b dur:2 cpbdur:2 q:29.19 aq:26.22 tex:5609 mv:3921 misc:790 imb:15 pmb:299 smb:606 d:- ref:0 ;
in:4327 out:4324 type:P dur:2 cpbdur:2 q:29.23 aq:23.63 tex:39970 mv:6615 misc:623 imb:211 pmb:537 smb:172 d:- ref:0 ;
in:4325 out:4325 type:B dur:2 cpbdur:2 q:29.21 aq:25.86 tex:11100 mv:5036 misc:824 imb:17 pmb:371 smb:532 d:- ref:0 ;
in:4324 out:4326 type:b dur:2 cpbdur:2 q:29.21 aq:24.52 tex:107 mv:150 misc:367 imb:3 pmb:40 smb:877 d:- ref:0 ;
in:4326 out:4327 type:b dur:2 cpbdur:2 q:29.22 aq:28.48 tex:4437 mv:3562 misc:761 imb:10 pmb:270 smb:640 d:- ref:0 ;
in:4329 out:4328 type:P dur:2 cpbdur:2 q:29.26 aq:23.12 tex:40055 mv:6934 misc:555 imb:249 pmb:555 smb:116 d:- ref:0 ;
in:4328 out:4329 type:b dur:2 cpbdur:2 q:29.24 aq:29.20 tex:5037 mv:3108 misc:703 imb:18 pmb:263 smb:639 d:- ref:0 ;
in:4333 out:4330 type:P dur:2 cpbdur:2 q:29.29 aq:23.60 tex:45366 mv:6936 misc:642 imb:230 pmb:526 smb:164 d:- ref:0 ;
in:4331 out:4331 type:B dur:2 cpbdur:2 q:29.27 aq:27.27 tex:8703 mv:4530 misc:791 imb:34 pmb:333 smb:553 d:- ref:0 ;
in:4330 out:4332 type:b dur:2 cpbdur:2 q:29.26 aq:23.92 tex:195 mv:344 misc:509 imb:2 pmb:110 smb:808 d:- ref:0 ;
in:4332 out:4333 type:b dur:2 cpbdur:2 q:29.28 aq:28.85 tex:7003 mv:4291 misc:706 imb:32 pmb:273 smb:615 d:- ref:0 ;
in:4337 out:4334 type:P dur:2 cpbdur:2 q:29.30 aq:24.91 tex:31803 mv:5998 misc:727 imb:159 pmb:498 smb:263 d:- ref:0 ;
in:4335 out:4335 type:B dur:2 cpbdur:2 q:29.29 aq:26.47 tex:14187 mv:4384 misc:741 imb:14 pmb:353 smb:553 d:- ref:0 ;
in:4334 out:4336 type:b dur:2 cpbdur:2 q:29.29 aq:23.60 tex:104 mv:148 misc:324 imb:3 pmb:37 smb:880 d:- ref:0 ;
in:4336 out:4337 type:b dur:2 cpbdur:2 q:29.30 aq:29.81 tex:4603 mv:2823 misc:574 imb:8 pmb:206 smb:706 d:- ref:0 ;
in:4339 out:4338 type:P dur:2 cpbdur:2 q:29.30 aq:23.75 tex:41661 mv:6433 misc:698 imb:208 pmb:499 smb:213 d:- ref:0 ;
in:4338 out:4339 type:b dur:2 cpbdur:2 q:29.30 aq:29.55 tex:5684 mv:3797 misc:711 imb:9 pmb:280 smb:631 d:- ref:0 ;
in:4343 out:4340 type:P dur:2 cpbdur:2 q:29.32 aq:24.53 tex:51878 mv:7767 misc:363 imb:457 pmb:440 smb:23 d:- ref:0 w:7,121,13,7,111,18,118,10 ;
in:4341 out:4341 type:B dur:2 cpbdur:2 q:29.31 aq:27.33 tex:9968 mv:4374 misc:826 imb:24 pmb:373 smb:523 d:- ref:0 ;
in:4340 out:4342 type:b dur:2 cpbdur:2 q:29.31 aq:27.16 tex:120 mv:200 misc:328 imb:0 pmb:43 smb:877 d:- ref:0 ;
in:4342 out:4343 type:b dur:2 cpbdur:2 q:29.32 aq:27.18 tex:12994 mv:6057 misc:829 imb:123 pmb:393 smb:404 d:- ref:0 ;
in:4347 out:4344 type:P dur:2 cpbdur:2 q:29.34 aq:24.35 tex:47022 mv:7686 misc:324 imb:420 pmb:452 smb:48 d:- ref:0 ;
in:4345 out:4345 type:B dur:2 cpbdur:2 q:29.33 aq:24.68 tex:15240 mv:6736 misc:872 imb:114 pmb:410 smb:396 d:- ref:0 ;
in:4344 out:4346 type:b dur:2 cpbdur:2 q:29.33 aq:22.77 tex:313 mv:166 misc:289 imb:8 pmb:23 smb:889 d:- ref:0 ;
in:4346 out:4347 type:b dur:2 cpbdur:2 q:29.34 aq:27.61 tex:5634 mv:3887 misc:607 imb:38 pmb:234 smb:648 d:- ref:0 ;
in:4349 out:4348 type:P dur:2 cpbdur:2 q:29.35 aq:23.33 tex:41651 mv:7858 misc:523 imb:194 pmb:631 smb:95 d:- ref:0 ;
in:4348 out:4349 type:b dur:2 cpbdur:2 q:29.34 aq:27.60 tex:2802 mv:2678 misc:744 imb:5 pmb:262 smb:653 d:- ref:0 ;
in:4353 out:4350 type:P dur:2 cpbdur:2 q:29.37 aq:24.00 tex:31469 mv:6545 misc:666 imb:214 pmb:550 smb:156 d:- ref:0 w:0,1,-2 ;
in:4351 out:4351 type:B dur:2 cpbdur:2 q:29.36 aq:27.49 tex:4338 mv:3422 misc:784 imb:9 pmb:308 smb:603 d:- ref:0 ;
in:4350 out:4352 type:b dur:2 cpbdur:2 q:29.35 aq:28.92 tex:74 mv:236 misc:330 imb:0 pmb:43 smb:877 d:- ref:0 ;
in:4352 out:4353 type:b dur:2 cpbdur:2 q:29.36 aq:29.11 tex:3333 mv:2922 misc:593 imb:11 pmb:210 smb:699 d:- ref:0 ;
in:4354 out:4354 type:P dur:2 cpbdur:2 q:29.38 aq:23.69 tex:22710 mv:5183 misc:763 imb:98 pmb:531 smb:291 d:- ref:0 ;
in:4358 out:4355 type:P dur:2 cpbdur:2 q:29.39 aq:24.19 tex:33163 mv:7429 misc:576 imb:182 pmb:575 smb:163 d:- ref:0 ;
in:4356 out:4356 type:B dur:2 cpbdur:2 q:29.39 aq:27.47 tex:7331 mv:5351 misc:870 imb:39 pmb:408 smb:473 d:- ref:0 ;
in:4355 out:4357 type:b dur:2 cpbdur:2 q:29.38 aq:28.91 tex:247 mv:266 misc:423 imb:0 pmb:69 smb:851 d:- ref:0 ;
in:4357 out:4358 type:b dur:2 cpbdur:2 q:29.39 aq:29.21 tex:6028 mv:4584 misc:748 imb:39 pmb:306 smb:575 d:- ref:0 ;
in:4361 out:4359 type:P dur:2 cpbdur:2 q:29.41 aq:24.52 tex:28966 mv:6914 misc:640 imb:230 pmb:505 smb:185 d:- ref:0 ;
in:4359 out:4360 type:B dur:2 cpbdur:2 q:29.40 aq:26.12 tex:8315 mv:5728 misc:901 imb:39 pmb:363 smb:518 d:- ref:0 ;
in:4360 out:4361 type:b dur:2 cpbdur:2 q:29.40 aq:24.40 tex:204 mv:292 misc:320 imb:5 pmb:47 smb:868 d:- ref:0 ;
in:4365 out:4362 type:P dur:2 cpbdur:2 q:29.41 aq:24.18 tex:34204 mv:8197 misc:471 imb:269 pmb:558 smb:93 d:- ref:0 ;
in:4363 out:4363 type:B dur:2 cpbdur:2 q:29.41 aq:27.46 tex:6496 mv:4897 misc:767 imb:32 pmb:359 smb:529 d:- ref:0 ;
in:4362 out:4364 type:b dur:2 cpbdur:2 q:29.41 aq:28.26 tex:5404 mv:4384 misc:796 imb:32 pmb:308 smb:580 d:- ref:0 ;
in:4364 out:4365 type:b dur:2 cpbdur:2 q:29.41 aq:28.51 tex:298 mv:255 misc:359 imb:1 pmb:54 smb:865 d:- ref:0 ;
in:4369 out:4366 type:P dur:2 cpbdur:2 q:29.40 aq:23.96 tex:37387 mv:7598 misc:503 imb:360 pmb:458 smb:102 d:- ref:0 ;
in:4367 out:4367 type:B dur:2 cpbdur:2 q:29.41 aq:27.07 tex:12163 mv:6930 misc:835 imb:86 pmb:425 smb:409 d:- ref:0 ;
in:4366 out:4368 type:b dur:2 cpbdur:2 q:29.41 aq:28.51 tex:3647 mv:3441 misc:624 imb:12 pmb:234 smb:674 d:- ref:0 ;
in:4368 out:4369 type:b dur:2 cpbdur:2 q:29.40 aq:27.01 tex:6014 mv:4787 misc:871 imb:72 pmb:317 smb:531 d:- ref:0 ;
in:4372 out:4370 type:P dur:2 cpbdur:2 q:29.40 aq:25.14 tex:29881 mv:8087 misc:384 imb:344 pmb:540 smb:36 d:- ref:0 w:0,1,-4,6,58,11,67,-6 ;
in:4370 out:4371 type:B dur:2 cpbdur:2 q:29.40 aq:23.78 tex:109 mv:27 misc:184 imb:1 pmb:5 smb:914 d:- ref:0 ;
in:4371 out:4372 type:b dur:2 cpbdur:2 q:29.40 aq:26.06 tex:6139 mv:5010 misc:907 imb:44 pmb:357 smb:519 d:- ref:0 ;
in:4373 out:4373 type:P dur:2 cpbdur:2 q:29.40 aq:24.02 tex:47916 mv:8772 misc:264 imb:366 pmb:548 smb:6 d:- ref:0 w:0,1,-4,6,69,-11,67,-6 ;
in:4377 out:4374 type:P dur:2 cpbdur:2 q:29.42 aq:24.62 tex:35352 mv:7144 misc:560 imb:213 pmb:530 smb:177 d:- ref:0 w:6,65,-2 ;
in:4375 out:4375 type:B dur:2 cpbdur:2 q:29.41 aq:24.96 tex:19523 mv:6950 misc:839 imb:57 pmb:484 smb:379 d:- ref:0 ;
in:4374 out:4376 type:b dur:2 cpbdur:2 q:29.41 aq:20.72 tex:332 mv:313 misc:451 imb:5 pmb:76 smb:839 d:- ref:0 ;
in:4376 out:4377 type:b dur:2 cpbdur:2 q:29.42 aq:27.83 tex:5376 mv:3995 misc:709 imb:14 pmb:329 smb:577 d:- ref:0 ;
in:4379 out:4378 type:P dur:2 cpbdur:2 q:29.43 aq:23.58 tex:48174 mv:7633 misc:585 imb:253 pmb:527 smb:140 d:- ref:0 ;
in:4378 out:4379 type:b dur:2 cpbdur:2 q:29.43 aq:29.74 tex:6912 mv:4835 misc:757 imb:15 pmb:342 smb:563 d:- ref:0 ;
in:4380 out:4380 type:P dur:2 cpbdur:2 q:29.44 aq:23.63 tex:1670 mv:272 misc:538 imb:5 pmb:78 smb:837 d:- ref:0 ;
in:4384 out:4381 type:P dur:2 cpbdur:2 q:29.44 aq:23.94 tex:40200 mv:7995 misc:453 imb:286 pmb:540 smb:94 d:- ref:0 ;
in:4382 out:4382 type:B dur:2 cpbdur:2 q:29.44 aq:26.90 tex:18039 mv:6248 misc:729 imb:86 pmb:398 smb:436 d:- ref:0 ;
in:4381 out:4383 type:b dur:2 cpbdur:2 q:29.44 aq:28.57 tex:6513 mv:4313 misc:750 imb:33 pmb:302 smb:585 d:- ref:0 ;
in:4383 out:4384 type:b dur:2 cpbdur:2 q:29.44 aq:29.34 tex:6315 mv:4941 misc:752 imb:15 pmb:352 smb:553 d:- ref:0 ;
in:4388 out:4385 type:P dur:2 cpbdur:2 q:29.47 aq:23.80 tex:47481 mv:8158 misc:529 imb:292 pmb:519 smb:109 d:- ref:0 ;
in:4386 out:4386 type:B dur:2 cpbdur:2 q:29.46 aq:26.60 tex:9614 mv:6173 misc:845 imb:44 pmb:401 smb:475 d:- ref:0 ;
in:4385 out:4387 type:b dur:2 cpbdur:2 q:29.45 aq:23.12 tex:220 mv:286 misc:414 imb:2 pmb:65 smb:853 d:- ref:0 ;
in:4387 out:4388 type:b dur:2 cpbdur:2 q:29.46 aq:29.53 tex:8387 mv:5054 misc:791 imb:23 pmb:357 smb:540 d:- ref:0 ;
in:4391 out:4389 type:P dur:2 cpbdur:2 q:29.50 aq:24.53 tex:26455 mv:6495 misc:682 imb:156 pmb:523 smb:241 d:- ref:0 ;
in:4389 out:4390 type:B dur:2 cpbdur:2 q:29.48 aq:26.31 tex:9156 mv:5013 misc:815 imb:22 pmb:344 smb:554 d:- ref:0 ;
in:4390 out:4391 type:b dur:2 cpbdur:2 q:29.49 aq:23.30 tex:184 mv:204 misc:340 imb:4 pmb:44 smb:872 d:- ref:0 ;
in:4394 out:4392 type:P dur:2 cpbdur:2 q:29.50 aq:23.15 tex:49313 mv:7581 misc:570 imb:318 pmb:449 smb:153 d:- ref:0 ;
in:4392 out:4393 type:B dur:2 cpbdur:2 q:29.50 aq:29.05 tex:9366 mv:5387 misc:743 imb:28 pmb:362 smb:530 d:- ref:0 ;
in:4393 out:4394 type:b dur:2 cpbdur:2 q:29.50 aq:28.11 tex:8694 mv:4692 misc:774 imb:36 pmb:319 smb:565 d:- ref:0 ;
in:4398 out:4395 type:P dur:2 cpbdur:2 q:29.53 aq:24.28 tex:38463 mv:6456 misc:633 imb:199 pmb:467 smb:254 d:- ref:0 ;
in:4396 out:4396 type:B dur:2 cpbdur:2 q:29.51 aq:26.55 tex:8139 mv:3918 misc:823 imb:25 pmb:342 smb:553 d:- ref:0 ;
in:4395 out:4397 type:b dur:2 cpbdur:2 q:29.51 aq:27.15 tex:218 mv:384 misc:558 imb:0 pmb:121 smb:799 d:- ref:0 ;
in:4397 out:4398 type:b dur:2 cpbdur:2 q:29.52 aq:29.09 tex:8085 mv:4803 misc:704 imb:26 pmb:337 smb:557 d:- ref:0 ;
in:4402 out:4399 type:P dur:2 cpbdur:2 q:29.54 aq:24.77 tex:32898 mv:6708 misc:674 imb:163 pmb:514 smb:243 d:- ref:0 ;
in:4400 out:4400 type:B dur:2 cpbdur:2 q:29.53 aq:26.48 tex:14754 mv:5665 misc:741 imb:34 pmb:392 smb:494 d:- ref:0 ;
in:4399 out:4401 type:b dur:2 cpbdur:2 q:29.53 aq:26.39 tex:71 mv:282 misc:399 imb:2 pmb:63 smb:855 d:- ref:0 ;
in:4401 out:4402 type:b dur:2 cpbdur:2 q:29.53 aq:29.58 tex:5623 mv:3823 misc:658 imb:11 pmb:272 smb:637 d:- ref:0 ;
in:4403 out:4403 type:P dur:2 cpbdur:2 q:29.54 aq:23.95 tex:28442 mv:6168 misc:726 imb:154 pmb:515 smb:251 d:- ref:0 ;
in:4407 out:4404 type:P dur:2 cpbdur:2 q:29.55 aq:24.88 tex:30687 mv:5530 misc:607 imb:175 pmb:417 smb:328 d:- ref:0 ;
in:4405 out:4405 type:B dur:2 cpbdur:2 q:29.55 aq:26.25 tex:12215 mv:5556 misc:717 imb:23 pmb:360 smb:537 d:- ref:0 ;
in:4404 out:4406 type:b dur:2 cpbdur:2 q:29.54 aq:24.64 tex:170 mv:126 misc:312 imb:2 pmb:33 smb:885 d:- ref:0 ;
in:4406 out:4407 type:b dur:2 cpbdur:2 q:29.55 aq:29.00 tex:6220 mv:3673 misc:579 imb:24 pmb:234 smb:662 d:- ref:0 ;
in:4409 out:4408 type:P dur:2 cpbdur:2 q:29.55 aq:23.42 tex:33119 mv:6051 misc:710 imb:203 pmb:455 smb:262 d:- ref:0 ;
in:4408 out:4409 type:b dur:2 cpbdur:2 q:29.55 aq:29.42 tex:6546 mv:4035 misc:643 imb:16 pmb:288 smb:616 d:- ref:0 ;
in:4413 out:4410 type:P dur:2 cpbdur:2 q:29.57 aq:24.46 tex:30975 mv:6867 misc:654 imb:170 pmb:501 smb:249 d:- ref:0 ;
in:4411 out:4411 type:B dur:2 cpbdur:2 q:29.56 aq:28.03 tex:7994 mv:5103 misc:719 imb:18 pmb:358 smb:544 d:- ref:0 ;
in:4410 out:4412 type:b dur:2 cpbdur:2 q:29.56 aq:29.43 tex:122 mv:187 misc:323 imb:0 pmb:45 smb:875 d:- ref:0 ;
in:4412 out:4413 type:b dur:2 cpbdur:2 q:29.56 aq:29.34 tex:10058 mv:4453 misc:657 imb:17 pmb:320 smb:583 d:- ref:0 ;
in:4417 out:4414 type:P dur:2 cpbdur:2 q:29.58 aq:24.51 tex:28431 mv:6609 misc:528 imb:287 pmb:389 smb:244 d:- ref:0 ;
in:4415 out:4415 type:B dur:2 cpbdur:2 q:29.57 aq:26.33 tex:12969 mv:6542 misc:817 imb:46 pmb:418 smb:456 d:- ref:0 ;
in:4414 out:4416 type:b dur:2 cpbdur:2 q:29.57 aq:28.82 tex:77 mv:85 misc:278 imb:1 pmb:26 smb:893 d:- ref:0 ;
in:4416 out:4417 type:b dur:2 cpbdur:2 q:29.57 aq:27.92 tex:5662 mv:4354 misc:720 imb:21 pmb:283 smb:616 d:- ref:0 ;
in:4419 out:4418 type:P dur:2 cpbdur:2 q:29.58 aq:23.83 tex:27566 mv:7530 misc:568 imb:363 pmb:436 smb:121 d:- ref:0 ;
in:4418 out:4419 type:b dur:2 cpbdur:2 q:29.58 aq:27.53 tex:7741 mv:5150 misc:837 imb:80 pmb:344 smb:496 d:- ref:0 ;
in:4423 out:4420 type:P dur:2 cpbdur:2 q:29.59 aq:24.87 tex:38381 mv:8239 misc:404 imb:451 pmb:382 smb:87 d:- ref:0 ;
in:4421 out:4421 type:B dur:2 cpbdur:2 q:29.58 aq:26.66 tex:9219 mv:6617 misc:892 imb:91 pmb:410 smb:419 d:- ref:0 ;
in:4420 out:4422 type:b dur:2 cpbdur:2 q:29.58 aq:30.49 tex:117 mv:200 misc:395 imb:0 pmb:65 smb:855 d:- ref:0 ;
in:4422 out:4423 type:b dur:2 cpbdur:2 q:29.58 aq:27.72 tex:9232 mv:6148 misc:804 imb:78 pmb:358 smb:484 d:- ref:0 ;
in:4424 out:4424 type:P dur:2 cpbdur:2 q:29.59 aq:24.03 tex:15614 mv:5830 misc:804 imb:135 pmb:516 smb:269 d:- ref:0 w:0,1,1 ;
in:4427 out:4425 type:P dur:2 cpbdur:2 q:29.60 aq:26.97 tex:18464 mv:6665 misc:527 imb:238 pmb:420 smb:262 d:- ref:0 ;
in:4425 out:4426 type:B dur:2 cpbdur:2 q:29.59 aq:27.29 tex:134 mv:302 misc:492 imb:2 pmb:88 smb:830 d:- ref:0 ;
in:4426 out:4427 type:b dur:2 cpbdur:2 q:29.59 aq:28.62 tex:3353 mv:3743 misc:704 imb:16 pmb:246 smb:658 d:- ref:0 ;
in:4428 out:4428 type:I dur:2 cpbdur:2 q:26.63 aq:19.84 tex:159686 mv:23192 misc:130 imb:920 pmb:0 smb:0 d:- ref:;
in:4429 out:4429 type:P dur:2 cpbdur:2 q:29.69 aq:22.65 tex:628 mv:86 misc:382 imb:1 pmb:40 smb:879 d:- ref:0 ;
in:4432 out:4430 type:P dur:2 cpbdur:2 q:29.68 aq:22.72 tex:18570 mv:4484 misc:666 imb:317 pmb:221 smb:382 d:- ref:0 ;
in:4430 out:4431 type:B dur:2 cpbdur:2 q:29.69 aq:23.22 tex:307 mv:134 misc:463 imb:1 pmb:74 smb:845 d:- ref:0 ;
in:4431 out:4432 type:b dur:2 cpbdur:2 q:29.69 aq:24.53 tex:3451 mv:2516 misc:801 imb:41 pmb:241 smb:638 d:- ref:0 ;
in:4433 out:4433 type:P dur:2 cpbdur:2 q:29.68 aq:22.67 tex:2150 mv:592 misc:690 imb:21 pmb:123 smb:776 d:- ref:0 ;
in:4434 out:4434 type:P dur:2 cpbdur:2 q:29.68 aq:23.77 tex:1359 mv:833 misc:616 imb:19 pmb:125 smb:776 d:- ref:0 ;
in:4435 out:4435 type:P dur:2 cpbdur:2 q:29.67 aq:24.08 tex:1000 mv:412 misc:492 imb:10 pmb:70 smb:840 d:- ref:0 ;
in:4436 out:4436 type:P dur:2 cpbdur:2 q:29.67 aq:21.76 tex:926 mv:583 misc:427 imb:54 pmb:44 smb:822 d:- ref:0 ;
in:4437 out:4437 type:i dur:2 cpbdur:2 q:26.68 aq:21.33 tex:106518 mv:26288 misc:122 imb:920 pmb:0 smb:0 d:- ref:;
in:4441 out:4438 type:P dur:2 cpbdur:2 q:29.71 aq:24.82 tex:21565 mv:5482 misc:809 imb:151 pmb:493 smb:276 d:- ref:0 ;
in:4439 out:4439 type:B dur:2 cpbdur:2 q:29.71 aq:26.49 tex:6172 mv:4115 misc:913 imb:26 pmb:382 smb:512 d:- ref:0 ;
in:4438 out:4440 type:b dur:2 cpbdur:2 q:29.71 aq:29.60 tex:1143 mv:1607 misc:666 imb:2 pmb:170 smb:748 d:- ref:0 ;
in:4440 out:4441 type:b dur:2 cpbdur:2 q:29.71 aq:30.79 tex:2788 mv:2060 misc:704 imb:7 pmb:191 smb:722 d:- ref:0 ;
in:4445 out:4442 type:P dur:2 cpbdur:2 q:29.72 aq:24.99 tex:25066 mv:6483 misc:755 imb:204 pmb:513 smb:203 d:- ref:0 ;
in:4443 out:4443 type:B dur:2 cpbdur:2 q:29.72 aq:26.32 tex:7799 mv:5133 misc:908 imb:40 pmb:419 smb:461 d:- ref:0 ;
in:4442 out:4444 type:b dur:2 cpbdur:2 q:29.71 aq:29.24 tex:2579 mv:2965 misc:848 imb:17 pmb:261 smb:642 d:- ref:0 ;
in:4444 out:4445 type:b dur:2 cpbdur:2 q:29.72 aq:27.75 tex:443 mv:265 misc:500 imb:2 pmb:89 smb:829 d:- ref:0 ;
in:4449 out:4446 type:P dur:2 cpbdur:2 q:29.70 aq:27.87 tex:11560 mv:4350 misc:842 imb:118 pmb:413 smb:389 d:- ref:0 ;
in:4447 out:4447 type:B dur:2 cpbdur:2 q:29.71 aq:26.19 tex:7437 mv:3654 misc:981 imb:30 pmb:436 smb:454 d:- ref:0 ;
in:4446 out:4448 type:b dur:2 cpbdur:2 q:29.71 aq:28.22 tex:1849 mv:2321 misc:766 imb:16 pmb:225 smb:679 d:- ref:0 ;
in:4448 out:4449 type:b dur:2 cpbdur:2 q:29.71 aq:23.74 tex:271 mv:318 misc:547 imb:2 pmb:107 smb:811 d:- ref:0 ;
in:4450 out:4450 type:i dur:2 cpbdur:2 q:26.73 aq:20.52 tex:152511 mv:34351 misc:122 imb:920 pmb:0 smb:0 d:- ref:;
in:4454 out:4451 type:P dur:2 cpbdur:2 q:29.81 aq:24.17 tex:21741 mv:4413 misc:766 imb:22 pmb:680 smb:218 d:- ref:0 ;
in:4452 out:4452 type:B dur:2 cpbdur:2 q:29.81 aq:27.21 tex:1465 mv:1980 misc:787 imb:3 pmb:230 smb:687 d:- ref:0 ;
in:4451 out:4453 type:b dur:2 cpbdur:2 q:29.81 aq:25.17 tex:104 mv:581 misc:619 imb:0 pmb:146 smb:774 d:- ref:0 ;
in:4453 out:4454 type:b dur:2 cpbdur:2 q:29.81 aq:31.95 tex:338 mv:1488 misc:678 imb:1 pmb:166 smb:753 d:- ref:0 ;
in:4458 out:4455 type:P dur:2 cpbdur:2 q:29.80 aq:24.19 tex:31303 mv:5485 misc:660 imb:47 pmb:705 smb:168 d:- ref:0 ;
in:4456 out:4456 type:B dur:2 cpbdur:2 q:29.81 aq:27.86 tex:2918 mv:3460 misc:902 imb:8 pmb:308 smb:604 d:- ref:0 ;
in:4455 out:4457 type:b dur:2 cpbdur:2 q:29.81 aq:27.00 tex:4 mv:11 misc:137 imb:0 pmb:4 smb:916 d:- ref:0 ;
in:4457 out:4458 type:b dur:2 cpbdur:2 q:29.81 aq:30.98 tex:509 mv:1180 misc:647 imb:0 pmb:138 smb:782 d:- ref:0 ;
in:4462 out:4459 type:P dur:2 cpbdur:2 q:29.79 aq:24.09 tex:34410 mv:6017 misc:573 imb:59 pmb:724 smb:137 d:- ref:0 ;
in:4460 out:4460 type:B dur:2 cpbdur:2 q:29.80 aq:27.55 tex:2524 mv:3252 misc:880 imb:7 pmb:284 smb:629 d:- ref:0 ;
in:4459 out:4461 type:b dur:2 cpbdur:2 q:29.80 aq:29.61 tex:517 mv:1470 misc:637 imb:4 pmb:131 smb:785 d:- ref:0 ;
in:4461 out:4462 type:b dur:2 cpbdur:2 q:29.79 aq:31.13 tex:491 mv:1473 misc:636 imb:2 pmb:149 smb:769 d:- ref:0 ;
in:4466 out:4463 type:P dur:2 cpbdur:2 q:29.77 aq:24.32 tex:34768 mv:5721 misc:663 imb:48 pmb:716 smb:156 d:- ref:0 ;
in:4464 out:4464 type:B dur:2 cpbdur:2 q:29.78 aq:28.64 tex:2270 mv:2992 misc:850 imb:5 pmb:268 smb:647 d:- ref:0 ;
in:4463 out:4465 type:b dur:2 cpbdur:2 q:29.79 aq:28.95 tex:556 mv:1658 misc:690 imb:2 pmb:163 smb:755 d:- ref:0 ;
in:4465 out:4466 type:b dur:2 cpbdur:2 q:29.78 aq:30.86 tex:485 mv:1613 misc:662 imb:2 pmb:160 smb:758 d:- ref:0 ;
in:4470 out:4467 type:P dur:2 cpbdur:2 q:29.76 aq:24.77 tex:31654 mv:5493 misc:709 imb:50 pmb:691 smb:179 d:- ref:0 ;
in:4468 out:4468 type:B dur:2 cpbdur:2 q:29.77 aq:27.61 tex:3555 mv:3292 misc:897 imb:9 pmb:306 smb:605 d:- ref:0 ;
in:4467 out:4469 type:b dur:2 cpbdur:2 q:29.77 aq:29.77 tex:395 mv:1234 misc:507 imb:1 pmb:113 smb:806 d:- ref:0 ;
in:4469 out:4470 type:b dur:2 cpbdur:2 q:29.76 aq:27.00 tex:41 mv:389 misc:506 imb:0 pmb:121 smb:799 d:- ref:0 ;
in:4474 out:4471 type:P dur:2 cpbdur:2 q:29.76 aq:24.94 tex:19381 mv:4226 misc:785 imb:42 pmb:662 smb:216 d:- ref:0 ;
in:4472 out:4472 type:B dur:2 cpbdur:2 q:29.76 aq:27.82 tex:1763 mv:2060 misc:889 imb:3 pmb:276 smb:641 d:- ref:0 ;
in:4471 out:4473 type:b dur:2 cpbdur:2 q:29.76 aq:26.39 tex:335 mv:951 misc:442 imb:4 pmb:78 smb:838 d:- ref:0 ;
in:4473 out:4474 type:b dur:2 cpbdur:2 q:29.76 aq:28.32 tex:44 mv:334 misc:462 imb:0 pmb:94 smb:826 d:- ref:0 ;
in:4476 out:4475 type:P dur:2 cpbdur:2 q:29.75 aq:25.57 tex:20832 mv:4422 misc:842 imb:39 pmb:631 smb:250 d:- ref:0 ;
in:4475 out:4476 type:b dur:2 cpbdur:2 q:29.76 aq:33.13 tex:803 mv:1607 misc:638 imb:1 pmb:166 smb:753 d:- ref:0 ;
in:4480 out:4477 type:P dur:2 cpbdur:2 q:29.75 aq:26.64 tex:20336 mv:4786 misc:862 imb:61 pmb:573 smb:286 d:- ref:0 ;
in:4478 out:4478 type:B dur:2 cpbdur:2 q:29.75 aq:30.76 tex:1602 mv:2023 misc:847 imb:0 pmb:245 smb:675 d:- ref:0 ;
in:4477 out:4479 type:b dur:2 cpbdur:2 q:29.75 aq:27.00 tex:5 mv:20 misc:151 imb:0 pmb:7 smb:913 d:- ref:0 ;
in:4479 out:4480 type:b dur:2 cpbdur:2 q:29.75 aq:30.35 tex:1565 mv:1773 misc:726 imb:3 pmb:186 smb:731 d:- ref:0 ;
in:4483 out:4481 type:P dur:2 cpbdur:2 q:29.72 aq:29.96 tex:4865 mv:2257 misc:878 imb:17 pmb:320 smb:583 d:- ref:0 ;
in:4481 out:4482 type:B dur:2 cpbdur:2 q:29.74 aq:28.31 tex:41 mv:228 misc:411 imb:1 pmb:66 smb:853 d:- ref:0 ;
in:4482 out:4483 type:b dur:2 cpbdur:2 q:29.73 aq:32.46 tex:401 mv:765 misc:554 imb:1 pmb:100 smb:819 d:- ref:0 ;
in:4484 out:4484 type:I dur:2 cpbdur:2 q:26.83 aq:21.28 tex:104214 mv:24242 misc:144 imb:920 pmb:0 smb:0 d:- ref:;
in:4488 out:4485 type:P dur:2 cpbdur:2 q:29.74 aq:24.46 tex:11942 mv:4713 misc:889 imb:131 pmb:413 smb:376 d:- ref:0 ;
in:4486 out:4486 type:B dur:2 cpbdur:2 q:29.74 aq:25.10 tex:3815 mv:3097 misc:904 imb:17 pmb:312 smb:591 d:- ref:0 ;
in:4485 out:4487 type:b dur:2 cpbdur:2 q:29.74 aq:25.31 tex:2209 mv:1370 misc:701 imb:16 pmb:148 smb:756 d:- ref:0 ;
in:4487 out:4488 type:b dur:2 cpbdur:2 q:29.74 aq:23.88 tex:1621 mv:1409 misc:762 imb:7 pmb:188 smb:725 d:- ref:0 ;
in:4490 out:4489 type:P dur:2 cpbdur:2 q:29.73 aq:25.87 tex:6112 mv:3100 misc:916 imb:79 pmb:297 smb:544 d:- ref:0 ;
in:4489 out:4490 type:b dur:2 cpbdur:2 q:29.74 aq:26.64 tex:1948 mv:2001 misc:795 imb:12 pmb:208 smb:700 d:- ref:0 ;
in:4491 out:4491 type:i dur:2 cpbdur:2 q:26.83 aq:18.05 tex:181900 mv:22967 misc:125 imb:920 pmb:0 smb:0 d:- ref:;
in:4492 out:4492 type:P dur:2 cpbdur:2 q:29.83 aq:21.11 tex:4140 mv:762 misc:898 imb:12 pmb:244 smb:664 d:- ref:0 ;
in:4493 out:4493 type:P dur:2 cpbdur:2 q:29.82 aq:22.16 tex:1663 mv:364 misc:541 imb:6 pmb:79 smb:835 d:- ref:0 ;
in:4494 out:4494 type:P dur:2 cpbdur:2 q:29.81 aq:23.08 tex:4009 mv:453 misc:746 imb:10 pmb:164 smb:746 d:- ref:0 ;
in:4495 out:4495 type:P dur:2 cpbdur:2 q:29.83 aq:22.37 tex:9029 mv:1639 misc:956 imb:14 pmb:351 smb:555 d:- ref:0 ;
in:4496 out:4496 type:P dur:2 cpbdur:2 q:29.82 aq:22.18 tex:9883 mv:733 misc:952 imb:10 pmb:295 smb:615 d:- ref:0 ;
in:4500 out:4497 type:P dur:2 cpbdur:2 q:29.81 aq:21.18 tex:28757 mv:2977 misc:930 imb:59 pmb:529 smb:332 d:- ref:0 ;
in:4498 out:4498 type:B dur:2 cpbdur:2 q:29.82 aq:24.53 tex:1228 mv:366 misc:430 imb:1 pmb:66 smb:853 d:- ref:0 ;
in:4497 out:4499 type:b dur:2 cpbdur:2 q:29.82 aq:22.54 tex:324 mv:87 misc:253 imb:0 pmb:23 smb:897 d:- ref:0 ;
in:4499 out:4500 type:b dur:2 cpbdur:2 q:29.81 aq:23.79 tex:30 mv:49 misc:193 imb:0 pmb:13 smb:907 d:- ref:0 ;
in:4501 out:4501 type:P dur:2 cpbdur:2 q:29.79 aq:21.33 tex:6372 mv:640 misc:764 imb:11 pmb:156 smb:753 d:- ref:0 ;
in:4502 out:4502 type:P dur:2 cpbdur:2 q:29.77 aq:21.10 tex:8347 mv:2303 misc:870 imb:39 pmb:333 smb:548 d:- ref:0 ;
in:4504 out:4503 type:P dur:2 cpbdur:2 q:29.77 aq:22.24 tex:3799 mv:703 misc:706 imb:7 pmb:152 smb:761 d:- ref:0 ;
in:4503 out:4504 type:b dur:2 cpbdur:2 q:29.77 aq:24.00 tex:1 mv:10 misc:141 imb:0 pmb:3 smb:917 d:- ref:0 ;
in:4505 out:4505 type:P dur:2 cpbdur:2 q:29.75 aq:21.73 tex:7356 mv:1595 misc:817 imb:16 pmb:269 smb:635 d:- ref:0 ;
in:4506 out:4506 type:P dur:2 cpbdur:2 q:29.75 aq:21.11 tex:3555 mv:344 misc:565 imb:3 pmb:94 smb:823 d:- ref:0 ;
in:4508 out:4507 type:P dur:2 cpbdur:2 q:29.74 aq:21.20 tex:9134 mv:1582 misc:932 imb:30 pmb:290 smb:600 d:- ref:0 ;
in:4507 out:4508 type:b dur:2 cpbdur:2 q:29.74 aq:23.60 tex:444 mv:89 misc:179 imb:0 pmb:11 smb:909 d:- ref:0 ;
in:4509 out:4509 type:P dur:2 cpbdur:2 q:29.74 aq:20.53 tex:1950 mv:223 misc:531 imb:4 pmb:77 smb:839 d:- ref:0 ;
in:4513 out:4510 type:P dur:2 cpbdur:2 q:29.72 aq:22.23 tex:6434 mv:1945 misc:733 imb:23 pmb:260 smb:637 d:- ref:0 ;
in:4511 out:4511 type:B dur:2 cpbdur:2 q:29.73 aq:24.30 tex:393 mv:156 misc:307 imb:0 pmb:32 smb:888 d:- ref:0 ;
in:4510 out:4512 type:b dur:2 cpbdur:2 q:29.74 aq:31.47 tex:108 mv:19 misc:145 imb:0 pmb:5 smb:915 d:- ref:0 ;
in:4512 out:4513 type:b dur:2 cpbdur:2 q:29.73 aq:23.02 tex:20 mv:8 misc:132 imb:0 pmb:2 smb:918 d:- ref:0 ;
in:4516 out:4514 type:P dur:2 cpbdur:2 q:29.71 aq:21.70 tex:7650 mv:2510 misc:824 imb:48 pmb:310 smb:562 d:- ref:0 ;
in:4514 out:4515 type:B dur:2 cpbdur:2 q:29.72 aq:22.00 tex:14 mv:23 misc:187 imb:0 pmb:6 smb:914 d:- ref:0 ;
in:4515 out:4516 type:b dur:2 cpbdur:2 q:29.71 aq:25.82 tex:147 mv:97 misc:220 imb:0 pmb:17 smb:903 d:- ref:0 ;
in:4517 out:4517 type:P dur:2 cpbdur:2 q:29.69 aq:20.90 tex:2900 mv:421 misc:647 imb:10 pmb:108 smb:802 d:- ref:0 ;
in:4518 out:4518 type:P dur:2 cpbdur:2 q:29.68 aq:21.80 tex:4178 mv:1243 misc:667 imb:14 pmb:202 smb:704 d:- ref:0 ;
in:4519 out:4519 type:P dur:2 cpbdur:2 q:29.67 aq:20.37 tex:3025 mv:577 misc:734 imb:20 pmb:127 smb:773 d:- ref:0 ;
in:4520 out:4520 type:P dur:2 cpbdur:2 q:29.67 aq:21.15 tex:4426 mv:795 misc:707 imb:13 pmb:156 smb:751 d:- ref:0 ;
in:4522 out:4521 type:P dur:2 cpbdur:2 q:29.66 aq:21.63 tex:5588 mv:1595 misc:753 imb:19 pmb:241 smb:660 d:- ref:0 ;
in:4521 out:4522 type:b dur:2 cpbdur:2 q:29.66 aq:24.74 tex:134 mv:36 misc:190 imb:0 pmb:9 smb:911 d:- ref:0 ;
in:4525 out:4523 type:P dur:2 cpbdur:2 q:29.63 aq:21.82 tex:8217 mv:2398 misc:745 imb:47 pmb:291 smb:582 d:- ref:0 ;
in:4523 out:4524 type:B dur:2 cpbdur:2 q:29.65 aq:24.77 tex:372 mv:119 misc:237 imb:0 pmb:17 smb:903 d:- ref:0 ;
in:4524 out:4525 type:b dur:2 cpbdur:2 q:29.64 aq:20.21 tex:54 mv:38 misc:172 imb:0 pmb:10 smb:910 d:- ref:0 ;
in:4526 out:4526 type:P dur:2 cpbdur:2 q:29.60 aq:21.70 tex:4601 mv:682 misc:685 imb:9 pmb:149 smb:762 d:- ref:0 ;
in:4530 out:4527 type:P dur:2 cpbdur:2 q:29.59 aq:20.63 tex:14884 mv:2578 misc:954 imb:60 pmb:382 smb:478 d:- ref:0 ;
in:4528 out:4528 type:B dur:2 cpbdur:2 q:29.59 aq:22.44 tex:816 mv:154 misc:350 imb:1 pmb:40 smb:879 d:- ref:0 ;
in:4527 out:4529 type:b dur:2 cpbdur:2 q:29.60 aq:24.45 tex:120 mv:51 misc:165 imb:1 pmb:6 smb:913 d:- ref:0 ;
in:4529 out:4530 type:b dur:2 cpbdur:2 q:29.59 aq:23.00 tex:1 mv:7 misc:136 imb:0 pmb:2 smb:918 d:- ref:0 ;
in:4532 out:4531 type:P dur:2 cpbdur:2 q:29.56 aq:21.09 tex:6157 mv:1008 misc:795 imb:15 pmb:195 smb:710 d:- ref:0 ;
in:4531 out:4532 type:b dur:2 cpbdur:2 q:29.57 aq:32.93 tex:76 mv:29 misc:151 imb:0 pmb:8 smb:912 d:- ref:0 ;
in:4533 out:4533 type:P dur:2 cpbdur:2 q:29.54 aq:21.63 tex:5499 mv:1219 misc:818 imb:15 pmb:228 smb:677 d:- ref:0 ;
in:4534 out:4534 type:P dur:2 cpbdur:2 q:29.54 aq:20.32 tex:1456 mv:185 misc:415 imb:9 pmb:34 smb:877 d:- ref:0 ;
in:4535 out:4535 type:P dur:2 cpbdur:2 q:29.53 aq:20.35 tex:3879 mv:1239 misc:730 imb:14 pmb:186 smb:720 d:- ref:0 ;
in:4536 out:4536 type:P dur:2 cpbdur:2 q:29.52 aq:20.82 tex:7184 mv:2238 misc:754 imb:44 pmb:285 smb:591 d:- ref:0 ;
in:4537 out:4537 type:P dur:2 cpbdur:2 q:29.51 aq:19.97 tex:4138 mv:719 misc:631 imb:14 pmb:113 smb:793 d:- ref:0 ;
in:4540 out:4538 type:P dur:2 cpbdur:2 q:29.51 aq:20.53 tex:5984 mv:1524 misc:724 imb:17 pmb:236 smb:667 d:- ref:0 ;
in:4538 out:4539 type:B dur:2 cpbdur:2 q:29.51 aq:25.91 tex:464 mv:78 misc:234 imb:0 pmb:20 smb:900 d:- ref:0 ;
in:4539 out:4540 type:b dur:2 cpbdur:2 q:29.51 aq:22.32 tex:26 mv:25 misc:157 imb:0 pmb:7 smb:913 d:- ref:0 ;
in:4541 out:4541 type:P dur:2 cpbdur:2 q:29.47 aq:20.50 tex:4581 mv:746 misc:745 imb:9 pmb:172 smb:739 d:- ref:0 ;
in:4542 out:4542 type:P dur:2 cpbdur:2 q:29.47 aq:21.10 tex:6790 mv:1502 misc:860 imb:20 pmb:273 smb:627 d:- ref:0 ;
in:4544 out:4543 type:P dur:2 cpbdur:2 q:29.46 aq:21.55 tex:3427 mv:491 misc:682 imb:4 pmb:133 smb:783 d:- ref:0 ;
in:4543 out:4544 type:b dur:2 cpbdur:2 q:29.47 aq:23.00 tex:0 mv:0 misc:120 imb:0 pmb:0 smb:920 d:- ref:0 ;
in:4545 out:4545 type:P dur:2 cpbdur:2 q:29.44 aq:19.87 tex:6378 mv:1691 misc:771 imb:26 pmb:241 smb:653 d:- ref:0 ;
in:4549 out:4546 type:P dur:2 cpbdur:2 q:29.44 aq:20.50 tex:9253 mv:2509 misc:758 imb:54 pmb:299 smb:567 d:- ref:0 ;
in:4547 out:4547 type:B dur:2 cpbdur:2 q:29.44 aq:24.91 tex:391 mv:103 misc:290 imb:1 pmb:27 smb:892 d:- ref:0 ;
in:4546 out:4548 type:b dur:2 cpbdur:2 q:29.44 aq:32.13 tex:112 mv:41 misc:143 imb:0 pmb:5 smb:915 d:- ref:0 ;
in:4548 out:4549 type:b dur:2 cpbdur:2 q:29.44 aq:30.86 tex:52 mv:37 misc:135 imb:0 pmb:5 smb:915 d:- ref:0 ;
in:4553 out:4550 type:P dur:2 cpbdur:2 q:29.41 aq:20.76 tex:7366 mv:1804 misc:734 imb:19 pmb:229 smb:672 d:- ref:0 ;
in:4551 out:4551 type:B dur:2 cpbdur:2 q:29.42 aq:22.09 tex:431 mv:94 misc:243 imb:0 pmb:18 smb:902 d:- ref:0 ;
in:4550 out:4552 type:b dur:2 cpbdur:2 q:29.43 aq:30.88 tex:261 mv:45 misc:190 imb:0 pmb:12 smb:908 d:- ref:0 ;
in:4552 out:4553 type:b dur:2 cpbdur:2 q:29.41 aq:22.43 tex:20 mv:27 misc:169 imb:0 pmb:7 smb:913 d:- ref:0 ;
in:4555 out:4554 type:P dur:2 cpbdur:2 q:29.37 aq:20.30 tex:6558 mv:1795 misc:767 imb:23 pmb:266 smb:631 d:- ref:0 ;
in:4554 out:4555 type:b dur:2 cpbdur:2 q:29.39 aq:22.43 tex:41 mv:23 misc:176 imb:0 pmb:7 smb:913 d:- ref:0 ;
in:4559 out:4556 type:P dur:2 cpbdur:2 q:29.35 aq:19.68 tex:11636 mv:2762 misc:858 imb:77 pmb:365 smb:478 d:- ref:0 ;
in:4557 out:4557 type:B dur:2 cpbdur:2 q:29.36 aq:23.92 tex:197 mv:62 misc:237 imb:0 pmb:15 smb:905 d:- ref:0 ;
in:4556 out:4558 type:b dur:2 cpbdur:2 q:29.37 aq:22.43 tex:16 mv:7 misc:137 imb:0 pmb:2 smb:918 d:- ref:0 ;
in:4558 out:4559 type:b dur:2 cpbdur:2 q:29.36 aq:22.43 tex:26 mv:15 misc:151 imb:0 pmb:4 smb:916 d:- ref:0 ;
in:4561 out:4560 type:P dur:2 cpbdur:2 q:29.33 aq:19.09 tex:6862 mv:1578 misc:784 imb:21 pmb:258 smb:641 d:- ref:0 ;
in:4560 out:4561 type:b dur:2 cpbdur:2 q:29.34 aq:22.43 tex:17 mv:15 misc:144 imb:0 pmb:4 smb:916 d:- ref:0 ;
in:4562 out:4562 type:P dur:2 cpbdur:2 q:29.31 aq:19.02 tex:4944 mv:842 misc:758 imb:22 pmb:157 smb:741 d:- ref:0 ;
in:4564 out:4563 type:P dur:2 cpbdur:2 q:29.30 aq:19.57 tex:3564 mv:785 misc:619 imb:12 pmb:119 smb:789 d:- ref:0 ;
in:4563 out:4564 type:b dur:2 cpbdur:2 q:29.30 aq:22.66 tex:65 mv:35 misc:172 imb:0 pmb:8 smb:912 d:- ref:0 ;
in:4568 out:4565 type:P dur:2 cpbdur:2 q:29.28 aq:20.21 tex:10383 mv:2359 misc:722 imb:35 pmb:272 smb:613 d:- ref:0 ;
in:4566 out:4566 type:B dur:2 cpbdur:2 q:29.29 aq:23.09 tex:615 mv:235 misc:302 imb:2 pmb:28 smb:890 d:- ref:0 ;
in:4565 out:4567 type:b dur:2 cpbdur:2 q:29.29 aq:26.67 tex:524 mv:135 misc:197 imb:0 pmb:15 smb:905 d:- ref:0 ;
in:4567 out:4568 type:b dur:2 cpbdur:2 q:29.28 aq:30.88 tex:224 mv:69 misc:179 imb:0 pmb:9 smb:911 d:- ref:0 ;
in:4572 out:4569 type:P dur:2 cpbdur:2 q:29.24 aq:20.16 tex:9527 mv:2246 misc:755 imb:43 pmb:265 smb:612 d:- ref:0 ;
in:4570 out:4570 type:B dur:2 cpbdur:2 q:29.26 aq:26.60 tex:347 mv:127 misc:246 imb:0 pmb:19 smb:901 d:- ref:0 ;
in:4569 out:4571 type:b dur:2 cpbdur:2 q:29.27 aq:23.00 tex:3 mv:26 misc:147 imb:0 pmb:5 smb:915 d:- ref:0 ;
in:4571 out:4572 type:b dur:2 cpbdur:2 q:29.25 aq:27.36 tex:141 mv:48 misc:147 imb:0 pmb:5 smb:915 d:- ref:0 ;
in:4576 out:4573 type:P dur:2 cpbdur:2 q:29.21 aq:20.63 tex:7938 mv:1921 misc:725 imb:25 pmb:247 smb:648 d:- ref:0 ;
in:4574 out:4574 type:B dur:2 cpbdur:2 q:29.22 aq:21.62 tex:571 mv:175 misc:302 imb:1 pmb:27 smb:892 d:- ref:0 ;
in:4573 out:4575 type:b dur:2 cpbdur:2 q:29.23 aq:23.00 tex:6 mv:25 misc:161 imb:0 pmb:6 smb:914 d:- ref:0 ;
in:4575 out:4576 type:b dur:2 cpbdur:2 q:29.22 aq:30.88 tex:72 mv:40 misc:144 imb:0 pmb:5 smb:915 d:- ref:0 ;
in:4577 out:4577 type:P dur:2 cpbdur:2 q:29.17 aq:20.53 tex:5096 mv:995 misc:725 imb:18 pmb:173 smb:729 d:- ref:0 ;
in:4579 out:4578 type:P dur:2 cpbdur:2 q:29.16 aq:21.02 tex:2860 mv:296 misc:500 imb:3 pmb:69 smb:848 d:- ref:0 ;
in:4578 out:4579 type:b dur:2 cpbdur:2 q:29.17 aq:23.00 tex:2 mv:6 misc:136 imb:0 pmb:2 smb:918 d:- ref:0 ;
in:4582 out:4580 type:P dur:2 cpbdur:2 q:29.14 aq:20.24 tex:9229 mv:2758 misc:733 imb:53 pmb:300 smb:567 d:- ref:0 ;
in:4580 out:4581 type:B dur:2 cpbdur:2 q:29.16 aq:22.00 tex:2 mv:15 misc:159 imb:0 pmb:3 smb:917 d:- ref:0 ;
in:4581 out:4582 type:b dur:2 cpbdur:2 q:29.15 aq:23.00 tex:19 mv:22 misc:175 imb:0 pmb:7 smb:913 d:- ref:0 ;
in:4586 out:4583 type:P dur:2 cpbdur:2 q:29.12 aq:21.03 tex:4687 mv:1381 misc:748 imb:17 pmb:212 smb:691 d:- ref:0 ;
in:4584 out:4584 type:B dur:2 cpbdur:2 q:29.13 aq:20.25 tex:57 mv:36 misc:211 imb:0 pmb:10 smb:910 d:- ref:0 ;
in:4583 out:4585 type:b dur:2 cpbdur:2 q:29.14 aq:25.12 tex:24 mv:4 misc:132 imb:0 pmb:1 smb:919 d:- ref:0 ;
in:4585 out:4586 type:b dur:2 cpbdur:2 q:29.12 aq:22.25 tex:18 mv:28 misc:170 imb:0 pmb:6 smb:914 d:- ref:0 ;
in:4589 out:4587 type:P dur:2 cpbdur:2 q:29.08 aq:20.04 tex:8861 mv:2413 misc:862 imb:51 pmb:338 smb:531 d:- ref:0 ;
in:4587 out:4588 type:B dur:2 cpbdur:2 q:29.10 aq:23.08 tex:49 mv:14 misc:169 imb:0 pmb:4 smb:916 d:- ref:0 ;
in:4588 out:4589 type:b dur:2 cpbdur:2 q:29.09 aq:22.25 tex:44 mv:41 misc:195 imb:0 pmb:11 smb:909 d:- ref:0 ;
in:4591 out:4590 type:P dur:2 cpbdur:2 q:29.06 aq:20.66 tex:4698 mv:1401 misc:773 imb:20 pmb:207 smb:693 d:- ref:0 ;
in:4590 out:4591 type:b dur:2 cpbdur:2 q:29.07 aq:22.60 tex:52 mv:22 misc:174 imb:0 pmb:8 smb:912 d:- ref:0 ;
in:4593 out:4592 type:P dur:2 cpbdur:2 q:29.04 aq:20.47 tex:4437 mv:1541 misc:758 imb:18 pmb:212 smb:690 d:- ref:0 ;
in:4592 out:4593 type:b dur:2 cpbdur:2 q:29.05 aq:22.30 tex:53 mv:14 misc:149 imb:0 pmb:4 smb:916 d:- ref:0 ;
in:4594 out:4594 type:P dur:2 cpbdur:2 q:29.02 aq:17.61 tex:4751 mv:693 misc:764 imb:21 pmb:160 smb:739 d:- ref:0 ;
in:4598 out:4595 type:P dur:2 cpbdur:2 q:29.01 aq:20.07 tex:11236 mv:2745 misc:747 imb:62 pmb:297 smb:561 d:- ref:0 ;
in:4596 out:4596 type:B dur:2 cpbdur:2 q:29.01 aq:20.28 tex:487 mv:358 misc:459 imb:2 pmb:68 smb:850 d:- ref:0 ;
in:4595 out:4597 type:b dur:2 cpbdur:2 q:29.02 aq:25.10 tex:193 mv:84 misc:251 imb:0 pmb:23 smb:897 d:- ref:0 ;
in:4597 out:4598 type:b dur:2 cpbdur:2 q:29.01 aq:23.64 tex:395 mv:67 misc:194 imb:1 pmb:11 smb:908 d:- ref:0 ;
in:4602 out:4599 type:P dur:2 cpbdur:2 q:28.97 aq:19.90 tex:8504 mv:2353 misc:743 imb:37 pmb:277 smb:606 d:- ref:0 ;
in:4600 out:4600 type:B dur:2 cpbdur:2 q:28.99 aq:20.84 tex:397 mv:83 misc:248 imb:0 pmb:18 smb:902 d:- ref:0 ;
in:4599 out:4601 type:b dur:2 cpbdur:2 q:29.00 aq:23.00 tex:3 mv:22 misc:151 imb:0 pmb:6 smb:914 d:- ref:0 ;
in:4601 out:4602 type:b dur:2 cpbdur:2 q:28.98 aq:22.95 tex:499 mv:55 misc:174 imb:0 pmb:13 smb:907 d:- ref:0 ;
in:4606 out:4603 type:P dur:2 cpbdur:2 q:28.93 aq:20.51 tex:6286 mv:1667 misc:751 imb:16 pmb:240 smb:664 d:- ref:0 ;
in:4604 out:4604 type:B dur:2 cpbdur:2 q:28.95 aq:23.30 tex:112 mv:134 misc:354 imb:1 pmb:41 smb:878 d:- ref:0 ;
in:4603 out:4605 type:b dur:2 cpbdur:2 q:28.96 aq:23.00 tex:1 mv:4 misc:131 imb:0 pmb:1 smb:919 d:- ref:0 ;
in:4605 out:4606 type:b dur:2 cpbdur:2 q:28.94 aq:26.34 tex:325 mv:36 misc:175 imb:0 pmb:9 smb:911 d:- ref:0 ;
in:4607 out:4607 type:P dur:2 cpbdur:2 q:28.89 aq:19.60 tex:11294 mv:2392 misc:802 imb:65 pmb:302 smb:553 d:- ref:0 ;
in:4609 out:4608 type:P dur:2 cpbdur:2 q:28.89 aq:19.24 tex:2943 mv:393 misc:648 imb:6 pmb:103 smb:811 d:- ref:0 ;
in:4608 out:4609 type:b dur:2 cpbdur:2 q:28.89 aq:21.94 tex:27 mv:23 misc:142 imb:0 pmb:6 smb:914 d:- ref:0 ;
in:4613 out:4610 type:P dur:2 cpbdur:2 q:28.87 aq:19.93 tex:10568 mv:2329 misc:727 imb:38 pmb:285 smb:597 d:- ref:0 ;
in:4611 out:4611 type:B dur:2 cpbdur:2 q:28.88 aq:22.10 tex:1299 mv:525 misc:448 imb:0 pmb:69 smb:851 d:- ref:0 ;
in:4610 out:4612 type:b dur:2 cpbdur:2 q:28.88 aq:21.12 tex:73 mv:64 misc:183 imb:0 pmb:14 smb:906 d:- ref:0 ;
in:4612 out:4613 type:b dur:2 cpbdur:2 q:28.87 aq:30.88 tex:578 mv:132 misc:194 imb:0 pmb:17 smb:903 d:- ref:0 ;
in:4617 out:4614 type:P dur:2 cpbdur:2 q:28.83 aq:20.44 tex:9751 mv:1989 misc:708 imb:24 pmb:252 smb:644 d:- ref:0 ;
in:4615 out:4615 type:B dur:2 cpbdur:2 q:28.85 aq:30.45 tex:993 mv:234 misc:269 imb:0 pmb:30 smb:890 d:- ref:0 ;
in:4614 out:4616 type:b dur:2 cpbdur:2 q:28.86 aq:23.00 tex:6 mv:20 misc:142 imb:0 pmb:6 smb:914 d:- ref:0 ;
in:4616 out:4617 type:b dur:2 cpbdur:2 q:28.84 aq:27.43 tex:388 mv:67 misc:209 imb:0 pmb:17 smb:903 d:- ref:0 ;
in:4619 out:4618 type:P dur:2 cpbdur:2 q:28.80 aq:19.03 tex:8235 mv:1079 misc:910 imb:26 pmb:244 smb:650 d:- ref:0 ;
in:4618 out:4619 type:b dur:2 cpbdur:2 q:28.81 aq:22.00 tex:11 mv:21 misc:160 imb:0 pmb:6 smb:914 d:- ref:0 ;
in:4623 out:4620 type:P dur:2 cpbdur:2 q:28.78 aq:19.80 tex:14843 mv:3226 misc:731 imb:59 pmb:354 smb:507 d:- ref:0 ;
in:4621 out:4621 type:B dur:2 cpbdur:2 q:28.79 aq:22.18 tex:925 mv:466 misc:433 imb:1 pmb:65 smb:854 d:- ref:0 ;
in:4620 out:4622 type:b dur:2 cpbdur:2 q:28.79 aq:30.64 tex:133 mv:49 misc:178 imb:0 pmb:9 smb:911 d:- ref:0 ;
in:4622 out:4623 type:b dur:2 cpbdur:2 q:28.79 aq:22.51 tex:94 mv:137 misc:257 imb:2 pmb:20 smb:898 d:- ref:0 ;
in:4625 out:4624 type:P dur:2 cpbdur:2 q:28.75 aq:19.05 tex:3403 mv:456 misc:621 imb:8 pmb:111 smb:801 d:- ref:0 ;
in:4624 out:4625 type:b dur:2 cpbdur:2 q:28.77 aq:22.00 tex:9 mv:4 misc:131 imb:0 pmb:1 smb:919 d:- ref:0 ;
in:4626 out:4626 type:P dur:2 cpbdur:2 q:28.73 aq:19.81 tex:5377 mv:1437 misc:778 imb:16 pmb:235 smb:669 d:- ref:0 ;
in:4630 out:4627 type:P dur:2 cpbdur:2 q:28.72 aq:20.74 tex:4698 mv:1163 misc:699 imb:8 pmb:217 smb:695 d:- ref:0 ;
in:4628 out:4628 type:B dur:2 cpbdur:2 q:28.73 aq:19.17 tex:300 mv:143 misc:301 imb:1 pmb:26 smb:893 d:- ref:0 ;
in:4627 out:4629 type:b dur:2 cpbdur:2 q:28.73 aq:22.00 tex:11 mv:21 misc:144 imb:0 pmb:3 smb:917 d:- ref:0 ;
in:4629 out:4630 type:b dur:2 cpbdur:2 q:28.73 aq:20.75 tex:33 mv:22 misc:169 imb:0 pmb:6 smb:914 d:- ref:0 ;
in:4633 out:4631 type:P dur:2 cpbdur:2 q:28.68 aq:20.08 tex:8309 mv:2355 misc:736 imb:46 pmb:280 smb:594 d:- ref:0 ;
in:4631 out:4632 type:B dur:2 cpbdur:2 q:28.71 aq:20.63 tex:143 mv:108 misc:237 imb:0 pmb:15 smb:905 d:- ref:0 ;
in:4632 out:4633 type:b dur:2 cpbdur:2 q:28.70 aq:22.02 tex:38 mv:54 misc:188 imb:0 pmb:10 smb:910 d:- ref:0 ;
in:4634 out:4634 type:P dur:2 cpbdur:2 q:28.65 aq:19.67 tex:1694 mv:245 misc:557 imb:7 pmb:75 smb:838 d:- ref:0 ;
in:4638 out:4635 type:P dur:2 cpbdur:2 q:28.65 aq:20.89 tex:9040 mv:2654 misc:794 imb:62 pmb:296 smb:562 d:- ref:0 ;
in:4636 out:4636 type:B dur:2 cpbdur:2 q:28.65 aq:22.02 tex:235 mv:209 misc:332 imb:0 pmb:35 smb:885 d:- ref:0 ;
in:4635 out:4637 type:b dur:2 cpbdur:2 q:28.65 aq:21.34 tex:51 mv:73 misc:220 imb:0 pmb:16 smb:904 d:- ref:0 ;
in:4637 out:4638 type:b dur:2 cpbdur:2 q:28.65 aq:22.00 tex:6 mv:12 misc:150 imb:0 pmb:4 smb:916 d:- ref:0 ;
in:4639 out:4639 type:P dur:2 cpbdur:2 q:28.61 aq:21.16 tex:3291 mv:228 misc:601 imb:3 pmb:94 smb:823 d:- ref:0 ;
in:4642 out:4640 type:P dur:2 cpbdur:2 q:28.60 aq:20.17 tex:14405 mv:3588 misc:687 imb:90 pmb:334 smb:496 d:- ref:0 ;
in:4640 out:4641 type:B dur:2 cpbdur:2 q:28.61 aq:21.00 tex:41 mv:156 misc:403 imb:0 pmb:63 smb:857 d:- ref:0 ;
in:4641 out:4642 type:b dur:2 cpbdur:2 q:28.60 aq:26.88 tex:400 mv:307 misc:429 imb:0 pmb:65 smb:855 d:- ref:0 ;
in:4643 out:4643 type:P dur:2 cpbdur:2 q:28.58 aq:20.04 tex:3440 mv:678 misc:666 imb:11 pmb:130 smb:779 d:- ref:0 ;
in:4645 out:4644 type:P dur:2 cpbdur:2 q:28.57 aq:20.32 tex:6577 mv:1406 misc:705 imb:10 pmb:225 smb:685 d:- ref:0 ;
in:4644 out:4645 type:b dur:2 cpbdur:2 q:28.57 aq:30.47 tex:220 mv:58 misc:186 imb:0 pmb:10 smb:910 d:- ref:0 ;
in:4648 out:4646 type:P dur:2 cpbdur:2 q:28.55 aq:18.55 tex:9118 mv:2337 misc:841 imb:38 pmb:325 smb:557 d:- ref:0 ;
in:4646 out:4647 type:B dur:2 cpbdur:2 q:28.56 aq:25.47 tex:233 mv:67 misc:228 imb:0 pmb:13 smb:907 d:- ref:0 ;
in:4647 out:4648 type:b dur:2 cpbdur:2 q:28.56 aq:18.45 tex:97 mv:23 misc:168 imb:0 pmb:7 smb:913 d:- ref:0 ;
in:4651 out:4649 type:P dur:2 cpbdur:2 q:28.52 aq:19.15 tex:10248 mv:2619 misc:701 imb:58 pmb:318 smb:544 d:- ref:0 ;
in:4649 out:4650 type:B dur:2 cpbdur:2 q:28.54 aq:29.66 tex:74 mv:8 misc:158 imb:0 pmb:2 smb:918 d:- ref:0 ;
in:4650 out:4651 type:b dur:2 cpbdur:2 q:28.53 aq:26.05 tex:147 mv:62 misc:215 imb:0 pmb:13 smb:907 d:- ref:0 ;
in:4655 out:4652 type:P dur:2 cpbdur:2 q:28.50 aq:19.70 tex:7886 mv:2135 misc:715 imb:27 pmb:284 smb:609 d:- ref:0 ;
in:4653 out:4653 type:B dur:2 cpbdur:2 q:28.51 aq:25.16 tex:540 mv:107 misc:241 imb:0 pmb:19 smb:901 d:- ref:0 ;
in:4652 out:4654 type:b dur:2 cpbdur:2 q:28.52 aq:25.98 tex:150 mv:21 misc:173 imb:0 pmb:7 smb:913 d:- ref:0 ;
in:4654 out:4655 type:b dur:2 cpbdur:2 q:28.50 aq:28.03 tex:358 mv:36 misc:166 imb:0 pmb:9 smb:911 d:- ref:0 ;
in:4657 out:4656 type:P dur:2 cpbdur:2 q:28.46 aq:19.77 tex:5483 mv:1037 misc:736 imb:5 pmb:194 smb:721 d:- ref:0 ;
in:4656 out:4657 type:b dur:2 cpbdur:2 q:28.48 aq:29.20 tex:227 mv:20 misc:145 imb:0 pmb:5 smb:915 d:- ref:0 ;
in:4658 out:4658 type:P dur:2 cpbdur:2 q:28.44 aq:19.69 tex:3540 mv:730 misc:666 imb:6 pmb:143 smb:771 d:- ref:0 ;
in:4662 out:4659 type:P dur:2 cpbdur:2 q:28.43 aq:19.86 tex:9270 mv:2659 misc:783 imb:63 pmb:291 smb:566 d:- ref:0 ;
in:4660 out:4660 type:B dur:2 cpbdur:2 q:28.43 aq:21.69 tex:791 mv:512 misc:561 imb:0 pmb:106 smb:814 d:- ref:0 ;
in:4659 out:4661 type:b dur:2 cpbdur:2 q:28.44 aq:30.43 tex:414 mv:87 misc:203 imb:0 pmb:17 smb:903 d:- ref:0 ;
in:4661 out:4662 type:b dur:2 cpbdur:2 q:28.43 aq:22.03 tex:56 mv:45 misc:179 imb:0 pmb:8 smb:912 d:- ref:0 ;
in:4664 out:4663 type:P dur:2 cpbdur:2 q:28.40 aq:20.19 tex:6586 mv:1492 misc:770 imb:19 pmb:237 smb:664 d:- ref:0 ;
in:4663 out:4664 type:b dur:2 cpbdur:2 q:28.41 aq:30.61 tex:437 mv:44 misc:191 imb:0 pmb:12 smb:908 d:- ref:0 ;
in:4665 out:4665 type:P dur:2 cpbdur:2 q:28.38 aq:20.02 tex:4096 mv:540 misc:692 imb:5 pmb:129 smb:786 d:- ref:0 ;
in:4667 out:4666 type:P dur:2 cpbdur:2 q:28.37 aq:20.21 tex:5114 mv:1250 misc:708 imb:19 pmb:199 smb:702 d:- ref:0 ;
in:4666 out:4667 type:b dur:2 cpbdur:2 q:28.37 aq:27.99 tex:238 mv:62 misc:228 imb:0 pmb:20 smb:900 d:- ref:0 ;
in:4668 out:4668 type:P dur:2 cpbdur:2 q:28.35 aq:20.00 tex:6320 mv:1447 misc:745 imb:21 pmb:229 smb:670 d:- ref:0 ;
in:4669 out:4669 type:P dur:2 cpbdur:2 q:28.34 aq:18.76 tex:5009 mv:799 misc:816 imb:20 pmb:188 smb:712 d:- ref:0 ;
in:4670 out:4670 type:P dur:2 cpbdur:2 q:28.34 aq:19.07 tex:3778 mv:1002 misc:708 imb:11 pmb:182 smb:727 d:- ref:0 ;
in:4674 out:4671 type:P dur:2 cpbdur:2 q:28.33 aq:19.39 tex:9210 mv:2646 misc:792 imb:60 pmb:294 smb:566 d:- ref:0 ;
in:4672 out:4672 type:B dur:2 cpbdur:2 q:28.33 aq:23.21 tex:693 mv:384 misc:459 imb:2 pmb:74 smb:844 d:- ref:0 ;
in:4671 out:4673 type:b dur:2 cpbdur:2 q:28.33 aq:29.87 tex:95 mv:32 misc:177 imb:0 pmb:9 smb:911 d:- ref:0 ;
in:4673 out:4674 type:b dur:2 cpbdur:2 q:28.33 aq:20.11 tex:25 mv:11 misc:148 imb:0 pmb:3 smb:917 d:- ref:0 ;
in:4678 out:4675 type:P dur:2 cpbdur:2 q:28.29 aq:19.16 tex:11506 mv:2564 misc:842 imb:54 pmb:335 smb:531 d:- ref:0 ;
in:4676 out:4676 type:B dur:2 cpbdur:2 q:28.31 aq:22.42 tex:942 mv:345 misc:441 imb:0 pmb:61 smb:859 d:- ref:0 ;
in:4675 out:4677 type:b dur:2 cpbdur:2 q:28.32 aq:29.57 tex:97 mv:15 misc:152 imb:0 pmb:4 smb:916 d:- ref:0 ;
in:4677 out:4678 type:b dur:2 cpbdur:2 q:28.30 aq:29.55 tex:247 mv:46 misc:171 imb:0 pmb:9 smb:911 d:- ref:0 ;
in:4682 out:4679 type:P dur:2 cpbdur:2 q:28.26 aq:18.62 tex:21898 mv:4047 misc:671 imb:131 pmb:336 smb:453 d:- ref:0 ;
in:4680 out:4680 type:B dur:2 cpbdur:2 q:28.27 aq:22.46 tex:2493 mv:1224 misc:691 imb:4 pmb:191 smb:725 d:- ref:0 ;
in:4679 out:4681 type:b dur:2 cpbdur:2 q:28.28 aq:29.49 tex:424 mv:30 misc:162 imb:0 pmb:8 smb:912 d:- ref:0 ;
in:4681 out:4682 type:b dur:2 cpbdur:2 q:28.26 aq:25.35 tex:893 mv:531 misc:496 imb:5 pmb:83 smb:832 d:- ref:0 ;
in:4686 out:4683 type:P dur:2 cpbdur:2 q:28.23 aq:19.10 tex:8133 mv:1973 misc:774 imb:24 pmb:279 smb:617 d:- ref:0 ;
in:4684 out:4684 type:B dur:2 cpbdur:2 q:28.24 aq:23.64 tex:632 mv:218 misc:318 imb:2 pmb:31 smb:887 d:- ref:0 ;
in:4683 out:4685 type:b dur:2 cpbdur:2 q:28.25 aq:22.00 tex:2 mv:15 misc:143 imb:0 pmb:4 smb:916 d:- ref:0 ;
in:4685 out:4686 type:b dur:2 cpbdur:2 q:28.24 aq:27.07 tex:629 mv:47 misc:196 imb:0 pmb:13 smb:907 d:- ref:0 ;
in:4688 out:4687 type:P dur:2 cpbdur:2 q:28.19 aq:18.81 tex:3297 mv:955 misc:772 imb:11 pmb:172 smb:737 d:- ref:0 ;
in:4687 out:4688 type:b dur:2 cpbdur:2 q:28.21 aq:22.00 tex:3 mv:17 misc:156 imb:0 pmb:4 smb:916 d:- ref:0 ;
in:4689 out:4689 type:P dur:2 cpbdur:2 q:28.16 aq:18.52 tex:4229 mv:676 misc:671 imb:6 pmb:136 smb:778 d:- ref:0 ;
in:4692 out:4690 type:P dur:2 cpbdur:2 q:28.16 aq:19.00 tex:13996 mv:2945 misc:699 imb:56 pmb:321 smb:543 d:- ref:0 ;
in:4690 out:4691 type:B dur:2 cpbdur:2 q:28.16 aq:22.73 tex:467 mv:53 misc:200 imb:0 pmb:11 smb:909 d:- ref:0 ;
in:4691 out:4692 type:b dur:2 cpbdur:2 q:28.16 aq:20.27 tex:568 mv:79 misc:273 imb:0 pmb:25 smb:895 d:- ref:0 ;
in:4693 out:4693 type:P dur:2 cpbdur:2 q:28.14 aq:18.63 tex:2487 mv:430 misc:683 imb:9 pmb:116 smb:795 d:- ref:0 ;
in:4697 out:4694 type:P dur:2 cpbdur:2 q:28.13 aq:19.41 tex:9494 mv:2459 misc:639 imb:38 pmb:274 smb:608 d:- ref:0 ;
in:4695 out:4695 type:B dur:2 cpbdur:2 q:28.13 aq:21.03 tex:409 mv:283 misc:356 imb:1 pmb:42 smb:877 d:- ref:0 ;
in:4694 out:4696 type:b dur:2 cpbdur:2 q:28.13 aq:21.54 tex:224 mv:50 misc:190 imb:0 pmb:12 smb:908 d:- ref:0 ;
in:4696 out:4697 type:b dur:2 cpbdur:2 q:28.13 aq:25.81 tex:210 mv:58 misc:188 imb:0 pmb:10 smb:910 d:- ref:0 ;
in:4699 out:4698 type:P dur:2 cpbdur:2 q:28.09 aq:19.25 tex:2559 mv:429 misc:588 imb:6 pmb:102 smb:812 d:- ref:0 ;
in:4698 out:4699 type:b dur:2 cpbdur:2 q:28.11 aq:20.94 tex:17 mv:11 misc:140 imb:0 pmb:3 smb:917 d:- ref:0 ;
in:4702 out:4700 type:P dur:2 cpbdur:2 q:28.07 aq:19.25 tex:8655 mv:2483 misc:710 imb:40 pmb:286 smb:594 d:- ref:0 ;
in:4700 out:4701 type:B dur:2 cpbdur:2 q:28.08 aq:29.95 tex:155 mv:56 misc:181 imb:0 pmb:10 smb:910 d:- ref:0 ;
in:4701 out:4702 type:b dur:2 cpbdur:2 q:28.08 aq:20.94 tex:39 mv:105 misc:264 imb:0 pmb:24 smb:896 d:- ref:0 ;
in:4706 out:4703 type:P dur:2 cpbdur:2 q:28.04 aq:19.92 tex:6159 mv:1925 misc:716 imb:23 pmb:251 smb:646 d:- ref:0 ;
in:4704 out:4704 type:B dur:2 cpbdur:2 q:28.06 aq:20.54 tex:193 mv:275 misc:444 imb:2 pmb:58 smb:860 d:- ref:0 ;
in:4703 out:4705 type:b dur:2 cpbdur:2 q:28.06 aq:22.00 tex:0 mv:0 misc:120 imb:0 pmb:0 smb:920 d:- ref:0 ;
in:4705 out:4706 type:b dur:2 cpbdur:2 q:28.05 aq:21.26 tex:105 mv:77 misc:210 imb:1 pmb:12 smb:907 d:- ref:0 ;
in:4708 out:4707 type:P dur:2 cpbdur:2 q:28.00 aq:19.29 tex:4343 mv:889 misc:768 imb:17 pmb:173 smb:730 d:- ref:0 ;
in:4707 out:4708 type:b dur:2 cpbdur:2 q:28.02 aq:22.00 tex:18 mv:11 misc:147 imb:0 pmb:3 smb:917 d:- ref:0 ;
in:4712 out:4709 type:P dur:2 cpbdur:2 q:27.98 aq:20.29 tex:6349 mv:2148 misc:647 imb:32 pmb:248 smb:640 d:- ref:0 ;
in:4710 out:4710 type:B dur:2 cpbdur:2 q:27.99 aq:22.09 tex:541 mv:470 misc:445 imb:1 pmb:67 smb:852 d:- ref:0 ;
in:4709 out:4711 type:b dur:2 cpbdur:2 q:28.00 aq:20.87 tex:34 mv:13 misc:153 imb:0 pmb:4 smb:916 d:- ref:0 ;
in:4711 out:4712 type:b dur:2 cpbdur:2 q:27.99 aq:27.28 tex:343 mv:58 misc:199 imb:0 pmb:11 smb:909 d:- ref:0 ;
in:4715 out:4713 type:P dur:2 cpbdur:2 q:27.94 aq:20.87 tex:5958 mv:2128 misc:730 imb:43 pmb:242 smb:635 d:- ref:0 ;
in:4713 out:4714 type:B dur:2 cpbdur:2 q:27.97 aq:20.20 tex:135 mv:72 misc:249 imb:0 pmb:17 smb:903 d:- ref:0 ;
in:4714 out:4715 type:b dur:2 cpbdur:2 q:27.96 aq:25.78 tex:339 mv:127 misc:270 imb:1 pmb:24 smb:895 d:- ref:0 ;
in:4718 out:4716 type:P dur:2 cpbdur:2 q:27.91 aq:22.17 tex:3342 mv:1140 misc:686 imb:10 pmb:161 smb:749 d:- ref:0 ;
in:4716 out:4717 type:B dur:2 cpbdur:2 q:27.93 aq:23.76 tex:575 mv:47 misc:234 imb:0 pmb:15 smb:905 d:- ref:0 ;
in:4717 out:4718 type:b dur:2 cpbdur:2 q:27.92 aq:21.14 tex:25 mv:60 misc:203 imb:0 pmb:16 smb:904 d:- ref:0 ;
in:4719 out:4719 type:P dur:2 cpbdur:2 q:27.88 aq:23.97 tex:855 mv:205 misc:308 imb:4 pmb:24 smb:892 d:- ref:0 ;
in:4720 out:4720 type:P dur:2 cpbdur:2 q:27.86 aq:22.55 tex:982 mv:352 misc:394 imb:3 pmb:52 smb:865 d:- ref:0 ;
in:4721 out:4721 type:I dur:2 cpbdur:2 q:25.16 aq:18.79 tex:139909 mv:30327 misc:116 imb:920 pmb:0 smb:0 d:- ref:;
in:4725 out:4722 type:P dur:2 cpbdur:2 q:27.94 aq:25.42 tex:7011 mv:877 misc:560 imb:1 pmb:172 smb:747 d:- ref:0 ;
in:4723 out:4723 type:B dur:2 cpbdur:2 q:27.94 aq:28.23 tex:658 mv:305 misc:285 imb:0 pmb:35 smb:885 d:- ref:0 ;
in:4722 out:4724 type:b dur:2 cpbdur:2 q:27.94 aq:28.00 tex:6 mv:42 misc:176 imb:0 pmb:12 smb:908 d:- ref:0 ;
in:4724 out:4725 type:b dur:2 cpbdur:2 q:27.94 aq:30.41 tex:201 mv:52 misc:163 imb:0 pmb:8 smb:912 d:- ref:0 ;
in:4727 out:4726 type:P dur:2 cpbdur:2 q:27.90 aq:26.22 tex:1979 mv:322 misc:443 imb:0 pmb:73 smb:847 d:- ref:0 ;
in:4726 out:4727 type:b dur:2 cpbdur:2 q:27.92 aq:28.00 tex:4 mv:20 misc:160 imb:0 pmb:7 smb:913 d:- ref:0 ;
in:4728 out:4728 type:P dur:2 cpbdur:2 q:27.88 aq:26.84 tex:1597 mv:258 misc:393 imb:0 pmb:63 smb:857 d:- ref:0 ;
in:4729 out:4729 type:P dur:2 cpbdur:2 q:27.87 aq:27.69 tex:985 mv:207 misc:360 imb:0 pmb:54 smb:866 d:- ref:0 ;
in:4730 out:4730 type:P dur:2 cpbdur:2 q:27.86 aq:26.26 tex:595 mv:245 misc:440 imb:0 pmb:60 smb:860 d:- ref:0 ;
in:4731 out:4731 type:P dur:2 cpbdur:2 q:27.85 aq:24.08 tex:205 mv:117 misc:254 imb:0 pmb:22 smb:898 d:- ref:0 ;
in:4732 out:4732 type:i dur:2 cpbdur:2 q:25.09 aq:17.14 tex:198488 mv:35608 misc:120 imb:920 pmb:0 smb:0 d:- ref:;
in:4736 out:4733 type:P dur:2 cpbdur:2 q:28.00 aq:20.77 tex:34478 mv:2513 misc:817 imb:21 pmb:428 smb:471 d:- ref:0 ;
in:4734 out:4734 type:B dur:2 cpbdur:2 q:28.00 aq:27.60 tex:6355 mv:1609 misc:516 imb:1 pmb:140 smb:779 d:- ref:0 ;
in:4733 out:4735 type:b dur:2 cpbdur:2 q:28.00 aq:30.58 tex:1741 mv:629 misc:270 imb:0 pmb:56 smb:864 d:- ref:0 ;
in:4735 out:4736 type:b dur:2 cpbdur:2 q:28.00 aq:30.49 tex:2204 mv:781 misc:247 imb:0 pmb:57 smb:863 d:- ref:0 ;
in:4739 out:4737 type:P dur:2 cpbdur:2 q:27.97 aq:19.83 tex:44642 mv:3167 misc:839 imb:25 pmb:627 smb:268 d:- ref:0 ;
in:4737 out:4738 type:B dur:2 cpbdur:2 q:27.99 aq:26.42 tex:3016 mv:886 misc:386 imb:1 pmb:78 smb:841 d:- ref:0 ;
in:4738 out:4739 type:b dur:2 cpbdur:2 q:27.98 aq:29.72 tex:1177 mv:555 misc:292 imb:0 pmb:52 smb:868 d:- ref:0 ;
in:4743 out:4740 type:P dur:2 cpbdur:2 q:27.96 aq:19.66 tex:42675 mv:2796 misc:873 imb:13 pmb:643 smb:264 d:- ref:0 ;
in:4741 out:4741 type:B dur:2 cpbdur:2 q:27.97 aq:25.53 tex:2275 mv:1162 misc:619 imb:0 pmb:157 smb:763 d:- ref:0 ;
in:4740 out:4742 type:b dur:2 cpbdur:2 q:27.97 aq:21.00 tex:67 mv:270 misc:359 imb:0 pmb:63 smb:857 d:- ref:0 ;
in:4742 out:4743 type:b dur:2 cpbdur:2 q:27.97 aq:26.17 tex:169 mv:187 misc:260 imb:0 pmb:25 smb:895 d:- ref:0 ;
in:4744 out:4744 type:P dur:2 cpbdur:2 q:27.97 aq:18.99 tex:13702 mv:1085 misc:1053 imb:13 pmb:489 smb:418 d:- ref:0 ;
in:4747 out:4745 type:P dur:2 cpbdur:2 q:27.97 aq:19.17 tex:33610 mv:2508 misc:906 imb:14 pmb:595 smb:311 d:- ref:0 ;
in:4745 out:4746 type:B dur:2 cpbdur:2 q:27.97 aq:27.77 tex:408 mv:356 misc:324 imb:0 pmb:42 smb:878 d:- ref:0 ;
in:4746 out:4747 type:b dur:2 cpbdur:2 q:27.97 aq:24.14 tex:299 mv:240 misc:269 imb:0 pmb:30 smb:890 d:- ref:0 ;
in:4751 out:4748 type:P dur:2 cpbdur:2 q:27.98 aq:19.11 tex:32899 mv:2210 misc:907 imb:7 pmb:584 smb:329 d:- ref:0 ;
in:4749 out:4749 type:B dur:2 cpbdur:2 q:27.97 aq:23.78 tex:1220 mv:398 misc:366 imb:0 pmb:56 smb:864 d:- ref:0 ;
in:4748 out:4750 type:b dur:2 cpbdur:2 q:27.97 aq:22.37 tex:55 mv:39 misc:194 imb:0 pmb:11 smb:909 d:- ref:0 ;
in:4750 out:4751 type:b dur:2 cpbdur:2 q:27.97 aq:28.96 tex:703 mv:188 misc:245 imb:0 pmb:30 smb:890 d:- ref:0 ;
in:4753 out:4752 type:P dur:2 cpbdur:2 q:27.96 aq:19.56 tex:18251 mv:1211 misc:978 imb:5 pmb:389 smb:526 d:- ref:0 ;
in:4752 out:4753 type:b dur:2 cpbdur:2 q:27.97 aq:21.00 tex:33 mv:44 misc:179 imb:0 pmb:12 smb:908 d:- ref:0 ;
in:4757 out:4754 type:P dur:2 cpbdur:2 q:27.94 aq:19.59 tex:31789 mv:1988 misc:871 imb:3 pmb:464 smb:453 d:- ref:0 ;
in:4755 out:4755 type:B dur:2 cpbdur:2 q:27.95 aq:27.99 tex:2288 mv:658 misc:390 imb:0 pmb:72 smb:848 d:- ref:0 ;
in:4754 out:4756 type:b dur:2 cpbdur:2 q:27.96 aq:27.49 tex:716 mv:242 misc:210 imb:0 pmb:21 smb:899 d:- ref:0 ;
in:4756 out:4757 type:b dur:2 cpbdur:2 q:27.95 aq:27.76 tex:695 mv:239 misc:234 imb:0 pmb:25 smb:895 d:- ref:0 ;
in:4761 out:4758 type:P dur:2 cpbdur:2 q:27.93 aq:19.48 tex:35714 mv:2229 misc:873 imb:11 pmb:482 smb:427 d:- ref:0 ;
in:4759 out:4759 type:B dur:2 cpbdur:2 q:27.94 aq:25.25 tex:2366 mv:851 misc:455 imb:0 pmb:89 smb:831 d:- ref:0 ;
in:4758 out:4760 type:b dur:2 cpbdur:2 q:27.94 aq:27.87 tex:821 mv:284 misc:231 imb:0 pmb:24 smb:896 d:- ref:0 ;
in:4760 out:4761 type:b dur:2 cpbdur:2 q:27.94 aq:21.99 tex:776 mv:241 misc:199 imb:0 pmb:22 smb:898 d:- ref:0 ;
in:4764 out:4762 type:P dur:2 cpbdur:2 q:27.92 aq:19.26 tex:29183 mv:1831 misc:858 imb:2 pmb:475 smb:443 d:- ref:0 ;
in:4762 out:4763 type:B dur:2 cpbdur:2 q:27.93 aq:24.15 tex:827 mv:360 misc:293 imb:0 pmb:41 smb:879 d:- ref:0 ;
in:4763 out:4764 type:b dur:2 cpbdur:2 q:27.92 aq:27.42 tex:204 mv:147 misc:201 imb:0 pmb:18 smb:902 d:- ref:0 ;
in:4768 out:4765 type:P dur:2 cpbdur:2 q:27.92 aq:18.27 tex:41101 mv:2784 misc:843 imb:27 pmb:648 smb:245 d:- ref:0 ;
in:4766 out:4766 type:B dur:2 cpbdur:2 q:27.92 aq:24.50 tex:928 mv:616 misc:432 imb:0 pmb:77 smb:843 d:- ref:0 ;
in:4765 out:4767 type:b dur:2 cpbdur:2 q:27.92 aq:21.00 tex:31 mv:98 misc:295 imb:0 pmb:38 smb:882 d:- ref:0 ;
in:4767 out:4768 type:b dur:2 cpbdur:2 q:27.92 aq:24.42 tex:252 mv:115 misc:185 imb:0 pmb:13 smb:907 d:- ref:0 ;
in:4772 out:4769 type:P dur:2 cpbdur:2 q:27.91 aq:18.71 tex:24517 mv:1788 misc:887 imb:6 pmb:470 smb:444 d:- ref:0 ;
in:4770 out:4770 type:B dur:2 cpbdur:2 q:27.91 aq:28.12 tex:312 mv:208 misc:304 imb:0 pmb:38 smb:882 d:- ref:0 ;
in:4769 out:4771 type:b dur:2 cpbdur:2 q:27.92 aq:21.00 tex:0 mv:0 misc:120 imb:0 pmb:0 smb:920 d:- ref:0 ;
in:4771 out:4772 type:b dur:2 cpbdur:2 q:27.91 aq:29.52 tex:154 mv:125 misc:209 imb:0 pmb:17 smb:903 d:- ref:0 ;
in:4776 out:4773 type:P dur:2 cpbdur:2 q:27.89 aq:19.64 tex:17163 mv:1233 misc:852 imb:4 pmb:368 smb:548 d:- ref:0 ;
in:4774 out:4774 type:B dur:2 cpbdur:2 q:27.90 aq:26.09 tex:335 mv:271 misc:298 imb:0 pmb:39 smb:881 d:- ref:0 ;
in:4773 out:4775 type:b dur:2 cpbdur:2 q:27.90 aq:23.32 tex:58 mv:32 misc:182 imb:0 pmb:10 smb:910 d:- ref:0 ;
in:4775 out:4776 type:b dur:2 cpbdur:2 q:27.89 aq:28.74 tex:83 mv:89 misc:188 imb:0 pmb:16 smb:904 d:- ref:0 ;
in:4780 out:4777 type:P dur:2 cpbdur:2 q:27.85 aq:20.49 tex:22481 mv:1723 misc:748 imb:1 pmb:409 smb:510 d:- ref:0 ;
in:4778 out:4778 type:B dur:2 cpbdur:2 q:27.87 aq:25.64 tex:900 mv:320 misc:364 imb:0 pmb:54 smb:866 d:- ref:0 ;
in:4777 out:4779 type:b dur:2 cpbdur:2 q:27.88 aq:28.77 tex:113 mv:62 misc:201 imb:0 pmb:13 smb:907 d:- ref:0 ;
in:4779 out:4780 type:b dur:2 cpbdur:2 q:27.86 aq:28.72 tex:50 mv:7 misc:143 imb:0 pmb:2 smb:918 d:- ref:0 ;
in:4784 out:4781 type:P dur:2 cpbdur:2 q:27.83 aq:20.30 tex:22930 mv:1703 misc:775 imb:4 pmb:400 smb:516 d:- ref:0 ;
in:4782 out:4782 type:B dur:2 cpbdur:2 q:27.84 aq:25.30 tex:1362 mv:646 misc:392 imb:0 pmb:74 smb:846 d:- ref:0 ;
in:4781 out:4783 type:b dur:2 cpbdur:2 q:27.85 aq:25.28 tex:49 mv:77 misc:154 imb:0 pmb:5 smb:915 d:- ref:0 ;
in:4783 out:4784 type:b dur:2 cpbdur:2 q:27.83 aq:28.76 tex:130 mv:125 misc:169 imb:0 pmb:10 smb:910 d:- ref:0 ;
in:4788 out:4785 type:P dur:2 cpbdur:2 q:27.79 aq:20.56 tex:26304 mv:1878 misc:810 imb:2 pmb:415 smb:503 d:- ref:0 ;
in:4786 out:4786 type:B dur:2 cpbdur:2 q:27.81 aq:26.62 tex:1871 mv:460 misc:373 imb:0 pmb:62 smb:858 d:- ref:0 ;
in:4785 out:4787 type:b dur:2 cpbdur:2 q:27.82 aq:26.92 tex:65 mv:118 misc:225 imb:0 pmb:19 smb:901 d:- ref:0 ;
in:4787 out:4788 type:b dur:2 cpbdur:2 q:27.80 aq:28.45 tex:896 mv:327 misc:217 imb:0 pmb:30 smb:890 d:- ref:0 ;
in:4790 out:4789 type:P dur:2 cpbdur:2 q:27.76 aq:20.77 tex:11864 mv:748 misc:780 imb:0 pmb:263 smb:657 d:- ref:0 ;
in:4789 out:4790 type:b dur:2 cpbdur:2 q:27.77 aq:21.04 tex:59 mv:81 misc:244 imb:0 pmb:25 smb:895 d:- ref:0 ;
in:4793 out:4791 type:P dur:2 cpbdur:2 q:27.73 aq:21.08 tex:19088 mv:1620 misc:852 imb:15 pmb:353 smb:552 d:- ref:0 ;
in:4791 out:4792 type:B dur:2 cpbdur:2 q:27.75 aq:27.90 tex:1842 mv:338 misc:268 imb:0 pmb:38 smb:882 d:- ref:0 ;
in:4792 out:4793 type:b dur:2 cpbdur:2 q:27.74 aq:28.02 tex:2084 mv:387 misc:217 imb:0 pmb:28 smb:892 d:- ref:0 ;
in:4797 out:4794 type:P dur:2 cpbdur:2 q:27.72 aq:22.55 tex:12581 mv:1190 misc:677 imb:7 pmb:226 smb:687 d:- ref:0 ;
in:4795 out:4795 type:B dur:2 cpbdur:2 q:27.72 aq:25.43 tex:1617 mv:490 misc:357 imb:0 pmb:56 smb:864 d:- ref:0 ;
in:4794 out:4796 type:b dur:2 cpbdur:2 q:27.73 aq:25.83 tex:84 mv:66 misc:202 imb:0 pmb:18 smb:902 d:- ref:0 ;
in:4796 out:4797 type:b dur:2 cpbdur:2 q:27.72 aq:28.26 tex:1059 mv:308 misc:241 imb:0 pmb:27 smb:893 d:- ref:0 ;
in:4799 out:4798 type:P dur:2 cpbdur:2 q:27.69 aq:20.86 tex:4420 mv:633 misc:779 imb:6 pmb:190 smb:724 d:- ref:0 ;
in:4798 out:4799 type:b dur:2 cpbdur:2 q:27.70 aq:21.00 tex:141 mv:57 misc:274 imb:0 pmb:25 smb:895 d:- ref:0 ;
in:4800 out:4800 type:P dur:2 cpbdur:2 q:27.68 aq:22.19 tex:4883 mv:638 misc:759 imb:4 pmb:183 smb:733 d:- ref:0 ;
in:4804 out:4801 type:P dur:2 cpbdur:2 q:27.67 aq:25.51 tex:4306 mv:1285 misc:665 imb:6 pmb:177 smb:737 d:- ref:0 ;
in:4802 out:4802 type:B dur:2 cpbdur:2 q:27.67 aq:25.56 tex:2408 mv:757 misc:539 imb:0 pmb:108 smb:812 d:- ref:0 ;
in:4801 out:4803 type:b dur:2 cpbdur:2 q:27.67 aq:26.93 tex:800 mv:280 misc:216 imb:0 pmb:23 smb:897 d:- ref:0 ;
in:4803 out:4804 type:b dur:2 cpbdur:2 q:27.67 aq:27.56 tex:449 mv:207 misc:280 imb:0 pmb:30 smb:890 d:- ref:0 ;
in:4805 out:4805 type:I dur:2 cpbdur:2 q:24.87 aq:19.02 tex:237825 mv:36630 misc:137 imb:920 pmb:0 smb:0 d:- ref:;
in:4809 out:4806 type:P dur:2 cpbdur:2 q:27.77 aq:22.29 tex:53948 mv:5196 misc:624 imb:43 pmb:740 smb:137 d:- ref:0 ;
in:4807 out:4807 type:B dur:2 cpbdur:2 q:27.77 aq:25.15 tex:5356 mv:3067 misc:857 imb:7 pmb:318 smb:595 d:- ref:0 ;
in:4806 out:4808 type:b dur:2 cpbdur:2 q:27.77 aq:28.79 tex:1201 mv:1233 misc:670 imb:2 pmb:159 smb:759 d:- ref:0 ;
in:4808 out:4809 type:b dur:2 cpbdur:2 q:27.77 aq:28.24 tex:1726 mv:1679 misc:731 imb:1 pmb:199 smb:720 d:- ref:0 ;
in:4813 out:4810 type:P dur:2 cpbdur:2 q:27.75 aq:22.31 tex:71428 mv:6175 misc:445 imb:52 pmb:794 smb:74 d:- ref:0 ;
in:4811 out:4811 type:B dur:2 cpbdur:2 q:27.76 aq:25.26 tex:9878 mv:4125 misc:965 imb:9 pmb:414 smb:497 d:- ref:0 ;
in:4810 out:4812 type:b dur:2 cpbdur:2 q:27.77 aq:23.18 tex:130 mv:26 misc:188 imb:0 pmb:11 smb:909 d:- ref:0 ;
in:4812 out:4813 type:b dur:2 cpbdur:2 q:27.75 aq:27.96 tex:3159 mv:2498 misc:839 imb:3 pmb:287 smb:630 d:- ref:0 ;
in:4814 out:4814 type:P dur:2 cpbdur:2 q:27.73 aq:22.16 tex:45171 mv:3886 misc:663 imb:37 pmb:737 smb:146 d:- ref:0 ;
in:4815 out:4815 type:P dur:2 cpbdur:2 q:27.73 aq:22.31 tex:6024 mv:468 misc:844 imb:4 pmb:215 smb:701 d:- ref:0 ;
in:4818 out:4816 type:P dur:2 cpbdur:2 q:27.77 aq:22.43 tex:78727 mv:6440 misc:441 imb:61 pmb:795 smb:64 d:- ref:0 ;
in:4816 out:4817 type:B dur:2 cpbdur:2 q:27.74 aq:26.08 tex:4585 mv:3184 misc:903 imb:0 pmb:329 smb:591 d:- ref:0 ;
in:4817 out:4818 type:b dur:2 cpbdur:2 q:27.75 aq:27.71 tex:4299 mv:2910 misc:759 imb:3 pmb:281 smb:636 d:- ref:0 ;
in:4819 out:4819 type:P dur:2 cpbdur:2 q:27.79 aq:22.29 tex:11325 mv:703 misc:996 imb:4 pmb:373 smb:543 d:- ref:0 ;
in:4823 out:4820 type:P dur:2 cpbdur:2 q:27.78 aq:22.74 tex:73948 mv:6368 misc:412 imb:59 pmb:796 smb:65 d:- ref:0 ;
in:4821 out:4821 type:B dur:2 cpbdur:2 q:27.78 aq:26.01 tex:6918 mv:3557 misc:909 imb:6 pmb:331 smb:583 d:- ref:0 ;
in:4820 out:4822 type:b dur:2 cpbdur:2 q:27.79 aq:27.81 tex:2419 mv:2109 misc:824 imb:3 pmb:228 smb:689 d:- ref:0 ;
in:4822 out:4823 type:b dur:2 cpbdur:2 q:27.78 aq:22.01 tex:214 mv:31 misc:211 imb:0 pmb:13 smb:907 d:- ref:0 ;
in:4827 out:4824 type:P dur:2 cpbdur:2 q:27.82 aq:22.99 tex:86144 mv:7138 misc:390 imb:83 pmb:786 smb:51 d:- ref:0 ;
in:4825 out:4825 type:B dur:2 cpbdur:2 q:27.80 aq:26.49 tex:12917 mv:5078 misc:933 imb:10 pmb:429 smb:481 d:- ref:0 ;
in:4824 out:4826 type:b dur:2 cpbdur:2 q:27.79 aq:27.62 tex:2977 mv:2307 misc:844 imb:3 pmb:248 smb:669 d:- ref:0 ;
in:4826 out:4827 type:b dur:2 cpbdur:2 q:27.81 aq:27.62 tex:3722 mv:2900 misc:890 imb:3 pmb:294 smb:623 d:- ref:0 ;
in:4831 out:4828 type:P dur:2 cpbdur:2 q:27.93 aq:23.16 tex:84724 mv:7302 misc:382 imb:87 pmb:792 smb:41 d:- ref:0 ;
in:4829 out:4829 type:B dur:2 cpbdur:2 q:27.87 aq:25.44 tex:15173 mv:6018 misc:953 imb:13 pmb:502 smb:405 d:- ref:0 ;
in:4828 out:4830 type:b dur:2 cpbdur:2 q:27.84 aq:27.87 tex:3544 mv:2725 misc:827 imb:4 pmb:261 smb:655 d:- ref:0 ;
in:4830 out:4831 type:b dur:2 cpbdur:2 q:27.90 aq:28.80 tex:3782 mv:2398 misc:796 imb:0 pmb:262 smb:658 d:- ref:0 ;
in:4834 out:4832 type:P dur:2 cpbdur:2 q:27.98 aq:23.41 tex:69313 mv:6161 misc:494 imb:52 pmb:777 smb:91 d:- ref:0 ;
in:4832 out:4833 type:B dur:2 cpbdur:2 q:27.95 aq:28.85 tex:4621 mv:2946 misc:849 imb:2 pmb:262 smb:656 d:- ref:0 ;
in:4833 out:4834 type:b dur:2 cpbdur:2 q:27.96 aq:27.19 tex:3237 mv:2633 misc:818 imb:2 pmb:254 smb:664 d:- ref:0 ;
in:4835 out:4835 type:P dur:2 cpbdur:2 q:28.01 aq:23.11 tex:50830 mv:4708 misc:598 imb:33 pmb:768 smb:119 d:- ref:0 ;
in:4839 out:4836 type:P dur:2 cpbdur:2 q:28.04 aq:23.68 tex:76019 mv:7277 misc:344 imb:52 pmb:827 smb:41 d:- ref:0 ;
in:4837 out:4837 type:B dur:2 cpbdur:2 q:28.03 aq:26.89 tex:10014 mv:4930 misc:952 imb:10 pmb:396 smb:514 d:- ref:0 ;
in:4836 out:4838 type:b dur:2 cpbdur:2 q:28.02 aq:24.94 tex:153 mv:65 misc:214 imb:0 pmb:14 smb:906 d:- ref:0 ;
in:4838 out:4839 type:b dur:2 cpbdur:2 q:28.03 aq:29.29 tex:2856 mv:2593 misc:791 imb:3 pmb:248 smb:669 d:- ref:0 ;
in:4840 out:4840 type:P dur:2 cpbdur:2 q:28.06 aq:23.32 tex:3948 mv:331 misc:761 imb:1 pmb:155 smb:764 d:- ref:0 ;
in:4843 out:4841 type:P dur:2 cpbdur:2 q:28.06 aq:25.04 tex:59580 mv:6432 misc:476 imb:58 pmb:773 smb:89 d:- ref:0 ;
in:4841 out:4842 type:B dur:2 cpbdur:2 q:28.06 aq:27.68 tex:5531 mv:3564 misc:849 imb:2 pmb:329 smb:589 d:- ref:0 ;
in:4842 out:4843 type:b dur:2 cpbdur:2 q:28.06 aq:28.02 tex:5506 mv:3415 misc:887 imb:4 pmb:337 smb:579 d:- ref:0 ;
in:4844 out:4844 type:P dur:2 cpbdur:2 q:28.09 aq:24.23 tex:938 mv:157 misc:441 imb:2 pmb:50 smb:868 d:- ref:0 ;
in:4846 out:4845 type:P dur:2 cpbdur:2 q:28.08 aq:28.46 tex:19903 mv:4142 misc:907 imb:23 pmb:561 smb:336 d:- ref:0 ;
in:4845 out:4846 type:b dur:2 cpbdur:2 q:28.09 aq:27.75 tex:4088 mv:2698 misc:846 imb:3 pmb:278 smb:639 d:- ref:0 ;
in:4847 out:4847 type:I dur:2 cpbdur:2 q:25.02 aq:19.12 tex:88689 mv:25268 misc:123 imb:920 pmb:0 smb:0 d:- ref:;
in:4850 out:4848 type:P dur:2 cpbdur:2 q:28.17 aq:22.18 tex:22692 mv:5412 misc:776 imb:94 pmb:622 smb:204 d:- ref:0 ;
in:4848 out:4849 type:B dur:2 cpbdur:2 q:28.17 aq:24.49 tex:2762 mv:2473 misc:797 imb:10 pmb:223 smb:687 d:- ref:0 ;
in:4849 out:4850 type:b dur:2 cpbdur:2 q:28.17 aq:26.43 tex:2239 mv:1719 misc:634 imb:5 pmb:164 smb:751 d:- ref:0 ;
in:4854 out:4851 type:P dur:2 cpbdur:2 q:28.16 aq:22.53 tex:24291 mv:5690 misc:723 imb:144 pmb:559 smb:217 d:- ref:0 ;
in:4852 out:4852 type:B dur:2 cpbdur:2 q:28.17 aq:25.14 tex:4154 mv:3236 misc:850 imb:18 pmb:293 smb:609 d:- ref:0 ;
in:4851 out:4853 type:b dur:2 cpbdur:2 q:28.17 aq:25.91 tex:430 mv:632 misc:730 imb:2 pmb:187 smb:731 d:- ref:0 ;
in:4853 out:4854 type:b dur:2 cpbdur:2 q:28.16 aq:27.65 tex:1882 mv:1639 misc:623 imb:5 pmb:153 smb:762 d:- ref:0 ;
in:4855 out:4855 type:P dur:2 cpbdur:2 q:28.15 aq:22.69 tex:1392 mv:287 misc:545 imb:5 pmb:78 smb:837 d:- ref:0 ;
in:4858 out:4856 type:P dur:2 cpbdur:2 q:28.13 aq:23.32 tex:23777 mv:5745 misc:718 imb:211 pmb:523 smb:186 d:- ref:0 ;
in:4856 out:4857 type:B dur:2 cpbdur:2 q:28.15 aq:27.27 tex:3068 mv:2421 misc:767 imb:14 pmb:213 smb:693 d:- ref:0 ;
in:4857 out:4858 type:b dur:2 cpbdur:2 q:28.14 aq:27.67 tex:2004 mv:2339 misc:745 imb:9 pmb:223 smb:688 d:- ref:0 ;
in:4861 out:4859 type:P dur:2 cpbdur:2 q:28.13 aq:27.47 tex:6477 mv:3050 misc:929 imb:68 pmb:301 smb:551 d:- ref:0 ;
in:4859 out:4860 type:B dur:2 cpbdur:2 q:28.13 aq:27.17 tex:194 mv:307 misc:531 imb:0 pmb:112 smb:808 d:- ref:0 ;
in:4860 out:4861 type:b dur:2 cpbdur:2 q:28.13 aq:27.60 tex:2329 mv:2121 misc:766 imb:13 pmb:206 smb:701 d:- ref:0 ;
in:4862 out:4862 type:i dur:2 cpbdur:2 q:25.13 aq:19.01 tex:87216 mv:30437 misc:115 imb:920 pmb:0 smb:0 d:- ref:;
in:4866 out:4863 type:P dur:2 cpbdur:2 q:28.16 aq:23.20 tex:29163 mv:6907 misc:610 imb:213 pmb:514 smb:193 d:- ref:0 ;
in:4864 out:4864 type:B dur:2 cpbdur:2 q:28.16 aq:24.84 tex:6035 mv:4323 misc:922 imb:24 pmb:347 smb:549 d:- ref:0 ;
in:4863 out:4865 type:b dur:2 cpbdur:2 q:28.16 aq:24.68 tex:41 mv:18 misc:157 imb:0 pmb:5 smb:915 d:- ref:0 ;
in:4865 out:4866 type:b dur:2 cpbdur:2 q:28.16 aq:25.28 tex:3739 mv:3678 misc:895 imb:26 pmb:290 smb:604 d:- ref:0 ;
in:4870 out:4867 type:P dur:2 cpbdur:2 q:28.15 aq:23.61 tex:40853 mv:8488 misc:435 imb:379 pmb:479 smb:62 d:- ref:0 ;
in:4868 out:4868 type:B dur:2 cpbdur:2 q:28.15 aq:24.79 tex:14043 mv:7840 misc:893 imb:103 pmb:469 smb:348 d:- ref:0 ;
in:4867 out:4869 type:b dur:2 cpbdur:2 q:28.16 aq:25.87 tex:4999 mv:4379 misc:926 imb:24 pmb:351 smb:545 d:- ref:0 ;
in:4869 out:4870 type:b dur:2 cpbdur:2 q:28.15 aq:26.86 tex:6446 mv:4581 misc:837 imb:48 pmb:323 smb:549 d:- ref:0 ;
in:4874 out:4871 type:P dur:2 cpbdur:2 q:28.13 aq:23.69 tex:50111 mv:8815 misc:426 imb:355 pmb:503 smb:62 d:- ref:0 ;
in:4872 out:4872 type:B dur:2 cpbdur:2 q:28.14 aq:25.32 tex:16107 mv:7732 misc:889 imb:143 pmb:441 smb:336 d:- ref:0 ;
in:4871 out:4873 type:b dur:2 cpbdur:2 q:28.14 aq:26.62 tex:9389 mv:5674 misc:793 imb:89 pmb:316 smb:515 d:- ref:0 ;
in:4873 out:4874 type:b dur:2 cpbdur:2 q:28.14 aq:26.38 tex:9465 mv:5654 misc:801 imb:67 pmb:359 smb:494 d:- ref:0 ;
in:4875 out:4875 type:P dur:2 cpbdur:2 q:28.15 aq:23.66 tex:22284 mv:5716 misc:800 imb:92 pmb:578 smb:250 d:- ref:0 ;
in:4878 out:4876 type:P dur:2 cpbdur:2 q:28.14 aq:23.70 tex:42074 mv:7805 misc:561 imb:327 pmb:464 smb:129 d:- ref:0 ;
in:4876 out:4877 type:B dur:2 cpbdur:2 q:28.15 aq:27.84 tex:415 mv:318 misc:499 imb:3 pmb:81 smb:836 d:- ref:0 ;
in:4877 out:4878 type:b dur:2 cpbdur:2 q:28.14 aq:27.27 tex:7925 mv:5017 misc:898 imb:43 pmb:405 smb:472 d:- ref:0 ;
in:4880 out:4879 type:P dur:2 cpbdur:2 q:28.17 aq:25.48 tex:18020 mv:4896 misc:852 imb:89 pmb:518 smb:313 d:- ref:0 ;
in:4879 out:4880 type:b dur:2 cpbdur:2 q:28.16 aq:26.52 tex:319 mv:105 misc:240 imb:2 pmb:20 smb:898 d:- ref:0 ;
in:4882 out:4881 type:P dur:2 cpbdur:2 q:28.17 aq:23.74 tex:65380 mv:8915 misc:401 imb:426 pmb:433 smb:61 d:- ref:0 ;
in:4881 out:4882 type:b dur:2 cpbdur:2 q:28.17 aq:27.29 tex:10785 mv:6494 misc:929 imb:53 pmb:486 smb:381 d:- ref:0 ;
in:4884 out:4883 type:P dur:2 cpbdur:2 q:28.23 aq:25.02 tex:24192 mv:5589 misc:747 imb:108 pmb:544 smb:268 d:- ref:0 ;
in:4883 out:4884 type:b dur:2 cpbdur:2 q:28.20 aq:24.53 tex:493 mv:140 misc:351 imb:3 pmb:39 smb:878 d:- ref:0 ;
in:4885 out:4885 type:P dur:2 cpbdur:2 q:28.24 aq:24.42 tex:30601 mv:7237 misc:626 imb:192 pmb:589 smb:139 d:- ref:0 ;
in:4887 out:4886 type:P dur:2 cpbdur:2 q:28.26 aq:23.33 tex:60831 mv:8843 misc:302 imb:372 pmb:520 smb:28 d:- ref:0 ;
in:4886 out:4887 type:b dur:2 cpbdur:2 q:28.25 aq:27.64 tex:9647 mv:5854 misc:947 imb:32 pmb:485 smb:403 d:- ref:0 ;
in:4891 out:4888 type:P dur:2 cpbdur:2 q:28.28 aq:23.98 tex:55313 mv:8505 misc:382 imb:312 pmb:556 smb:52 d:- ref:0 ;
in:4889 out:4889 type:B dur:2 cpbdur:2 q:28.27 aq:26.15 tex:14287 mv:7896 misc:897 imb:72 pmb:540 smb:308 d:- ref:0 ;
in:4888 out:4890 type:b dur:2 cpbdur:2 q:28.26 aq:25.61 tex:673 mv:562 misc:605 imb:4 pmb:143 smb:773 d:- ref:0 ;
in:4890 out:4891 type:b dur:2 cpbdur:2 q:28.28 aq:27.89 tex:6677 mv:5485 misc:950 imb:38 pmb:424 smb:458 d:- ref:0 ;
in:4892 out:4892 type:P dur:2 cpbdur:2 q:28.30 aq:23.87 tex:25541 mv:6068 misc:679 imb:125 pmb:629 smb:166 d:- ref:0 ;
in:4896 out:4893 type:P dur:2 cpbdur:2 q:28.31 aq:23.74 tex:45839 mv:8421 misc:420 imb:294 pmb:569 smb:57 d:- ref:0 ;
in:4894 out:4894 type:B dur:2 cpbdur:2 q:28.30 aq:25.11 tex:15946 mv:7524 misc:946 imb:63 pmb:540 smb:317 d:- ref:0 ;
in:4893 out:4895 type:b dur:2 cpbdur:2 q:28.30 aq:26.68 tex:5769 mv:4803 misc:916 imb:32 pmb:384 smb:504 d:- ref:0 ;
in:4895 out:4896 type:b dur:2 cpbdur:2 q:28.31 aq:27.09 tex:4799 mv:4521 misc:912 imb:25 pmb:366 smb:529 d:- ref:0 ;
in:4900 out:4897 type:P dur:2 cpbdur:2 q:28.33 aq:22.99 tex:53678 mv:8774 misc:388 imb:289 pmb:587 smb:44 d:- ref:0 ;
in:4898 out:4898 type:B dur:2 cpbdur:2 q:28.32 aq:25.19 tex:15051 mv:7373 misc:920 imb:59 pmb:546 smb:315 d:- ref:0 ;
in:4897 out:4899 type:b dur:2 cpbdur:2 q:28.31 aq:25.58 tex:5658 mv:4848 misc:958 imb:44 pmb:375 smb:501 d:- ref:0 ;
in:4899 out:4900 type:b dur:2 cpbdur:2 q:28.33 aq:27.34 tex:5638 mv:4199 misc:963 imb:20 pmb:365 smb:535 d:- ref:0 ;
in:4904 out:4901 type:P dur:2 cpbdur:2 q:28.37 aq:22.85 tex:44714 mv:8254 misc:408 imb:302 pmb:564 smb:54 d:- ref:0 ;
in:4902 out:4902 type:B dur:2 cpbdur:2 q:28.35 aq:26.82 tex:9003 mv:5584 misc:941 imb:38 pmb:409 smb:473 d:- ref:0 ;
in:4901 out:4903 type:b dur:2 cpbdur:2 q:28.34 aq:24.48 tex:551 mv:126 misc:395 imb:1 pmb:49 smb:870 d:- ref:0 ;
in:4903 out:4904 type:b dur:2 cpbdur:2 q:28.36 aq:27.12 tex:4513 mv:3620 misc:955 imb:20 pmb:331 smb:569 d:- ref:0 ;
in:4908 out:4905 type:P dur:2 cpbdur:2 q:28.41 aq:23.47 tex:35625 mv:7590 misc:633 imb:241 pmb:534 smb:145 d:- ref:0 ;
in:4906 out:4906 type:B dur:2 cpbdur:2 q:28.39 aq:27.01 tex:7422 mv:5306 misc:944 imb:27 pmb:440 smb:453 d:- ref:0 ;
in:4905 out:4907 type:b dur:2 cpbdur:2 q:28.38 aq:26.89 tex:207 mv:141 misc:300 imb:0 pmb:35 smb:885 d:- ref:0 ;
in:4907 out:4908 type:b dur:2 cpbdur:2 q:28.40 aq:28.58 tex:5560 mv:4571 misc:909 imb:26 pmb:374 smb:520 d:- ref:0 ;
in:4910 out:4909 type:P dur:2 cpbdur:2 q:28.42 aq:25.43 tex:18558 mv:5531 misc:839 imb:129 pmb:477 smb:314 d:- ref:0 ;
in:4909 out:4910 type:b dur:2 cpbdur:2 q:28.41 aq:24.82 tex:159 mv:70 misc:227 imb:1 pmb:16 smb:903 d:- ref:0 ;
in:4911 out:4911 type:P dur:2 cpbdur:2 q:28.41 aq:26.51 tex:13352 mv:4481 misc:871 imb:95 pmb:419 smb:406 d:- ref:0 ;
in:4912 out:4912 type:I dur:2 cpbdur:2 q:25.38 aq:14.71 tex:222804 mv:23255 misc:157 imb:920 pmb:0 smb:0 d:- ref:;
in:4916 out:4913 type:P dur:2 cpbdur:2 q:28.63 aq:18.38 tex:5125 mv:326 misc:613 imb:6 pmb:115 smb:799 d:- ref:0 ;
in:4914 out:4914 type:B dur:2 cpbdur:2 q:28.63 aq:20.01 tex:121 mv:51 misc:236 imb:0 pmb:20 smb:900 d:- ref:0 ;
in:4913 out:4915 type:b dur:2 cpbdur:2 q:28.63 aq:25.91 tex:29 mv:5 misc:126 imb:0 pmb:1 smb:919 d:- ref:0 ;
in:4915 out:4916 type:b dur:2 cpbdur:2 q:28.63 aq:26.12 tex:57 mv:30 misc:169 imb:0 pmb:11 smb:909 d:- ref:0 ;
in:4920 out:4917 type:P dur:2 cpbdur:2 q:28.60 aq:16.88 tex:18517 mv:1084 misc:959 imb:36 pmb:341 smb:543 d:- ref:0 ;
in:4918 out:4918 type:B dur:2 cpbdur:2 q:28.62 aq:21.87 tex:245 mv:71 misc:228 imb:1 pmb:13 smb:906 d:- ref:0 ;
in:4917 out:4919 type:b dur:2 cpbdur:2 q:28.62 aq:25.21 tex:97 mv:21 misc:162 imb:0 pmb:6 smb:914 d:- ref:0 ;
in:4919 out:4920 type:b dur:2 cpbdur:2 q:28.61 aq:28.62 tex:95 mv:33 misc:152 imb:0 pmb:5 smb:915 d:- ref:0 ;
in:4924 out:4921 type:P dur:2 cpbdur:2 q:28.58 aq:15.46 tex:2235 mv:282 misc:563 imb:15 pmb:69 smb:836 d:- ref:0 ;
in:4922 out:4922 type:B dur:2 cpbdur:2 q:28.59 aq:25.51 tex:35 mv:7 misc:150 imb:0 pmb:2 smb:918 d:- ref:0 ;
in:4921 out:4923 type:b dur:2 cpbdur:2 q:28.59 aq:27.51 tex:36 mv:8 misc:132 imb:0 pmb:2 smb:918 d:- ref:0 ;
in:4923 out:4924 type:b dur:2 cpbdur:2 q:28.58 aq:27.51 tex:27 mv:5 misc:128 imb:0 pmb:1 smb:919 d:- ref:0 ;
in:4928 out:4925 type:P dur:2 cpbdur:2 q:28.48 aq:15.11 tex:2896 mv:208 misc:512 imb:10 pmb:61 smb:849 d:- ref:0 ;
in:4926 out:4926 type:B dur:2 cpbdur:2 q:28.53 aq:23.76 tex:165 mv:32 misc:187 imb:0 pmb:8 smb:912 d:- ref:0 ;
in:4925 out:4927 type:b dur:2 cpbdur:2 q:28.55 aq:27.51 tex:28 mv:11 misc:137 imb:0 pmb:3 smb:917 d:- ref:0 ;
in:4927 out:4928 type:b dur:2 cpbdur:2 q:28.51 aq:28.83 tex:196 mv:24 misc:148 imb:0 pmb:5 smb:915 d:- ref:0 ;
in:4932 out:4929 type:P dur:2 cpbdur:2 q:28.44 aq:15.83 tex:2925 mv:226 misc:489 imb:6 pmb:60 smb:854 d:- ref:0 ;
in:4930 out:4930 type:B dur:2 cpbdur:2 q:28.46 aq:24.60 tex:333 mv:63 misc:204 imb:1 pmb:10 smb:909 d:- ref:0 ;
in:4929 out:4931 type:b dur:2 cpbdur:2 q:28.47 aq:28.39 tex:92 mv:14 misc:134 imb:0 pmb:3 smb:917 d:- ref:0 ;
in:4931 out:4932 type:b dur:2 cpbdur:2 q:28.45 aq:27.51 tex:28 mv:15 misc:141 imb:0 pmb:4 smb:916 d:- ref:0 ;
in:4936 out:4933 type:P dur:2 cpbdur:2 q:28.40 aq:18.73 tex:2473 mv:177 misc:398 imb:5 pmb:43 smb:872 d:- ref:0 ;
in:4934 out:4934 type:B dur:2 cpbdur:2 q:28.42 aq:25.89 tex:149 mv:28 misc:183 imb:1 pmb:5 smb:914 d:- ref:0 ;
in:4933 out:4935 type:b dur:2 cpbdur:2 q:28.43 aq:27.57 tex:49 mv:12 misc:147 imb:0 pmb:3 smb:917 d:- ref:0 ;
in:4935 out:4936 type:b dur:2 cpbdur:2 q:28.41 aq:27.51 tex:28 mv:8 misc:132 imb:0 pmb:2 smb:918 d:- ref:0 ;
in:4940 out:4937 type:P dur:2 cpbdur:2 q:28.35 aq:16.38 tex:2238 mv:94 misc:364 imb:1 pmb:40 smb:879 d:- ref:0 ;
in:4938 out:4938 type:B dur:2 cpbdur:2 q:28.37 aq:25.22 tex:151 mv:18 misc:167 imb:0 pmb:5 smb:915 d:- ref:0 ;
in:4937 out:4939 type:b dur:2 cpbdur:2 q:28.38 aq:27.51 tex:27 mv:5 misc:128 imb:0 pmb:1 smb:919 d:- ref:0 ;
in:4939 out:4940 type:b dur:2 cpbdur:2 q:28.36 aq:28.04 tex:69 mv:29 misc:134 imb:0 pmb:2 smb:918 d:- ref:0 ;
in:4944 out:4941 type:P dur:2 cpbdur:2 q:28.30 aq:15.62 tex:1154 mv:62 misc:320 imb:0 pmb:30 smb:890 d:- ref:0 ;
in:4942 out:4942 type:B dur:2 cpbdur:2 q:28.33 aq:24.47 tex:36 mv:8 misc:148 imb:0 pmb:2 smb:918 d:- ref:0 ;
in:4941 out:4943 type:b dur:2 cpbdur:2 q:28.34 aq:27.16 tex:28 mv:5 misc:127 imb:0 pmb:1 smb:919 d:- ref:0 ;
in:4943 out:4944 type:b dur:2 cpbdur:2 q:28.32 aq:27.16 tex:28 mv:5 misc:127 imb:0 pmb:1 smb:919 d:- ref:0 ;
in:4948 out:4945 type:P dur:2 cpbdur:2 q:28.26 aq:16.14 tex:11431 mv:858 misc:943 imb:48 pmb:239 smb:633 d:- ref:0 ;
in:4946 out:4946 type:B dur:2 cpbdur:2 q:28.28 aq:19.28 tex:143 mv:67 misc:278 imb:0 pmb:24 smb:896 d:- ref:0 ;
in:4945 out:4947 type:b dur:2 cpbdur:2 q:28.29 aq:27.16 tex:28 mv:10 misc:138 imb:0 pmb:2 smb:918 d:- ref:0 ;
in:4947 out:4948 type:b dur:2 cpbdur:2 q:28.27 aq:27.16 tex:38 mv:13 misc:141 imb:0 pmb:3 smb:917 d:- ref:0 ;
in:4952 out:4949 type:P dur:2 cpbdur:2 q:28.22 aq:16.11 tex:3535 mv:386 misc:679 imb:10 pmb:117 smb:793 d:- ref:0 ;
in:4950 out:4950 type:B dur:2 cpbdur:2 q:28.24 aq:21.02 tex:145 mv:30 misc:209 imb:0 pmb:10 smb:910 d:- ref:0 ;
in:4949 out:4951 type:b dur:2 cpbdur:2 q:28.25 aq:27.16 tex:28 mv:5 misc:127 imb:0 pmb:1 smb:919 d:- ref:0 ;
in:4951 out:4952 type:b dur:2 cpbdur:2 q:28.23 aq:27.16 tex:28 mv:5 misc:127 imb:0 pmb:1 smb:919 d:- ref:0 ;
in:4956 out:4953 type:P dur:2 cpbdur:2 q:28.18 aq:16.79 tex:2658 mv:249 misc:525 imb:6 pmb:72 smb:842 d:- ref:0 ;
in:4954 out:4954 type:B dur:2 cpbdur:2 q:28.20 aq:21.02 tex:145 mv:38 misc:209 imb:0 pmb:12 smb:908 d:- ref:0 ;
in:4953 out:4955 type:b dur:2 cpbdur:2 q:28.21 aq:23.57 tex:68 mv:15 misc:149 imb:0 pmb:4 smb:916 d:- ref:0 ;
in:4955 out:4956 type:b dur:2 cpbdur:2 q:28.19 aq:25.65 tex:73 mv:18 misc:157 imb:0 pmb:6 smb:914 d:- ref:0 ;
in:4957 out:4957 type:P dur:2 cpbdur:2 q:28.17 aq:15.64 tex:2915 mv:234 misc:587 imb:11 pmb:84 smb:825 d:- ref:0 ;
in:4959 out:4958 type:P dur:2 cpbdur:2 q:28.16 aq:16.19 tex:3337 mv:272 misc:631 imb:13 pmb:86 smb:821 d:- ref:0 ;
in:4958 out:4959 type:b dur:2 cpbdur:2 q:28.16 aq:26.51 tex:27 mv:25 misc:140 imb:0 pmb:2 smb:918 d:- ref:0 ;
in:4963 out:4960 type:P dur:2 cpbdur:2 q:28.13 aq:16.24 tex:6466 mv:596 misc:770 imb:28 pmb:154 smb:738 d:- ref:0 ;
in:4961 out:4961 type:B dur:2 cpbdur:2 q:28.15 aq:21.37 tex:252 mv:57 misc:259 imb:0 pmb:21 smb:899 d:- ref:0 ;
in:4960 out:4962 type:b dur:2 cpbdur:2 q:28.15 aq:26.58 tex:67 mv:24 misc:157 imb:0 pmb:7 smb:913 d:- ref:0 ;
in:4962 out:4963 type:b dur:2 cpbdur:2 q:28.14 aq:25.34 tex:44 mv:12 misc:144 imb:0 pmb:3 smb:917 d:- ref:0 ;
in:4967 out:4964 type:P dur:2 cpbdur:2 q:28.09 aq:17.69 tex:4523 mv:235 misc:602 imb:3 pmb:100 smb:817 d:- ref:0 ;
in:4965 out:4965 type:B dur:2 cpbdur:2 q:28.11 aq:21.16 tex:138 mv:35 misc:219 imb:0 pmb:14 smb:906 d:- ref:0 ;
in:4964 out:4966 type:b dur:2 cpbdur:2 q:28.12 aq:26.51 tex:27 mv:7 misc:134 imb:0 pmb:2 smb:918 d:- ref:0 ;
in:4966 out:4967 type:b dur:2 cpbdur:2 q:28.10 aq:25.34 tex:36 mv:9 misc:131 imb:0 pmb:2 smb:918 d:- ref:0 ;
in:4969 out:4968 type:P dur:2 cpbdur:2 q:28.01 aq:15.02 tex:4118 mv:133 misc:501 imb:2 pmb:74 smb:844 d:- ref:0 ;
in:4968 out:4969 type:b dur:2 cpbdur:2 q:28.05 aq:26.06 tex:151 mv:12 misc:149 imb:0 pmb:4 smb:916 d:- ref:0 ;
in:4971 out:4970 type:P dur:2 cpbdur:2 q:27.98 aq:15.52 tex:2359 mv:141 misc:404 imb:5 pmb:41 smb:874 d:- ref:0 ;
in:4970 out:4971 type:b dur:2 cpbdur:2 q:28.00 aq:25.61 tex:45 mv:20 misc:151 imb:0 pmb:6 smb:914 d:- ref:0 ;
in:4975 out:4972 type:P dur:2 cpbdur:2 q:27.96 aq:15.46 tex:2361 mv:154 misc:485 imb:3 pmb:67 smb:850 d:- ref:0 ;
in:4973 out:4973 type:B dur:2 cpbdur:2 q:27.97 aq:21.05 tex:886 mv:36 misc:214 imb:0 pmb:11 smb:909 d:- ref:0 ;
in:4972 out:4974 type:b dur:2 cpbdur:2 q:27.98 aq:25.61 tex:45 mv:22 misc:149 imb:0 pmb:6 smb:914 d:- ref:0 ;
in:4974 out:4975 type:b dur:2 cpbdur:2 q:27.97 aq:25.64 tex:58 mv:18 misc:148 imb:0 pmb:5 smb:915 d:- ref:0 ;
in:4979 out:4976 type:P dur:2 cpbdur:2 q:27.92 aq:15.69 tex:10999 mv:825 misc:944 imb:39 pmb:274 smb:607 d:- ref:0 ;
in:4977 out:4977 type:B dur:2 cpbdur:2 q:27.94 aq:19.73 tex:428 mv:80 misc:276 imb:0 pmb:24 smb:896 d:- ref:0 ;
in:4976 out:4978 type:b dur:2 cpbdur:2 q:27.95 aq:24.91 tex:48 mv:19 misc:149 imb:0 pmb:5 smb:915 d:- ref:0 ;
in:4978 out:4979 type:b dur:2 cpbdur:2 q:27.93 aq:18.58 tex:167 mv:50 misc:207 imb:0 pmb:17 smb:903 d:- ref:0 ;
in:4983 out:4980 type:P dur:2 cpbdur:2 q:27.87 aq:14.74 tex:5180 mv:400 misc:732 imb:15 pmb:139 smb:766 d:- ref:0 ;
in:4981 out:4981 type:B dur:2 cpbdur:2 q:27.89 aq:20.52 tex:375 mv:70 misc:283 imb:0 pmb:25 smb:895 d:- ref:0 ;
in:4980 out:4982 type:b dur:2 cpbdur:2 q:27.91 aq:25.15 tex:84 mv:16 misc:156 imb:0 pmb:5 smb:915 d:- ref:0 ;
in:4982 out:4983 type:b dur:2 cpbdur:2 q:27.88 aq:24.91 tex:27 mv:5 misc:128 imb:0 pmb:1 smb:919 d:- ref:0 ;
in:4984 out:4984 type:P dur:2 cpbdur:2 q:27.84 aq:14.75 tex:5097 mv:272 misc:687 imb:12 pmb:132 smb:776 d:- ref:0 ;
in:4988 out:4985 type:P dur:2 cpbdur:2 q:27.83 aq:14.89 tex:4208 mv:252 misc:644 imb:12 pmb:109 smb:799 d:- ref:0 ;
in:4986 out:4986 type:B dur:2 cpbdur:2 q:27.83 aq:21.16 tex:130 mv:34 misc:212 imb:0 pmb:12 smb:908 d:- ref:0 ;
in:4985 out:4987 type:b dur:2 cpbdur:2 q:27.84 aq:29.82 tex:27 mv:15 misc:150 imb:0 pmb:5 smb:915 d:- ref:0 ;
in:4987 out:4988 type:b dur:2 cpbdur:2 q:27.83 aq:31.57 tex:40 mv:6 misc:130 imb:0 pmb:1 smb:919 d:- ref:0 ;
in:4992 out:4989 type:P dur:2 cpbdur:2 q:27.78 aq:13.28 tex:2972 mv:186 misc:522 imb:7 pmb:72 smb:841 d:- ref:0 ;
in:4990 out:4990 type:B dur:2 cpbdur:2 q:27.80 aq:25.33 tex:174 mv:22 misc:172 imb:0 pmb:6 smb:914 d:- ref:0 ;
in:4989 out:4991 type:b dur:2 cpbdur:2 q:27.82 aq:30.00 tex:2 mv:13 misc:137 imb:0 pmb:4 smb:916 d:- ref:0 ;
in:4991 out:4992 type:b dur:2 cpbdur:2 q:27.79 aq:30.00 tex:0 mv:3 misc:125 imb:0 pmb:1 smb:919 d:- ref:0 ;
in:4996 out:4993 type:P dur:2 cpbdur:2 q:27.72 aq:12.89 tex:2509 mv:165 misc:470 imb:6 pmb:53 smb:861 d:- ref:0 ;
in:4994 out:4994 type:B dur:2 cpbdur:2 q:27.75 aq:25.97 tex:272 mv:33 misc:175 imb:0 pmb:7 smb:913 d:- ref:0 ;
in:4993 out:4995 type:b dur:2 cpbdur:2 q:27.77 aq:29.03 tex:28 mv:8 misc:140 imb:0 pmb:2 smb:918 d:- ref:0 ;
in:4995 out:4996 type:b dur:2 cpbdur:2 q:27.74 aq:29.03 tex:30 mv:16 misc:146 imb:0 pmb:5 smb:915 d:- ref:0 ;
in:5000 out:4997 type:P dur:2 cpbdur:2 q:27.68 aq:13.38 tex:2864 mv:179 misc:453 imb:7 pmb:55 smb:858 d:- ref:0 ;
in:4998 out:4998 type:B dur:2 cpbdur:2 q:27.70 aq:25.53 tex:383 mv:42 misc:175 imb:0 pmb:6 smb:914 d:- ref:0 ;
in:4997 out:4999 type:b dur:2 cpbdur:2 q:27.71 aq:30.45 tex:105 mv:18 misc:141 imb:0 pmb:4 smb:916 d:- ref:0 ;
in:4999 out:5000 type:b dur:2 cpbdur:2 q:27.69 aq:30.53 tex:215 mv:31 misc:138 imb:0 pmb:3 smb:917 d:- ref:0 ;
in:5004 out:5001 type:P dur:2 cpbdur:2 q:27.63 aq:14.35 tex:2282 mv:145 misc:453 imb:6 pmb:52 smb:862 d:- ref:0 ;
in:5002 out:5002 type:B dur:2 cpbdur:2 q:27.66 aq:26.68 tex:257 mv:37 misc:194 imb:0 pmb:9 smb:911 d:- ref:0 ;
in:5001 out:5003 type:b dur:2 cpbdur:2 q:27.67 aq:30.00 tex:1 mv:7 misc:128 imb:0 pmb:2 smb:918 d:- ref:0 ;
in:5003 out:5004 type:b dur:2 cpbdur:2 q:27.65 aq:31.38 tex:174 mv:21 misc:149 imb:0 pmb:5 smb:915 d:- ref:0 ;
in:5008 out:5005 type:P dur:2 cpbdur:2 q:27.59 aq:15.82 tex:8565 mv:589 misc:902 imb:16 pmb:241 smb:663 d:- ref:0 ;
in:5006 out:5006 type:B dur:2 cpbdur:2 q:27.61 aq:25.31 tex:118 mv:32 misc:202 imb:0 pmb:10 smb:910 d:- ref:0 ;
in:5005 out:5007 type:b dur:2 cpbdur:2 q:27.62 aq:28.45 tex:236 mv:42 misc:162 imb:0 pmb:6 smb:914 d:- ref:0 ;
in:5007 out:5008 type:b dur:2 cpbdur:2 q:27.60 aq:19.16 tex:48 mv:12 misc:140 imb:0 pmb:3 smb:917 d:- ref:0 ;
in:5012 out:5009 type:P dur:2 cpbdur:2 q:27.55 aq:15.10 tex:3649 mv:210 misc:653 imb:7 pmb:109 smb:804 d:- ref:0 ;
in:5010 out:5010 type:B dur:2 cpbdur:2 q:27.57 aq:24.80 tex:34 mv:8 misc:150 imb:0 pmb:2 smb:918 d:- ref:0 ;
in:5009 out:5011 type:b dur:2 cpbdur:2 q:27.58 aq:26.48 tex:37 mv:8 misc:139 imb:0 pmb:2 smb:918 d:- ref:0 ;
in:5011 out:5012 type:b dur:2 cpbdur:2 q:27.56 aq:26.48 tex:28 mv:5 misc:127 imb:0 pmb:1 smb:919 d:- ref:0 ;
in:5016 out:5013 type:P dur:2 cpbdur:2 q:27.50 aq:14.15 tex:1291 mv:103 misc:446 imb:2 pmb:57 smb:861 d:- ref:0 ;
in:5014 out:5014 type:B dur:2 cpbdur:2 q:27.53 aq:24.80 tex:26 mv:4 misc:146 imb:0 pmb:1 smb:919 d:- ref:0 ;
in:5013 out:5015 type:b dur:2 cpbdur:2 q:27.54 aq:26.48 tex:28 mv:5 misc:127 imb:0 pmb:1 smb:919 d:- ref:0 ;
in:5015 out:5016 type:b dur:2 cpbdur:2 q:27.52 aq:26.48 tex:28 mv:5 misc:127 imb:0 pmb:1 smb:919 d:- ref:0 ;
in:5020 out:5017 type:P dur:2 cpbdur:2 q:27.45 aq:15.78 tex:3801 mv:143 misc:424 imb:2 pmb:51 smb:867 d:- ref:0 ;
in:5018 out:5018 type:B dur:2 cpbdur:2 q:27.48 aq:24.80 tex:29 mv:27 misc:176 imb:0 pmb:9 smb:911 d:- ref:0 ;
in:5017 out:5019 type:b dur:2 cpbdur:2 q:27.49 aq:26.48 tex:28 mv:5 misc:127 imb:0 pmb:1 smb:919 d:- ref:0 ;
in:5019 out:5020 type:b dur:2 cpbdur:2 q:27.47 aq:26.48 tex:29 mv:26 misc:153 imb:0 pmb:9 smb:911 d:- ref:0 ;
in:5024 out:5021 type:P dur:2 cpbdur:2 q:27.41 aq:15.71 tex:5284 mv:149 misc:479 imb:2 pmb:66 smb:852 d:- ref:0 ;
in:5022 out:5022 type:B dur:2 cpbdur:2 q:27.43 aq:25.75 tex:1149 mv:68 misc:175 imb:0 pmb:10 smb:910 d:- ref:0 ;
in:5021 out:5023 type:b dur:2 cpbdur:2 q:27.44 aq:27.51 tex:939 mv:74 misc:147 imb:0 pmb:7 smb:913 d:- ref:0 ;
in:5023 out:5024 type:b dur:2 cpbdur:2 q:27.42 aq:31.67 tex:291 mv:43 misc:138 imb:0 pmb:5 smb:915 d:- ref:0 ;
in:5027 out:5025 type:P dur:2 cpbdur:2 q:27.36 aq:16.07 tex:4880 mv:424 misc:688 imb:16 pmb:127 smb:777 d:- ref:0 ;
in:5025 out:5026 type:B dur:2 cpbdur:2 q:27.39 aq:29.84 tex:109 mv:37 misc:174 imb:0 pmb:6 smb:914 d:- ref:0 ;
in:5026 out:5027 type:b dur:2 cpbdur:2 q:27.37 aq:27.74 tex:28 mv:18 misc:146 imb:0 pmb:6 smb:914 d:- ref:0 ;
in:5031 out:5028 type:P dur:2 cpbdur:2 q:27.33 aq:17.94 tex:5273 mv:255 misc:624 imb:5 pmb:96 smb:819 d:- ref:0 ;
in:5029 out:5029 type:B dur:2 cpbdur:2 q:27.34 aq:25.52 tex:932 mv:65 misc:195 imb:0 pmb:13 smb:907 d:- ref:0 ;
in:5028 out:5030 type:b dur:2 cpbdur:2 q:27.35 aq:30.19 tex:765 mv:54 misc:149 imb:0 pmb:8 smb:912 d:- ref:0 ;
in:5030 out:5031 type:b dur:2 cpbdur:2 q:27.33 aq:26.37 tex:45 mv:27 misc:168 imb:0 pmb:9 smb:911 d:- ref:0 ;
in:5032 out:5032 type:P dur:2 cpbdur:2 q:27.28 aq:18.02 tex:4538 mv:187 misc:643 imb:5 pmb:121 smb:794 d:- ref:0 ;
in:5033 out:5033 type:P dur:2 cpbdur:2 q:27.27 aq:16.82 tex:4082 mv:170 misc:668 imb:5 pmb:113 smb:802 d:- ref:0 ;
in:5037 out:5034 type:P dur:2 cpbdur:2 q:27.26 aq:17.98 tex:3548 mv:182 misc:630 imb:3 pmb:105 smb:812 d:- ref:0 ;
in:5035 out:5035 type:B dur:2 cpbdur:2 q:27.26 aq:23.07 tex:203 mv:29 misc:184 imb:0 pmb:6 smb:914 d:- ref:0 ;
in:5034 out:5036 type:b dur:2 cpbdur:2 q:27.27 aq:32.36 tex:35 mv:18 misc:131 imb:0 pmb:1 smb:919 d:- ref:0 ;
in:5036 out:5037 type:b dur:2 cpbdur:2 q:27.26 aq:30.00 tex:0 mv:3 misc:125 imb:0 pmb:1 smb:919 d:- ref:0 ;
in:5041 out:5038 type:P dur:2 cpbdur:2 q:27.21 aq:15.81 tex:11593 mv:828 misc:915 imb:34 pmb:262 smb:624 d:- ref:0 ;
in:5039 out:5039 type:B dur:2 cpbdur:2 q:27.23 aq:22.80 tex:727 mv:81 misc:240 imb:0 pmb:23 smb:897 d:- ref:0 ;
in:5038 out:5040 type:b dur:2 cpbdur:2 q:27.25 aq:31.91 tex:159 mv:24 misc:153 imb:0 pmb:6 smb:914 d:- ref:0 ;
in:5040 out:5041 type:b dur:2 cpbdur:2 q:27.22 aq:31.58 tex:199 mv:23 misc:146 imb:0 pmb:8 smb:912 d:- ref:0 ;
in:5044 out:5042 type:P dur:2 cpbdur:2 q:27.18 aq:15.46 tex:5147 mv:246 misc:631 imb:3 pmb:113 smb:804 d:- ref:0 ;
in:5042 out:5043 type:B dur:2 cpbdur:2 q:27.20 aq:27.37 tex:370 mv:33 misc:181 imb:0 pmb:10 smb:910 d:- ref:0 ;
in:5043 out:5044 type:b dur:2 cpbdur:2 q:27.19 aq:29.00 tex:0 mv:7 misc:129 imb:0 pmb:2 smb:918 d:- ref:0 ;
in:5045 out:5045 type:P dur:2 cpbdur:2 q:27.15 aq:15.17 tex:5684 mv:225 misc:739 imb:7 pmb:149 smb:764 d:- ref:0 ;
in:5049 out:5046 type:P dur:2 cpbdur:2 q:27.13 aq:15.51 tex:6342 mv:189 misc:581 imb:3 pmb:109 smb:808 d:- ref:0 ;
in:5047 out:5047 type:B dur:2 cpbdur:2 q:27.14 aq:24.83 tex:804 mv:68 misc:192 imb:0 pmb:16 smb:904 d:- ref:0 ;
in:5046 out:5048 type:b dur:2 cpbdur:2 q:27.14 aq:30.75 tex:504 mv:25 misc:135 imb:0 pmb:6 smb:914 d:- ref:0 ;
in:5048 out:5049 type:b dur:2 cpbdur:2 q:27.14 aq:29.00 tex:2 mv:13 misc:129 imb:0 pmb:4 smb:916 d:- ref:0 ;
in:5053 out:5050 type:P dur:2 cpbdur:2 q:27.08 aq:14.71 tex:7053 mv:198 misc:597 imb:5 pmb:107 smb:808 d:- ref:0 ;
in:5051 out:5051 type:B dur:2 cpbdur:2 q:27.11 aq:26.02 tex:1054 mv:46 misc:188 imb:0 pmb:11 smb:909 d:- ref:0 ;
in:5050 out:5052 type:b dur:2 cpbdur:2 q:27.12 aq:30.75 tex:641 mv:47 misc:136 imb:0 pmb:6 smb:914 d:- ref:0 ;
in:5052 out:5053 type:b dur:2 cpbdur:2 q:27.10 aq:29.00 tex:2 mv:10 misc:132 imb:0 pmb:4 smb:916 d:- ref:0 ;
in:5057 out:5054 type:P dur:2 cpbdur:2 q:27.04 aq:15.23 tex:5357 mv:175 misc:612 imb:5 pmb:92 smb:823 d:- ref:0 ;
in:5055 out:5055 type:B dur:2 cpbdur:2 q:27.06 aq:25.99 tex:569 mv:35 misc:188 imb:0 pmb:11 smb:909 d:- ref:0 ;
in:5054 out:5056 type:b dur:2 cpbdur:2 q:27.07 aq:28.29 tex:350 mv:20 misc:142 imb:0 pmb:6 smb:914 d:- ref:0 ;
in:5056 out:5057 type:b dur:2 cpbdur:2 q:27.05 aq:28.16 tex:134 mv:20 misc:142 imb:0 pmb:5 smb:915 d:- ref:0 ;
in:5061 out:5058 type:P dur:2 cpbdur:2 q:27.00 aq:14.23 tex:3080 mv:128 misc:448 imb:3 pmb:53 smb:864 d:- ref:0 ;
in:5059 out:5059 type:B dur:2 cpbdur:2 q:27.02 aq:25.34 tex:134 mv:17 misc:185 imb:0 pmb:6 smb:914 d:- ref:0 ;
in:5058 out:5060 type:b dur:2 cpbdur:2 q:27.03 aq:26.91 tex:34 mv:11 misc:147 imb:0 pmb:3 smb:917 d:- ref:0 ;
in:5060 out:5061 type:b dur:2 cpbdur:2 q:27.01 aq:28.07 tex:74 mv:15 misc:151 imb:0 pmb:4 smb:916 d:- ref:0 ;
in:5065 out:5062 type:P dur:2 cpbdur:2 q:26.95 aq:15.99 tex:3567 mv:142 misc:531 imb:4 pmb:71 smb:845 d:- ref:0 ;
in:5063 out:5063 type:B dur:2 cpbdur:2 q:26.97 aq:23.93 tex:72 mv:14 misc:170 imb:0 pmb:5 smb:915 d:- ref:0 ;
in:5062 out:5064 type:b dur:2 cpbdur:2 q:26.99 aq:26.91 tex:36 mv:10 misc:146 imb:0 pmb:3 smb:917 d:- ref:0 ;
in:5064 out:5065 type:b dur:2 cpbdur:2 q:26.96 aq:26.91 tex:34 mv:9 misc:133 imb:0 pmb:2 smb:918 d:- ref:0 ;
in:5069 out:5066 type:P dur:2 cpbdur:2 q:26.90 aq:14.84 tex:11758 mv:694 misc:948 imb:29 pmb:296 smb:595 d:- ref:0 ;
in:5067 out:5067 type:B dur:2 cpbdur:2 q:26.93 aq:25.91 tex:48 mv:29 misc:171 imb:0 pmb:8 smb:912 d:- ref:0 ;
in:5066 out:5068 type:b dur:2 cpbdur:2 q:26.94 aq:26.91 tex:41 mv:12 misc:139 imb:0 pmb:3 smb:917 d:- ref:0 ;
in:5068 out:5069 type:b dur:2 cpbdur:2 q:26.91 aq:28.80 tex:34 mv:8 misc:134 imb:0 pmb:2 smb:918 d:- ref:0 ;
in:5073 out:5070 type:P dur:2 cpbdur:2 q:26.86 aq:15.05 tex:6003 mv:284 misc:801 imb:6 pmb:184 smb:730 d:- ref:0 ;
in:5071 out:5071 type:B dur:2 cpbdur:2 q:26.88 aq:22.18 tex:48 mv:7 misc:153 imb:0 pmb:2 smb:918 d:- ref:0 ;
in:5070 out:5072 type:b dur:2 cpbdur:2 q:26.89 aq:28.98 tex:25 mv:5 misc:130 imb:0 pmb:1 smb:919 d:- ref:0 ;
in:5072 out:5073 type:b dur:2 cpbdur:2 q:26.87 aq:24.17 tex:32 mv:4 misc:132 imb:0 pmb:1 smb:919 d:- ref:0 ;
in:5077 out:5074 type:P dur:2 cpbdur:2 q:26.82 aq:13.94 tex:3329 mv:115 misc:548 imb:3 pmb:95 smb:822 d:- ref:0 ;
in:5075 out:5075 type:B dur:2 cpbdur:2 q:26.84 aq:26.80 tex:30 mv:4 misc:142 imb:0 pmb:1 smb:919 d:- ref:0 ;
in:5074 out:5076 type:b dur:2 cpbdur:2 q:26.85 aq:29.00 tex:0 mv:0 misc:120 imb:0 pmb:0 smb:920 d:- ref:0 ;
in:5076 out:5077 type:b dur:2 cpbdur:2 q:26.83 aq:29.00 tex:0 mv:0 misc:120 imb:0 pmb:0 smb:920 d:- ref:0 ;
in:5081 out:5078 type:P dur:2 cpbdur:2 q:26.76 aq:13.85 tex:4267 mv:390 misc:679 imb:17 pmb:121 smb:782 d:- ref:0 ;
in:5079 out:5079 type:B dur:2 cpbdur:2 q:26.79 aq:26.71 tex:78 mv:36 misc:166 imb:0 pmb:13 smb:907 d:- ref:0 ;
in:5078 out:5080 type:b dur:2 cpbdur:2 q:26.80 aq:23.91 tex:38 mv:17 misc:153 imb:0 pmb:5 smb:915 d:- ref:0 ;
in:5080 out:5081 type:b dur:2 cpbdur:2 q:26.78 aq:23.91 tex:27 mv:5 misc:128 imb:0 pmb:1 smb:919 d:- ref:0 ;
in:5085 out:5082 type:P dur:2 cpbdur:2 q:26.72 aq:14.68 tex:2102 mv:162 misc:576 imb:5 pmb:90 smb:825 d:- ref:0 ;
in:5083 out:5083 type:B dur:2 cpbdur:2 q:26.74 aq:26.78 tex:34 mv:10 misc:156 imb:0 pmb:3 smb:917 d:- ref:0 ;
in:5082 out:5084 type:b dur:2 cpbdur:2 q:26.75 aq:29.00 tex:0 mv:0 misc:120 imb:0 pmb:0 smb:920 d:- ref:0 ;
in:5084 out:5085 type:b dur:2 cpbdur:2 q:26.73 aq:29.00 tex:0 mv:0 misc:120 imb:0 pmb:0 smb:920 d:- ref:0 ;
in:5088 out:5086 type:P dur:2 cpbdur:2 q:26.67 aq:15.21 tex:5304 mv:214 misc:594 imb:8 pmb:101 smb:811 d:- ref:0 ;
in:5086 out:5087 type:B dur:2 cpbdur:2 q:26.70 aq:30.58 tex:71 mv:35 misc:166 imb:0 pmb:5 smb:915 d:- ref:0 ;
in:5087 out:5088 type:b dur:2 cpbdur:2 q:26.68 aq:30.75 tex:303 mv:44 misc:149 imb:0 pmb:6 smb:914 d:- ref:0 ;
in:5092 out:5089 type:P dur:2 cpbdur:2 q:26.63 aq:16.58 tex:7645 mv:210 misc:737 imb:4 pmb:158 smb:758 d:- ref:0 ;
in:5090 out:5090 type:B dur:2 cpbdur:2 q:26.65 aq:21.29 tex:897 mv:39 misc:216 imb:0 pmb:16 smb:904 d:- ref:0 ;
in:5089 out:5091 type:b dur:2 cpbdur:2 q:26.66 aq:22.79 tex:477 mv:32 misc:187 imb:0 pmb:11 smb:909 d:- ref:0 ;
in:5091 out:5092 type:b dur:2 cpbdur:2 q:26.64 aq:22.86 tex:51 mv:25 misc:172 imb:0 pmb:8 smb:912 d:- ref:0 ;
in:5093 out:5093 type:P dur:2 cpbdur:2 q:26.58 aq:15.70 tex:6619 mv:189 misc:736 imb:4 pmb:153 smb:763 d:- ref:0 ;
in:5094 out:5094 type:P dur:2 cpbdur:2 q:26.57 aq:16.00 tex:5281 mv:148 misc:659 imb:3 pmb:120 smb:797 d:- ref:0 ;
in:5098 out:5095 type:P dur:2 cpbdur:2 q:26.56 aq:14.43 tex:11710 mv:629 misc:845 imb:27 pmb:241 smb:652 d:- ref:0 ;
in:5096 out:5096 type:B dur:2 cpbdur:2 q:26.57 aq:22.88 tex:363 mv:51 misc:234 imb:0 pmb:18 smb:902 d:- ref:0 ;
in:5095 out:5097 type:b dur:2 cpbdur:2 q:26.57 aq:28.34 tex:552 mv:70 misc:178 imb:0 pmb:11 smb:909 d:- ref:0 ;
in:5097 out:5098 type:b dur:2 cpbdur:2 q:26.56 aq:26.91 tex:46 mv:18 misc:160 imb:0 pmb:5 smb:915 d:- ref:0 ;
in:5102 out:5099 type:P dur:2 cpbdur:2 q:26.53 aq:14.10 tex:3272 mv:205 misc:523 imb:4 pmb:77 smb:839 d:- ref:0 ;
in:5100 out:5100 type:B dur:2 cpbdur:2 q:26.54 aq:26.91 tex:142 mv:22 misc:180 imb:0 pmb:7 smb:913 d:- ref:0 ;
in:5099 out:5101 type:b dur:2 cpbdur:2 q:26.55 aq:26.91 tex:35 mv:9 misc:132 imb:0 pmb:2 smb:918 d:- ref:0 ;
in:5101 out:5102 type:b dur:2 cpbdur:2 q:26.54 aq:26.91 tex:35 mv:9 misc:132 imb:0 pmb:2 smb:918 d:- ref:0 ;
in:5106 out:5103 type:P dur:2 cpbdur:2 q:26.48 aq:13.68 tex:4119 mv:424 misc:649 imb:18 pmb:104 smb:798 d:- ref:0 ;
in:5104 out:5104 type:B dur:2 cpbdur:2 q:26.50 aq:22.32 tex:56 mv:47 misc:193 imb:0 pmb:12 smb:908 d:- ref:0 ;
in:5103 out:5105 type:b dur:2 cpbdur:2 q:26.51 aq:26.01 tex:56 mv:17 misc:151 imb:0 pmb:5 smb:915 d:- ref:0 ;
in:5105 out:5106 type:b dur:2 cpbdur:2 q:26.49 aq:29.00 tex:0 mv:7 misc:129 imb:0 pmb:2 smb:918 d:- ref:0 ;
in:5110 out:5107 type:P dur:2 cpbdur:2 q:26.43 aq:13.65 tex:1641 mv:133 misc:466 imb:4 pmb:53 smb:863 d:- ref:0 ;
in:5108 out:5108 type:B dur:2 cpbdur:2 q:26.45 aq:26.98 tex:24 mv:4 misc:140 imb:0 pmb:1 smb:919 d:- ref:0 ;
in:5107 out:5109 type:b dur:2 cpbdur:2 q:26.47 aq:29.00 tex:0 mv:0 misc:120 imb:0 pmb:0 smb:920 d:- ref:0 ;
in:5109 out:5110 type:b dur:2 cpbdur:2 q:26.44 aq:29.00 tex:0 mv:0 misc:120 imb:0 pmb:0 smb:920 d:- ref:0 ;
in:5114 out:5111 type:P dur:2 cpbdur:2 q:26.37 aq:14.14 tex:1744 mv:232 misc:464 imb:8 pmb:57 smb:855 d:- ref:0 ;
in:5112 out:5112 type:B dur:2 cpbdur:2 q:26.40 aq:26.98 tex:24 mv:4 misc:140 imb:0 pmb:1 smb:919 d:- ref:0 ;
in:5111 out:5113 type:b dur:2 cpbdur:2 q:26.41 aq:29.00 tex:0 mv:0 misc:120 imb:0 pmb:0 smb:920 d:- ref:0 ;
in:5113 out:5114 type:b dur:2 cpbdur:2 q:26.39 aq:28.89 tex:26 mv:7 misc:135 imb:0 pmb:2 smb:918 d:- ref:0 ;
in:5118 out:5115 type:P dur:2 cpbdur:2 q:26.32 aq:15.03 tex:640 mv:115 misc:389 imb:3 pmb:36 smb:881 d:- ref:0 ;
in:5116 out:5116 type:B dur:2 cpbdur:2 q:26.35 aq:24.77 tex:57 mv:12 misc:155 imb:0 pmb:3 smb:917 d:- ref:0 ;
in:5115 out:5117 type:b dur:2 cpbdur:2 q:26.36 aq:29.00 tex:0 mv:0 misc:120 imb:0 pmb:0 smb:920 d:- ref:0 ;
in:5117 out:5118 type:b dur:2 cpbdur:2 q:26.33 aq:28.76 tex:24 mv:5 misc:131 imb:0 pmb:1 smb:919 d:- ref:0 ;
in:5122 out:5119 type:P dur:2 cpbdur:2 q:26.27 aq:15.37 tex:426 mv:70 misc:296 imb:2 pmb:19 smb:899 d:- ref:0 ;
in:5120 out:5120 type:B dur:2 cpbdur:2 q:26.30 aq:24.62 tex:59 mv:11 misc:154 imb:0 pmb:3 smb:917 d:- ref:0 ;
in:5119 out:5121 type:b dur:2 cpbdur:2 q:26.31 aq:28.76 tex:24 mv:5 misc:131 imb:0 pmb:1 smb:919 d:- ref:0 ;
in:5121 out:5122 type:b dur:2 cpbdur:2 q:26.28 aq:28.76 tex:24 mv:5 misc:131 imb:0 pmb:1 smb:919 d:- ref:0 ;
in:5126 out:5123 type:P dur:2 cpbdur:2 q:26.21 aq:15.94 tex:1037 mv:52 misc:271 imb:0 pmb:19 smb:901 d:- ref:0 ;
in:5124 out:5124 type:B dur:2 cpbdur:2 q:26.24 aq:24.62 tex:62 mv:20 misc:166 imb:0 pmb:6 smb:914 d:- ref:0 ;
in:5123 out:5125 type:b dur:2 cpbdur:2 q:26.25 aq:28.76 tex:24 mv:5 misc:131 imb:0 pmb:1 smb:919 d:- ref:0 ;
in:5125 out:5126 type:b dur:2 cpbdur:2 q:26.23 aq:30.66 tex:29 mv:9 misc:138 imb:0 pmb:2 smb:918 d:- ref:0 ;
in:5130 out:5127 type:P dur:2 cpbdur:2 q:26.16 aq:15.57 tex:4291 mv:513 misc:572 imb:31 pmb:94 smb:795 d:- ref:0 ;
in:5128 out:5128 type:B dur:2 cpbdur:2 q:26.19 aq:19.87 tex:953 mv:168 misc:295 imb:4 pmb:34 smb:882 d:- ref:0 ;
in:5127 out:5129 type:b dur:2 cpbdur:2 q:26.20 aq:18.18 tex:156 mv:46 misc:214 imb:0 pmb:17 smb:903 d:- ref:0 ;
in:5129 out:5130 type:b dur:2 cpbdur:2 q:26.17 aq:21.50 tex:594 mv:40 misc:206 imb:0 pmb:15 smb:905 d:- ref:0 ;
in:5133 out:5131 type:P dur:2 cpbdur:2 q:26.11 aq:17.61 tex:2273 mv:182 misc:345 imb:8 pmb:35 smb:877 d:- ref:0 ;
in:5131 out:5132 type:B dur:2 cpbdur:2 q:26.14 aq:18.53 tex:1254 mv:61 misc:309 imb:0 pmb:34 smb:886 d:- ref:0 ;
in:5132 out:5133 type:b dur:2 cpbdur:2 q:26.13 aq:19.85 tex:89 mv:25 misc:182 imb:0 pmb:9 smb:911 d:- ref:0 ;
in:5134 out:5134 type:P dur:2 cpbdur:2 q:26.08 aq:24.36 tex:1179 mv:117 misc:256 imb:4 pmb:18 smb:898 d:- ref:0 ;
in:5135 out:5135 type:P dur:2 cpbdur:2 q:26.06 aq:20.50 tex:1543 mv:70 misc:235 imb:1 pmb:16 smb:903 d:- ref:0 ;
in:5136 out:5136 type:I dur:2 cpbdur:2 q:23.42 aq:16.96 tex:53742 mv:26249 misc:113 imb:920 pmb:0 smb:0 d:- ref:;
in:5140 out:5137 type:P dur:2 cpbdur:2 q:26.09 aq:20.11 tex:14200 mv:6634 misc:774 imb:140 pmb:552 smb:228 d:- ref:0 ;
in:5138 out:5138 type:B dur:2 cpbdur:2 q:26.09 aq:20.55 tex:5042 mv:4341 misc:953 imb:29 pmb:410 smb:481 d:- ref:0 ;
in:5137 out:5139 type:b dur:2 cpbdur:2 q:26.09 aq:23.19 tex:1592 mv:2547 misc:773 imb:12 pmb:227 smb:681 d:- ref:0 ;
in:5139 out:5140 type:b dur:2 cpbdur:2 q:26.09 aq:19.67 tex:317 mv:468 misc:591 imb:3 pmb:127 smb:790 d:- ref:0 ;
in:5143 out:5141 type:P dur:2 cpbdur:2 q:26.05 aq:19.56 tex:22623 mv:8407 misc:466 imb:255 pmb:596 smb:69 d:- ref:0 ;
in:5141 out:5142 type:B dur:2 cpbdur:2 q:26.07 aq:21.92 tex:4841 mv:5094 misc:953 imb:47 pmb:382 smb:491 d:- ref:0 ;
in:5142 out:5143 type:b dur:2 cpbdur:2 q:26.06 aq:22.04 tex:3055 mv:3405 misc:916 imb:37 pmb:286 smb:597 d:- ref:0 ;
in:5145 out:5144 type:P dur:2 cpbdur:2 q:26.04 aq:20.59 tex:12076 mv:5319 misc:925 imb:147 pmb:474 smb:299 d:- ref:0 ;
in:5144 out:5145 type:b dur:2 cpbdur:2 q:26.04 aq:21.65 tex:592 mv:464 misc:592 imb:2 pmb:121 smb:797 d:- ref:0 ;
in:5146 out:5146 type:P dur:2 cpbdur:2 q:26.02 aq:20.03 tex:16342 mv:6866 misc:728 imb:182 pmb:565 smb:173 d:- ref:0 ;
in:5147 out:5147 type:P dur:2 cpbdur:2 q:26.03 aq:19.44 tex:13167 mv:6127 misc:826 imb:145 pmb:549 smb:226 d:- ref:0 ;
in:5148 out:5148 type:P dur:2 cpbdur:2 q:26.03 aq:19.02 tex:13764 mv:5964 misc:800 imb:124 pmb:574 smb:222 d:- ref:0 ;
in:5149 out:5149 type:P dur:2 cpbdur:2 q:26.03 aq:19.31 tex:1487 mv:392 misc:633 imb:7 pmb:99 smb:814 d:- ref:0 ;
in:5153 out:5150 type:P dur:2 cpbdur:2 q:26.02 aq:19.43 tex:38467 mv:9209 misc:276 imb:428 pmb:469 smb:23 d:- ref:0 ;
in:5151 out:5151 type:B dur:2 cpbdur:2 q:26.03 aq:20.79 tex:9964 mv:7827 misc:937 imb:121 pmb:518 smb:281 d:- ref:0 ;
in:5150 out:5152 type:b dur:2 cpbdur:2 q:26.03 aq:21.95 tex:4905 mv:5314 misc:957 imb:54 pmb:405 smb:461 d:- ref:0 ;
in:5152 out:5153 type:b dur:2 cpbdur:2 q:26.02 aq:21.92 tex:3828 mv:4447 misc:997 imb:39 pmb:382 smb:499 d:- ref:0 ;
in:5156 out:5154 type:P dur:2 cpbdur:2 q:26.02 aq:20.23 tex:24688 mv:8479 misc:529 imb:312 pmb:524 smb:84 d:- ref:0 ;
in:5154 out:5155 type:B dur:2 cpbdur:2 q:26.02 aq:19.66 tex:908 mv:537 misc:635 imb:4 pmb:141 smb:775 d:- ref:0 ;
in:5155 out:5156 type:b dur:2 cpbdur:2 q:26.02 aq:22.82 tex:4608 mv:5227 misc:965 imb:42 pmb:433 smb:445 d:- ref:0 ;
in:5159 out:5157 type:P dur:2 cpbdur:2 q:26.02 aq:20.74 tex:23213 mv:7760 misc:571 imb:303 pmb:509 smb:108 d:- ref:0 ;
in:5157 out:5158 type:B dur:2 cpbdur:2 q:26.02 aq:22.10 tex:4321 mv:4872 misc:975 imb:52 pmb:384 smb:484 d:- ref:0 ;
in:5158 out:5159 type:b dur:2 cpbdur:2 q:26.02 aq:21.46 tex:515 mv:335 misc:446 imb:3 pmb:86 smb:831 d:- ref:0 ;
in:5160 out:5160 type:P dur:2 cpbdur:2 q:26.02 aq:20.85 tex:15257 mv:6794 misc:717 imb:185 pmb:569 smb:166 d:- ref:0 ;
in:5161 out:5161 type:P dur:2 cpbdur:2 q:26.04 aq:20.57 tex:23760 mv:8007 misc:545 imb:264 pmb:554 smb:102 d:- ref:0 ;
in:5163 out:5162 type:P dur:2 cpbdur:2 q:26.05 aq:19.78 tex:32645 mv:8985 misc:354 imb:274 pmb:613 smb:33 d:- ref:0 ;
in:5162 out:5163 type:b dur:2 cpbdur:2 q:26.05 aq:22.07 tex:4986 mv:5481 misc:1013 imb:62 pmb:429 smb:429 d:- ref:0 ;
in:5166 out:5164 type:P dur:2 cpbdur:2 q:26.07 aq:20.25 tex:34938 mv:8902 misc:320 imb:368 pmb:519 smb:33 d:- ref:0 ;
in:5164 out:5165 type:B dur:2 cpbdur:2 q:26.06 aq:20.72 tex:673 mv:383 misc:544 imb:3 pmb:91 smb:826 d:- ref:0 ;
in:5165 out:5166 type:b dur:2 cpbdur:2 q:26.06 aq:21.99 tex:5430 mv:6266 misc:952 imb:64 pmb:459 smb:397 d:- ref:0 ;
in:5170 out:5167 type:P dur:2 cpbdur:2 q:26.08 aq:20.36 tex:44175 mv:9350 misc:323 imb:338 pmb:556 smb:26 d:- ref:0 ;
in:5168 out:5168 type:B dur:2 cpbdur:2 q:26.07 aq:20.06 tex:12833 mv:7495 misc:816 imb:97 pmb:618 smb:205 d:- ref:0 ;
in:5167 out:5169 type:b dur:2 cpbdur:2 q:26.07 aq:21.58 tex:5424 mv:5985 misc:991 imb:61 pmb:467 smb:392 d:- ref:0 ;
in:5169 out:5170 type:b dur:2 cpbdur:2 q:26.07 aq:19.99 tex:421 mv:145 misc:362 imb:0 pmb:47 smb:873 d:- ref:0 ;
in:5172 out:5171 type:P dur:2 cpbdur:2 q:26.08 aq:19.46 tex:50190 mv:8949 misc:269 imb:274 pmb:630 smb:16 d:- ref:0 ;
in:5171 out:5172 type:b dur:2 cpbdur:2 q:26.08 aq:22.61 tex:5260 mv:5613 misc:999 imb:67 pmb:383 smb:470 d:- ref:0 ;
in:5176 out:5173 type:P dur:2 cpbdur:2 q:26.11 aq:19.71 tex:42893 mv:8104 misc:403 imb:201 pmb:671 smb:48 d:- ref:0 ;
in:5174 out:5174 type:B dur:2 cpbdur:2 q:26.10 aq:20.11 tex:8934 mv:6557 misc:965 imb:59 pmb:549 smb:312 d:- ref:0 ;
in:5173 out:5175 type:b dur:2 cpbdur:2 q:26.09 aq:19.77 tex:469 mv:366 misc:533 imb:2 pmb:91 smb:827 d:- ref:0 ;
in:5175 out:5176 type:b dur:2 cpbdur:2 q:26.10 aq:22.07 tex:2387 mv:3460 misc:969 imb:18 pmb:318 smb:584 d:- ref:0 ;
in:5180 out:5177 type:P dur:2 cpbdur:2 q:26.11 aq:19.82 tex:43266 mv:7906 misc:348 imb:188 pmb:693 smb:39 d:- ref:0 ;
in:5178 out:5178 type:B dur:2 cpbdur:2 q:26.11 aq:20.37 tex:7547 mv:4787 misc:1018 imb:51 pmb:491 smb:378 d:- ref:0 ;
in:5177 out:5179 type:b dur:2 cpbdur:2 q:26.11 aq:21.89 tex:2440 mv:3662 misc:906 imb:31 pmb:285 smb:604 d:- ref:0 ;
in:5179 out:5180 type:b dur:2 cpbdur:2 q:26.11 aq:19.37 tex:387 mv:163 misc:370 imb:0 pmb:43 smb:877 d:- ref:0 ;
in:5183 out:5181 type:P dur:2 cpbdur:2 q:26.13 aq:19.13 tex:45132 mv:7915 misc:345 imb:167 pmb:721 smb:32 d:- ref:0 ;
in:5181 out:5182 type:B dur:2 cpbdur:2 q:26.12 aq:21.20 tex:2854 mv:3890 misc:976 imb:28 pmb:305 smb:587 d:- ref:0 ;
in:5182 out:5183 type:b dur:2 cpbdur:2 q:26.13 aq:22.17 tex:1813 mv:2996 misc:911 imb:18 pmb:274 smb:628 d:- ref:0 ;
in:5187 out:5184 type:P dur:2 cpbdur:2 q:26.17 aq:19.63 tex:36672 mv:7473 misc:439 imb:160 pmb:688 smb:72 d:- ref:0 ;
in:5185 out:5185 type:B dur:2 cpbdur:2 q:26.15 aq:21.72 tex:3942 mv:4451 misc:1031 imb:22 pmb:391 smb:507 d:- ref:0 ;
in:5184 out:5186 type:b dur:2 cpbdur:2 q:26.14 aq:20.99 tex:343 mv:238 misc:363 imb:2 pmb:49 smb:869 d:- ref:0 ;
in:5186 out:5187 type:b dur:2 cpbdur:2 q:26.16 aq:22.59 tex:2016 mv:2863 misc:905 imb:17 pmb:274 smb:629 d:- ref:0 ;
in:5191 out:5188 type:P dur:2 cpbdur:2 q:26.18 aq:19.79 tex:35234 mv:6615 misc:551 imb:133 pmb:676 smb:111 d:- ref:0 ;
in:5189 out:5189 type:B dur:2 cpbdur:2 q:26.18 aq:20.68 tex:8820 mv:5482 misc:1034 imb:53 pmb:514 smb:353 d:- ref:0 ;
in:5188 out:5190 type:b dur:2 cpbdur:2 q:26.17 aq:18.54 tex:154 mv:177 misc:349 imb:0 pmb:46 smb:874 d:- ref:0 ;
in:5190 out:5191 type:b dur:2 cpbdur:2 q:26.18 aq:22.78 tex:1575 mv:2290 misc:831 imb:5 pmb:212 smb:703 d:- ref:0 ;
in:5195 out:5192 type:P dur:2 cpbdur:2 q:26.18 aq:19.95 tex:39021 mv:7224 misc:483 imb:184 pmb:660 smb:76 d:- ref:0 ;
in:5193 out:5193 type:B dur:2 cpbdur:2 q:26.18 aq:21.10 tex:8959 mv:4907 misc:1006 imb:42 pmb:476 smb:402 d:- ref:0 ;
in:5192 out:5194 type:b dur:2 cpbdur:2 q:26.18 aq:23.31 tex:2666 mv:3500 misc:954 imb:22 pmb:296 smb:602 d:- ref:0 ;
in:5194 out:5195 type:b dur:2 cpbdur:2 q:26.18 aq:23.61 tex:253 mv:126 misc:285 imb:0 pmb:26 smb:894 d:- ref:0 ;
in:5198 out:5196 type:P dur:2 cpbdur:2 q:26.18 aq:19.30 tex:46499 mv:7740 misc:369 imb:196 pmb:678 smb:46 d:- ref:0 ;
in:5196 out:5197 type:B dur:2 cpbdur:2 q:26.18 aq:22.58 tex:4843 mv:3987 misc:938 imb:18 pmb:319 smb:583 d:- ref:0 ;
in:5197 out:5198 type:b dur:2 cpbdur:2 q:26.18 aq:22.68 tex:4399 mv:3564 misc:901 imb:13 pmb:300 smb:607 d:- ref:0 ;
in:5202 out:5199 type:P dur:2 cpbdur:2 q:26.19 aq:19.52 tex:42897 mv:7140 misc:515 imb:186 pmb:635 smb:99 d:- ref:0 ;
in:5200 out:5200 type:B dur:2 cpbdur:2 q:26.18 aq:22.15 tex:5768 mv:4517 misc:987 imb:16 pmb:394 smb:510 d:- ref:0 ;
in:5199 out:5201 type:b dur:2 cpbdur:2 q:26.18 aq:21.11 tex:268 mv:321 misc:491 imb:0 pmb:78 smb:842 d:- ref:0 ;
in:5201 out:5202 type:b dur:2 cpbdur:2 q:26.19 aq:21.82 tex:3540 mv:3665 misc:859 imb:20 pmb:275 smb:625 d:- ref:0 ;
in:5206 out:5203 type:P dur:2 cpbdur:2 q:26.19 aq:19.82 tex:38371 mv:6602 misc:651 imb:134 pmb:640 smb:146 d:- ref:0 ;
in:5204 out:5204 type:B dur:2 cpbdur:2 q:26.19 aq:20.75 tex:9696 mv:5312 misc:1008 imb:24 pmb:490 smb:406 d:- ref:0 ;
in:5203 out:5205 type:b dur:2 cpbdur:2 q:26.19 aq:17.93 tex:523 mv:428 misc:569 imb:3 pmb:113 smb:804 d:- ref:0 ;
in:5205 out:5206 type:b dur:2 cpbdur:2 q:26.19 aq:22.52 tex:3246 mv:2382 misc:860 imb:8 pmb:229 smb:683 d:- ref:0 ;
in:5208 out:5207 type:P dur:2 cpbdur:2 q:26.19 aq:19.02 tex:41181 mv:6603 misc:576 imb:150 pmb:674 smb:96 d:- ref:0 ;
in:5207 out:5208 type:b dur:2 cpbdur:2 q:26.19 aq:23.74 tex:2671 mv:2631 misc:842 imb:11 pmb:242 smb:667 d:- ref:0 ;
in:5212 out:5209 type:P dur:2 cpbdur:2 q:26.20 aq:19.79 tex:36344 mv:6144 misc:704 imb:120 pmb:629 smb:171 d:- ref:0 ;
in:5210 out:5210 type:B dur:2 cpbdur:2 q:26.20 aq:21.77 tex:4577 mv:3981 misc:1010 imb:11 pmb:402 smb:507 d:- ref:0 ;
in:5209 out:5211 type:b dur:2 cpbdur:2 q:26.20 aq:19.98 tex:393 mv:307 misc:476 imb:1 pmb:73 smb:846 d:- ref:0 ;
in:5211 out:5212 type:b dur:2 cpbdur:2 q:26.20 aq:22.89 tex:2421 mv:2587 misc:912 imb:6 pmb:289 smb:625 d:- ref:0 ;
in:5213 out:5213 type:P dur:2 cpbdur:2 q:26.21 aq:19.22 tex:22865 mv:4634 misc:725 imb:102 pmb:643 smb:175 d:- ref:0 ;
in:5217 out:5214 type:P dur:2 cpbdur:2 q:26.22 aq:19.83 tex:28572 mv:5852 misc:704 imb:147 pmb:610 smb:163 d:- ref:0 ;
in:5215 out:5215 type:B dur:2 cpbdur:2 q:26.22 aq:21.80 tex:2596 mv:3313 misc:979 imb:17 pmb:328 smb:575 d:- ref:0 ;
in:5214 out:5216 type:b dur:2 cpbdur:2 q:26.21 aq:18.82 tex:553 mv:256 misc:439 imb:2 pmb:77 smb:841 d:- ref:0 ;
in:5216 out:5217 type:b dur:2 cpbdur:2 q:26.22 aq:21.76 tex:1720 mv:2515 misc:861 imb:16 pmb:240 smb:664 d:- ref:0 ;
in:5221 out:5218 type:P dur:2 cpbdur:2 q:26.22 aq:20.14 tex:23233 mv:5309 misc:770 imb:108 pmb:602 smb:210 d:- ref:0 ;
in:5219 out:5219 type:B dur:2 cpbdur:2 q:26.22 aq:20.16 tex:6702 mv:4499 misc:1047 imb:31 pmb:446 smb:443 d:- ref:0 ;
in:5218 out:5220 type:b dur:2 cpbdur:2 q:26.22 aq:17.38 tex:244 mv:295 misc:493 imb:1 pmb:83 smb:836 d:- ref:0 ;
in:5220 out:5221 type:b dur:2 cpbdur:2 q:26.22 aq:22.82 tex:1814 mv:1744 misc:762 imb:6 pmb:183 smb:731 d:- ref:0 ;
in:5225 out:5222 type:P dur:2 cpbdur:2 q:26.20 aq:21.84 tex:11059 mv:4151 misc:942 imb:76 pmb:419 smb:425 d:- ref:0 ;
in:5223 out:5223 type:B dur:2 cpbdur:2 q:26.21 aq:20.54 tex:9183 mv:4297 misc:1016 imb:38 pmb:474 smb:408 d:- ref:0 ;
in:5222 out:5224 type:b dur:2 cpbdur:2 q:26.21 aq:21.43 tex:1174 mv:2301 misc:837 imb:6 pmb:229 smb:685 d:- ref:0 ;
in:5224 out:5225 type:b dur:2 cpbdur:2 q:26.20 aq:19.19 tex:359 mv:188 misc:453 imb:0 pmb:63 smb:857 d:- ref:0 ;
in:5226 out:5226 type:I dur:2 cpbdur:2 q:23.28 aq:15.17 tex:307623 mv:29964 misc:125 imb:920 pmb:0 smb:0 d:- ref:;
in:5230 out:5227 type:P dur:2 cpbdur:2 q:26.50 aq:18.92 tex:3794 mv:269 misc:649 imb:8 pmb:106 smb:806 d:- ref:0 ;
in:5228 out:5228 type:B dur:2 cpbdur:2 q:26.50 aq:19.05 tex:126 mv:45 misc:221 imb:0 pmb:13 smb:907 d:- ref:0 ;
in:5227 out:5229 type:b dur:2 cpbdur:2 q:26.50 aq:19.00 tex:26 mv:7 misc:143 imb:0 pmb:2 smb:918 d:- ref:0 ;
in:5229 out:5230 type:b dur:2 cpbdur:2 q:26.50 aq:20.00 tex:0 mv:0 misc:120 imb:0 pmb:0 smb:920 d:- ref:0 ;
in:5231 out:5231 type:P dur:2 cpbdur:2 q:26.46 aq:18.99 tex:11267 mv:3073 misc:780 imb:51 pmb:339 smb:530 d:- ref:0 ;
in:5232 out:5232 type:P dur:2 cpbdur:2 q:26.45 aq:19.25 tex:1990 mv:266 misc:616 imb:4 pmb:94 smb:822 d:- ref:0 ;
in:5233 out:5233 type:P dur:2 cpbdur:2 q:26.43 aq:19.41 tex:10386 mv:2183 misc:887 imb:47 pmb:341 smb:532 d:- ref:0 ;
in:5234 out:5234 type:P dur:2 cpbdur:2 q:26.43 aq:19.43 tex:4442 mv:503 misc:807 imb:7 pmb:183 smb:730 d:- ref:0 ;
in:5235 out:5235 type:P dur:2 cpbdur:2 q:26.42 aq:19.28 tex:7403 mv:1935 misc:822 imb:18 pmb:330 smb:572 d:- ref:0 ;
in:5236 out:5236 type:P dur:2 cpbdur:2 q:26.41 aq:18.89 tex:3871 mv:523 misc:726 imb:4 pmb:161 smb:755 d:- ref:0 ;
in:5237 out:5237 type:P dur:2 cpbdur:2 q:26.32 aq:18.62 tex:1955 mv:189 misc:576 imb:2 pmb:82 smb:836 d:- ref:0 ;
in:5238 out:5238 type:P dur:2 cpbdur:2 q:26.31 aq:18.92 tex:2524 mv:566 misc:654 imb:5 pmb:137 smb:778 d:- ref:0 ;
in:5240 out:5239 type:P dur:2 cpbdur:2 q:26.30 aq:19.32 tex:6128 mv:1666 misc:822 imb:19 pmb:267 smb:634 d:- ref:0 ;
in:5239 out:5240 type:b dur:2 cpbdur:2 q:26.31 aq:20.75 tex:239 mv:120 misc:417 imb:0 pmb:55 smb:865 d:- ref:0 ;
in:5241 out:5241 type:P dur:2 cpbdur:2 q:26.28 aq:19.23 tex:5174 mv:1357 misc:741 imb:13 pmb:233 smb:674 d:- ref:0 ;
in:5242 out:5242 type:P dur:2 cpbdur:2 q:26.27 aq:17.62 tex:1508 mv:279 misc:493 imb:5 pmb:68 smb:847 d:- ref:0 ;
in:5244 out:5243 type:P dur:2 cpbdur:2 q:26.26 aq:20.18 tex:2830 mv:978 misc:736 imb:21 pmb:153 smb:746 d:- ref:0 ;
in:5243 out:5244 type:b dur:2 cpbdur:2 q:26.26 aq:21.00 tex:29 mv:66 misc:217 imb:0 pmb:18 smb:902 d:- ref:0 ;
in:5245 out:5245 type:P dur:2 cpbdur:2 q:26.24 aq:22.63 tex:286 mv:44 misc:214 imb:2 pmb:6 smb:912 d:- ref:0 ;
in:5246 out:5246 type:i dur:2 cpbdur:2 q:23.38 aq:15.33 tex:306706 mv:30389 misc:137 imb:920 pmb:0 smb:0 d:- ref:;
in:5249 out:5247 type:P dur:2 cpbdur:2 q:26.51 aq:17.37 tex:2489 mv:301 misc:618 imb:10 pmb:99 smb:811 d:- ref:0 ;
in:5247 out:5248 type:B dur:2 cpbdur:2 q:26.51 aq:17.00 tex:6 mv:18 misc:176 imb:0 pmb:4 smb:916 d:- ref:0 ;
in:5248 out:5249 type:b dur:2 cpbdur:2 q:26.51 aq:18.00 tex:0 mv:0 misc:128 imb:0 pmb:0 smb:920 d:- ref:0 ;
in:5250 out:5250 type:P dur:2 cpbdur:2 q:26.48 aq:18.44 tex:1946 mv:160 misc:454 imb:5 pmb:55 smb:860 d:- ref:0 ;
in:5251 out:5251 type:P dur:2 cpbdur:2 q:26.46 aq:19.90 tex:4498 mv:211 misc:603 imb:3 pmb:129 smb:788 d:- ref:0 ;
in:5252 out:5252 type:P dur:2 cpbdur:2 q:26.46 aq:20.96 tex:7133 mv:212 misc:687 imb:1 pmb:177 smb:742 d:- ref:0 ;
in:5253 out:5253 type:P dur:2 cpbdur:2 q:26.45 aq:21.34 tex:10202 mv:396 misc:746 imb:2 pmb:245 smb:673 d:- ref:0 ;
in:5254 out:5254 type:P dur:2 cpbdur:2 q:26.44 aq:20.26 tex:24358 mv:1208 misc:794 imb:24 pmb:395 smb:501 d:- ref:0 ;
in:5255 out:5255 type:P dur:2 cpbdur:2 q:26.43 aq:21.16 tex:11632 mv:417 misc:807 imb:6 pmb:256 smb:658 d:- ref:0 ;
in:5256 out:5256 type:P dur:2 cpbdur:2 q:26.42 aq:20.89 tex:19203 mv:696 misc:853 imb:11 pmb:360 smb:549 d:- ref:0 ;
in:5257 out:5257 type:P dur:2 cpbdur:2 q:26.38 aq:20.67 tex:20512 mv:744 misc:872 imb:9 pmb:377 smb:534 d:- ref:0 ;
in:5258 out:5258 type:P dur:2 cpbdur:2 q:26.37 aq:21.38 tex:22013 mv:757 misc:782 imb:7 pmb:388 smb:525 d:- ref:0 ;
in:5259 out:5259 type:P dur:2 cpbdur:2 q:26.36 aq:21.24 tex:35265 mv:1564 misc:771 imb:19 pmb:508 smb:393 d:- ref:0 ;
in:5260 out:5260 type:P dur:2 cpbdur:2 q:26.35 aq:21.68 tex:17259 mv:491 misc:842 imb:5 pmb:342 smb:573 d:- ref:0 ;
in:5261 out:5261 type:P dur:2 cpbdur:2 q:26.34 aq:21.58 tex:26098 mv:897 misc:797 imb:10 pmb:407 smb:503 d:- ref:0 ;
in:5262 out:5262 type:P dur:2 cpbdur:2 q:26.34 aq:21.22 tex:28794 mv:1145 misc:813 imb:18 pmb:432 smb:470 d:- ref:0 ;
in:5263 out:5263 type:P dur:2 cpbdur:2 q:26.33 aq:20.82 tex:30875 mv:1154 misc:827 imb:20 pmb:429 smb:471 d:- ref:0 ;
in:5264 out:5264 type:P dur:2 cpbdur:2 q:26.33 aq:20.38 tex:45499 mv:1902 misc:695 imb:20 pmb:558 smb:342 d:- ref:0 ;
in:5265 out:5265 type:P dur:2 cpbdur:2 q:26.35 aq:20.51 tex:25421 mv:965 misc:854 imb:9 pmb:407 smb:504 d:- ref:0 ;
in:5266 out:5266 type:P dur:2 cpbdur:2 q:26.36 aq:20.29 tex:36366 mv:1443 misc:791 imb:19 pmb:461 smb:440 d:- ref:0 ;
in:5267 out:5267 type:P dur:2 cpbdur:2 q:26.37 aq:19.84 tex:41103 mv:1593 misc:720 imb:18 pmb:555 smb:347 d:- ref:0 ;
in:5271 out:5268 type:P dur:2 cpbdur:2 q:26.39 aq:19.87 tex:62162 mv:2891 misc:603 imb:46 pmb:618 smb:256 d:- ref:0 ;
in:5269 out:5269 type:B dur:2 cpbdur:2 q:26.38 aq:27.51 tex:2301 mv:326 misc:421 imb:2 pmb:57 smb:861 d:- ref:0 ;
in:5268 out:5270 type:b dur:2 cpbdur:2 q:26.38 aq:29.94 tex:162 mv:44 misc:186 imb:0 pmb:8 smb:912 d:- ref:0 ;
in:5270 out:5271 type:b dur:2 cpbdur:2 q:26.39 aq:23.79 tex:73 mv:21 misc:154 imb:0 pmb:3 smb:917 d:- ref:0 ;
in:5275 out:5272 type:P dur:2 cpbdur:2 q:26.46 aq:19.84 tex:67103 mv:2913 misc:632 imb:46 pmb:616 smb:258 d:- ref:0 ;
in:5273 out:5273 type:B dur:2 cpbdur:2 q:26.43 aq:26.46 tex:2831 mv:630 misc:491 imb:6 pmb:86 smb:828 d:- ref:0 ;
in:5272 out:5274 type:b dur:2 cpbdur:2 q:26.41 aq:18.00 tex:19 mv:13 misc:160 imb:0 pmb:3 smb:917 d:- ref:0 ;
in:5274 out:5275 type:b dur:2 cpbdur:2 q:26.44 aq:28.09 tex:611 mv:137 misc:284 imb:1 pmb:26 smb:893 d:- ref:0 ;
in:5279 out:5276 type:P dur:2 cpbdur:2 q:26.55 aq:18.82 tex:68928 mv:3489 misc:519 imb:90 pmb:703 smb:127 d:- ref:0 ;
in:5277 out:5277 type:B dur:2 cpbdur:2 q:26.50 aq:26.63 tex:4693 mv:918 misc:557 imb:3 pmb:125 smb:792 d:- ref:0 ;
in:5276 out:5278 type:b dur:2 cpbdur:2 q:26.48 aq:21.98 tex:101 mv:51 misc:184 imb:1 pmb:6 smb:913 d:- ref:0 ;
in:5278 out:5279 type:b dur:2 cpbdur:2 q:26.53 aq:23.49 tex:1687 mv:479 misc:450 imb:4 pmb:72 smb:844 d:- ref:0 ;
in:5283 out:5280 type:P dur:2 cpbdur:2 q:26.61 aq:20.15 tex:67484 mv:2927 misc:653 imb:41 pmb:643 smb:236 d:- ref:0 ;
in:5281 out:5281 type:B dur:2 cpbdur:2 q:26.58 aq:24.56 tex:2036 mv:482 misc:450 imb:1 pmb:73 smb:846 d:- ref:0 ;
in:5280 out:5282 type:b dur:2 cpbdur:2 q:26.56 aq:17.32 tex:59 mv:20 misc:177 imb:0 pmb:6 smb:914 d:- ref:0 ;
in:5282 out:5283 type:b dur:2 cpbdur:2 q:26.59 aq:17.07 tex:36 mv:12 misc:160 imb:0 pmb:3 smb:917 d:- ref:0 ;
in:5287 out:5284 type:P dur:2 cpbdur:2 q:26.61 aq:19.33 tex:68977 mv:3823 misc:592 imb:85 pmb:666 smb:169 d:- ref:0 ;
in:5285 out:5285 type:B dur:2 cpbdur:2 q:26.61 aq:25.96 tex:7608 mv:1364 misc:636 imb:3 pmb:183 smb:734 d:- ref:0 ;
in:5284 out:5286 type:b dur:2 cpbdur:2 q:26.61 aq:28.05 tex:2112 mv:491 misc:469 imb:3 pmb:82 smb:835 d:- ref:0 ;
in:5286 out:5287 type:b dur:2 cpbdur:2 q:26.61 aq:18.79 tex:85 mv:65 misc:218 imb:0 pmb:12 smb:908 d:- ref:0 ;
in:5291 out:5288 type:P dur:2 cpbdur:2 q:26.61 aq:19.04 tex:69368 mv:3914 misc:518 imb:79 pmb:701 smb:140 d:- ref:0 ;
in:5289 out:5289 type:B dur:2 cpbdur:2 q:26.61 aq:26.42 tex:7527 mv:1420 misc:645 imb:5 pmb:195 smb:720 d:- ref:0 ;
in:5288 out:5290 type:b dur:2 cpbdur:2 q:26.61 aq:26.69 tex:1803 mv:593 misc:468 imb:1 pmb:90 smb:829 d:- ref:0 ;
in:5290 out:5291 type:b dur:2 cpbdur:2 q:26.61 aq:18.41 tex:141 mv:24 misc:179 imb:0 pmb:7 smb:913 d:- ref:0 ;
in:5295 out:5292 type:P dur:2 cpbdur:2 q:26.62 aq:19.03 tex:73581 mv:3816 misc:619 imb:81 pmb:647 smb:192 d:- ref:0 ;
in:5293 out:5293 type:B dur:2 cpbdur:2 q:26.61 aq:24.39 tex:7455 mv:1596 misc:757 imb:9 pmb:218 smb:693 d:- ref:0 ;
in:5292 out:5294 type:b dur:2 cpbdur:2 q:26.61 aq:21.25 tex:409 mv:100 misc:267 imb:4 pmb:18 smb:898 d:- ref:0 ;
in:5294 out:5295 type:b dur:2 cpbdur:2 q:26.62 aq:25.94 tex:2178 mv:619 misc:475 imb:2 pmb:98 smb:820 d:- ref:0 ;
in:5299 out:5296 type:P dur:2 cpbdur:2 q:26.63 aq:19.86 tex:72014 mv:3822 misc:596 imb:64 pmb:647 smb:209 d:- ref:0 ;
in:5297 out:5297 type:B dur:2 cpbdur:2 q:26.62 aq:24.65 tex:7230 mv:1617 misc:665 imb:11 pmb:204 smb:705 d:- ref:0 ;
in:5296 out:5298 type:b dur:2 cpbdur:2 q:26.62 aq:17.74 tex:125 mv:69 misc:230 imb:0 pmb:14 smb:906 d:- ref:0 ;
in:5298 out:5299 type:b dur:2 cpbdur:2 q:26.63 aq:29.58 tex:2736 mv:702 misc:498 imb:1 pmb:107 smb:812 d:- ref:0 ;
in:5303 out:5300 type:P dur:2 cpbdur:2 q:26.64 aq:19.19 tex:68705 mv:3585 misc:622 imb:81 pmb:617 smb:222 d:- ref:0 ;
in:5301 out:5301 type:B dur:2 cpbdur:2 q:26.64 aq:24.62 tex:3968 mv:743 misc:585 imb:3 pmb:114 smb:803 d:- ref:0 ;
in:5300 out:5302 type:b dur:2 cpbdur:2 q:26.63 aq:21.21 tex:352 mv:46 misc:218 imb:0 pmb:13 smb:907 d:- ref:0 ;
in:5302 out:5303 type:b dur:2 cpbdur:2 q:26.64 aq:22.58 tex:294 mv:91 misc:223 imb:0 pmb:15 smb:905 d:- ref:0 ;
in:5307 out:5304 type:P dur:2 cpbdur:2 q:26.66 aq:19.75 tex:71322 mv:3613 misc:561 imb:91 pmb:638 smb:191 d:- ref:0 ;
in:5305 out:5305 type:B dur:2 cpbdur:2 q:26.65 aq:26.56 tex:8142 mv:1681 misc:713 imb:13 pmb:226 smb:681 d:- ref:0 ;
in:5304 out:5306 type:b dur:2 cpbdur:2 q:26.65 aq:26.21 tex:1944 mv:756 misc:508 imb:2 pmb:101 smb:817 d:- ref:0 ;
in:5306 out:5307 type:b dur:2 cpbdur:2 q:26.66 aq:20.13 tex:586 mv:82 misc:244 imb:3 pmb:15 smb:902 d:- ref:0 ;
in:5311 out:5308 type:P dur:2 cpbdur:2 q:26.68 aq:19.00 tex:78227 mv:4509 misc:480 imb:122 pmb:702 smb:96 d:- ref:0 ;
in:5309 out:5309 type:B dur:2 cpbdur:2 q:26.67 aq:23.43 tex:9187 mv:1720 misc:797 imb:11 pmb:258 smb:651 d:- ref:0 ;
in:5308 out:5310 type:b dur:2 cpbdur:2 q:26.67 aq:24.75 tex:2844 mv:735 misc:589 imb:4 pmb:124 smb:792 d:- ref:0 ;
in:5310 out:5311 type:b dur:2 cpbdur:2 q:26.68 aq:21.25 tex:598 mv:126 misc:284 imb:4 pmb:22 smb:894 d:- ref:0 ;
in:5315 out:5312 type:P dur:2 cpbdur:2 q:26.71 aq:19.42 tex:72655 mv:3716 misc:557 imb:75 pmb:674 smb:171 d:- ref:0 ;
in:5313 out:5313 type:B dur:2 cpbdur:2 q:26.69 aq:25.30 tex:6875 mv:1788 misc:697 imb:8 pmb:226 smb:686 d:- ref:0 ;
in:5312 out:5314 type:b dur:2 cpbdur:2 q:26.69 aq:25.37 tex:297 mv:55 misc:216 imb:0 pmb:12 smb:908 d:- ref:0 ;
in:5314 out:5315 type:b dur:2 cpbdur:2 q:26.70 aq:27.14 tex:2286 mv:717 misc:477 imb:2 pmb:97 smb:821 d:- ref:0 ;
in:5319 out:5316 type:P dur:2 cpbdur:2 q:26.73 aq:19.55 tex:72431 mv:3767 misc:586 imb:67 pmb:689 smb:164 d:- ref:0 ;
in:5317 out:5317 type:B dur:2 cpbdur:2 q:26.72 aq:22.66 tex:7095 mv:1641 misc:736 imb:3 pmb:220 smb:697 d:- ref:0 ;
in:5316 out:5318 type:b dur:2 cpbdur:2 q:26.71 aq:19.26 tex:313 mv:124 misc:259 imb:1 pmb:19 smb:900 d:- ref:0 ;
in:5318 out:5319 type:b dur:2 cpbdur:2 q:26.72 aq:27.53 tex:2442 mv:751 misc:487 imb:2 pmb:97 smb:821 d:- ref:0 ;
in:5323 out:5320 type:P dur:2 cpbdur:2 q:26.75 aq:20.03 tex:67972 mv:3365 misc:543 imb:66 pmb:657 smb:197 d:- ref:0 ;
in:5321 out:5321 type:B dur:2 cpbdur:2 q:26.74 aq:25.51 tex:4710 mv:1205 misc:645 imb:8 pmb:145 smb:767 d:- ref:0 ;
in:5320 out:5322 type:b dur:2 cpbdur:2 q:26.73 aq:22.93 tex:508 mv:113 misc:275 imb:2 pmb:22 smb:896 d:- ref:0 ;
in:5322 out:5323 type:b dur:2 cpbdur:2 q:26.74 aq:19.89 tex:507 mv:68 misc:249 imb:1 pmb:20 smb:899 d:- ref:0 ;
in:5327 out:5324 type:P dur:2 cpbdur:2 q:26.77 aq:18.93 tex:74016 mv:4450 misc:534 imb:107 pmb:699 smb:114 d:- ref:0 ;
in:5325 out:5325 type:B dur:2 cpbdur:2 q:26.76 aq:27.18 tex:7755 mv:1863 misc:750 imb:6 pmb:244 smb:670 d:- ref:0 ;
in:5324 out:5326 type:b dur:2 cpbdur:2 q:26.76 aq:26.89 tex:2705 mv:866 misc:573 imb:4 pmb:129 smb:787 d:- ref:0 ;
in:5326 out:5327 type:b dur:2 cpbdur:2 q:26.77 aq:18.24 tex:431 mv:177 misc:280 imb:4 pmb:24 smb:892 d:- ref:0 ;
in:5331 out:5328 type:P dur:2 cpbdur:2 q:26.79 aq:19.63 tex:68637 mv:3741 misc:614 imb:65 pmb:660 smb:195 d:- ref:0 ;
in:5329 out:5329 type:B dur:2 cpbdur:2 q:26.78 aq:26.84 tex:6785 mv:1674 misc:749 imb:8 pmb:228 smb:684 d:- ref:0 ;
in:5328 out:5330 type:b dur:2 cpbdur:2 q:26.78 aq:29.85 tex:1952 mv:651 misc:477 imb:3 pmb:76 smb:841 d:- ref:0 ;
in:5330 out:5331 type:b dur:2 cpbdur:2 q:26.79 aq:17.94 tex:297 mv:91 misc:252 imb:0 pmb:20 smb:900 d:- ref:0 ;
in:5335 out:5332 type:P dur:2 cpbdur:2 q:26.80 aq:19.52 tex:69919 mv:3635 misc:614 imb:64 pmb:645 smb:211 d:- ref:0 ;
in:5333 out:5333 type:B dur:2 cpbdur:2 q:26.80 aq:26.34 tex:7315 mv:1485 misc:680 imb:8 pmb:205 smb:707 d:- ref:0 ;
in:5332 out:5334 type:b dur:2 cpbdur:2 q:26.79 aq:23.85 tex:454 mv:75 misc:223 imb:0 pmb:15 smb:905 d:- ref:0 ;
in:5334 out:5335 type:b dur:2 cpbdur:2 q:26.80 aq:29.75 tex:1742 mv:539 misc:447 imb:1 pmb:75 smb:844 d:- ref:0 ;
in:5339 out:5336 type:P dur:2 cpbdur:2 q:26.82 aq:19.13 tex:76638 mv:4447 misc:483 imb:122 pmb:699 smb:99 d:- ref:0 ;
in:5337 out:5337 type:B dur:2 cpbdur:2 q:26.81 aq:24.87 tex:6279 mv:1652 misc:757 imb:10 pmb:208 smb:702 d:- ref:0 ;
in:5336 out:5338 type:b dur:2 cpbdur:2 q:26.81 aq:20.37 tex:286 mv:55 misc:203 imb:1 pmb:13 smb:906 d:- ref:0 ;
in:5338 out:5339 type:b dur:2 cpbdur:2 q:26.81 aq:25.53 tex:2533 mv:901 misc:558 imb:7 pmb:117 smb:796 d:- ref:0 ;
in:5343 out:5340 type:P dur:2 cpbdur:2 q:26.84 aq:19.69 tex:65780 mv:3635 misc:601 imb:69 pmb:660 smb:191 d:- ref:0 ;
in:5341 out:5341 type:B dur:2 cpbdur:2 q:26.83 aq:26.26 tex:4529 mv:1224 misc:575 imb:4 pmb:154 smb:762 d:- ref:0 ;
in:5340 out:5342 type:b dur:2 cpbdur:2 q:26.82 aq:22.22 tex:250 mv:63 misc:207 imb:0 pmb:12 smb:908 d:- ref:0 ;
in:5342 out:5343 type:b dur:2 cpbdur:2 q:26.83 aq:23.58 tex:214 mv:83 misc:223 imb:0 pmb:15 smb:905 d:- ref:0 ;
in:5347 out:5344 type:P dur:2 cpbdur:2 q:26.85 aq:19.56 tex:65437 mv:3744 misc:603 imb:73 pmb:641 smb:206 d:- ref:0 ;
in:5345 out:5345 type:B dur:2 cpbdur:2 q:26.85 aq:26.90 tex:7010 mv:1614 misc:672 imb:7 pmb:212 smb:701 d:- ref:0 ;
in:5344 out:5346 type:b dur:2 cpbdur:2 q:26.84 aq:25.34 tex:2266 mv:805 misc:497 imb:3 pmb:109 smb:808 d:- ref:0 ;
in:5346 out:5347 type:b dur:2 cpbdur:2 q:26.85 aq:23.45 tex:281 mv:58 misc:205 imb:1 pmb:12 smb:907 d:- ref:0 ;
in:5351 out:5348 type:P dur:2 cpbdur:2 q:26.86 aq:19.54 tex:69355 mv:3728 misc:613 imb:74 pmb:652 smb:194 d:- ref:0 ;
in:5349 out:5349 type:B dur:2 cpbdur:2 q:26.86 aq:28.07 tex:6227 mv:1574 misc:671 imb:12 pmb:192 smb:716 d:- ref:0 ;
in:5348 out:5350 type:b dur:2 cpbdur:2 q:26.86 aq:30.73 tex:1474 mv:691 misc:435 imb:7 pmb:81 smb:832 d:- ref:0 ;
in:5350 out:5351 type:b dur:2 cpbdur:2 q:26.86 aq:28.16 tex:203 mv:84 misc:225 imb:0 pmb:17 smb:903 d:- ref:0 ;
in:5355 out:5352 type:P dur:2 cpbdur:2 q:26.88 aq:19.76 tex:67499 mv:3755 misc:586 imb:75 pmb:666 smb:179 d:- ref:0 ;
in:5353 out:5353 type:B dur:2 cpbdur:2 q:26.87 aq:26.67 tex:7157 mv:1930 misc:681 imb:7 pmb:225 smb:688 d:- ref:0 ;
in:5352 out:5354 type:b dur:2 cpbdur:2 q:26.87 aq:21.48 tex:197 mv:51 misc:200 imb:1 pmb:11 smb:908 d:- ref:0 ;
in:5354 out:5355 type:b dur:2 cpbdur:2 q:26.87 aq:29.48 tex:1901 mv:866 misc:425 imb:6 pmb:88 smb:826 d:- ref:0 ;
in:5359 out:5356 type:P dur:2 cpbdur:2 q:26.89 aq:20.10 tex:65579 mv:3774 misc:591 imb:77 pmb:657 smb:186 d:- ref:0 ;
in:5357 out:5357 type:B dur:2 cpbdur:2 q:26.88 aq:26.20 tex:6057 mv:1480 misc:679 imb:6 pmb:191 smb:723 d:- ref:0 ;
in:5356 out:5358 type:b dur:2 cpbdur:2 q:26.88 aq:26.43 tex:267 mv:71 misc:214 imb:2 pmb:13 smb:905 d:- ref:0 ;
in:5358 out:5359 type:b dur:2 cpbdur:2 q:26.89 aq:28.94 tex:2683 mv:856 misc:533 imb:1 pmb:129 smb:790 d:- ref:0 ;
in:5363 out:5360 type:P dur:2 cpbdur:2 q:26.90 aq:20.60 tex:64117 mv:3670 misc:541 imb:77 pmb:660 smb:183 d:- ref:0 ;
in:5361 out:5361 type:B dur:2 cpbdur:2 q:26.90 aq:23.20 tex:3605 mv:927 misc:540 imb:3 pmb:116 smb:801 d:- ref:0 ;
in:5360 out:5362 type:b dur:2 cpbdur:2 q:26.89 aq:26.76 tex:201 mv:33 misc:182 imb:0 pmb:9 smb:911 d:- ref:0 ;
in:5362 out:5363 type:b dur:2 cpbdur:2 q:26.90 aq:27.42 tex:248 mv:40 misc:192 imb:0 pmb:12 smb:908 d:- ref:0 ;
in:5367 out:5364 type:P dur:2 cpbdur:2 q:26.91 aq:20.56 tex:64389 mv:3578 misc:569 imb:65 pmb:667 smb:188 d:- ref:0 ;
in:5365 out:5365 type:B dur:2 cpbdur:2 q:26.91 aq:24.73 tex:7580 mv:1766 misc:734 imb:12 pmb:232 smb:676 d:- ref:0 ;
in:5364 out:5366 type:b dur:2 cpbdur:2 q:26.90 aq:27.23 tex:1928 mv:870 misc:474 imb:3 pmb:104 smb:813 d:- ref:0 ;
in:5366 out:5367 type:b dur:2 cpbdur:2 q:26.91 aq:24.20 tex:448 mv:184 misc:288 imb:1 pmb:30 smb:889 d:- ref:0 ;
in:5371 out:5368 type:P dur:2 cpbdur:2 q:26.92 aq:19.20 tex:73963 mv:4412 misc:417 imb:128 pmb:722 smb:70 d:- ref:0 ;
in:5369 out:5369 type:B dur:2 cpbdur:2 q:26.92 aq:22.90 tex:7751 mv:1974 misc:835 imb:6 pmb:285 smb:629 d:- ref:0 ;
in:5368 out:5370 type:b dur:2 cpbdur:2 q:26.91 aq:25.01 tex:2594 mv:874 misc:612 imb:4 pmb:133 smb:783 d:- ref:0 ;
in:5370 out:5371 type:b dur:2 cpbdur:2 q:26.92 aq:25.14 tex:293 mv:105 misc:266 imb:0 pmb:23 smb:897 d:- ref:0 ;
in:5375 out:5372 type:P dur:2 cpbdur:2 q:26.94 aq:19.75 tex:66672 mv:3664 misc:592 imb:64 pmb:684 smb:172 d:- ref:0 ;
in:5373 out:5373 type:B dur:2 cpbdur:2 q:26.93 aq:25.85 tex:6826 mv:1695 misc:711 imb:9 pmb:220 smb:691 d:- ref:0 ;
in:5372 out:5374 type:b dur:2 cpbdur:2 q:26.93 aq:24.45 tex:419 mv:68 misc:241 imb:1 pmb:18 smb:901 d:- ref:0 ;
in:5374 out:5375 type:b dur:2 cpbdur:2 q:26.93 aq:29.77 tex:1751 mv:834 misc:447 imb:2 pmb:91 smb:827 d:- ref:0 ;
in:5379 out:5376 type:P dur:2 cpbdur:2 q:26.95 aq:19.78 tex:63937 mv:3600 misc:639 imb:66 pmb:672 smb:182 d:- ref:0 ;
in:5377 out:5377 type:B dur:2 cpbdur:2 q:26.94 aq:26.38 tex:5985 mv:1472 misc:631 imb:5 pmb:197 smb:718 d:- ref:0 ;
in:5376 out:5378 type:b dur:2 cpbdur:2 q:26.94 aq:27.47 tex:260 mv:50 misc:186 imb:1 pmb:12 smb:907 d:- ref:0 ;
in:5378 out:5379 type:b dur:2 cpbdur:2 q:26.95 aq:30.18 tex:2564 mv:761 misc:483 imb:4 pmb:105 smb:811 d:- ref:0 ;
in:5383 out:5380 type:P dur:2 cpbdur:2 q:26.96 aq:20.07 tex:61130 mv:3307 misc:619 imb:59 pmb:666 smb:195 d:- ref:0 ;
in:5381 out:5381 type:B dur:2 cpbdur:2 q:26.95 aq:23.68 tex:2264 mv:867 misc:517 imb:2 pmb:106 smb:812 d:- ref:0 ;
in:5380 out:5382 type:b dur:2 cpbdur:2 q:26.95 aq:23.69 tex:209 mv:56 misc:191 imb:2 pmb:8 smb:910 d:- ref:0 ;
in:5382 out:5383 type:b dur:2 cpbdur:2 q:26.96 aq:25.84 tex:192 mv:70 misc:202 imb:0 pmb:14 smb:906 d:- ref:0 ;
in:5387 out:5384 type:P dur:2 cpbdur:2 q:26.97 aq:20.50 tex:61924 mv:3340 misc:584 imb:58 pmb:658 smb:204 d:- ref:0 ;
in:5385 out:5385 type:B dur:2 cpbdur:2 q:26.96 aq:26.04 tex:5607 mv:1396 misc:677 imb:3 pmb:184 smb:733 d:- ref:0 ;
in:5384 out:5386 type:b dur:2 cpbdur:2 q:26.96 aq:29.02 tex:1057 mv:458 misc:397 imb:2 pmb:67 smb:851 d:- ref:0 ;
in:5386 out:5387 type:b dur:2 cpbdur:2 q:26.97 aq:20.69 tex:78 mv:64 misc:202 imb:0 pmb:12 smb:908 d:- ref:0 ;
in:5391 out:5388 type:P dur:2 cpbdur:2 q:26.98 aq:20.52 tex:57239 mv:3113 misc:616 imb:59 pmb:626 smb:235 d:- ref:0 ;
in:5389 out:5389 type:B dur:2 cpbdur:2 q:26.97 aq:28.26 tex:4833 mv:1103 misc:624 imb:6 pmb:158 smb:756 d:- ref:0 ;
in:5388 out:5390 type:b dur:2 cpbdur:2 q:26.97 aq:25.77 tex:478 mv:294 misc:292 imb:1 pmb:38 smb:881 d:- ref:0 ;
in:5390 out:5391 type:b dur:2 cpbdur:2 q:26.97 aq:22.40 tex:89 mv:16 misc:151 imb:0 pmb:4 smb:916 d:- ref:0 ;
in:5395 out:5392 type:P dur:2 cpbdur:2 q:26.98 aq:21.25 tex:54896 mv:3217 misc:631 imb:60 pmb:623 smb:237 d:- ref:0 ;
in:5393 out:5393 type:B dur:2 cpbdur:2 q:26.98 aq:24.79 tex:3862 mv:1047 misc:587 imb:4 pmb:145 smb:771 d:- ref:0 ;
in:5392 out:5394 type:b dur:2 cpbdur:2 q:26.98 aq:22.07 tex:77 mv:16 misc:155 imb:0 pmb:5 smb:915 d:- ref:0 ;
in:5394 out:5395 type:b dur:2 cpbdur:2 q:26.98 aq:27.87 tex:887 mv:230 misc:323 imb:2 pmb:47 smb:871 d:- ref:0 ;
in:5399 out:5396 type:P dur:2 cpbdur:2 q:26.98 aq:20.49 tex:59067 mv:3873 misc:548 imb:107 pmb:701 smb:112 d:- ref:0 ;
in:5397 out:5397 type:B dur:2 cpbdur:2 q:26.98 aq:22.92 tex:818 mv:180 misc:378 imb:1 pmb:43 smb:876 d:- ref:0 ;
in:5396 out:5398 type:b dur:2 cpbdur:2 q:26.98 aq:25.30 tex:107 mv:31 misc:158 imb:1 pmb:4 smb:915 d:- ref:0 ;
in:5398 out:5399 type:b dur:2 cpbdur:2 q:26.98 aq:21.59 tex:383 mv:109 misc:332 imb:1 pmb:35 smb:884 d:- ref:0 ;
in:5403 out:5400 type:P dur:2 cpbdur:2 q:26.99 aq:21.59 tex:46793 mv:3190 misc:721 imb:41 pmb:652 smb:227 d:- ref:0 ;
in:5401 out:5401 type:B dur:2 cpbdur:2 q:26.98 aq:25.23 tex:2663 mv:781 misc:532 imb:6 pmb:111 smb:803 d:- ref:0 ;
in:5400 out:5402 type:b dur:2 cpbdur:2 q:26.98 aq:24.42 tex:419 mv:240 misc:357 imb:3 pmb:45 smb:872 d:- ref:0 ;
in:5402 out:5403 type:b dur:2 cpbdur:2 q:26.99 aq:24.62 tex:63 mv:12 misc:141 imb:0 pmb:3 smb:917 d:- ref:0 ;
in:5404 out:5404 type:P dur:2 cpbdur:2 q:26.98 aq:22.70 tex:18684 mv:1127 misc:821 imb:17 pmb:391 smb:512 d:- ref:0 ;
in:5405 out:5405 type:P dur:2 cpbdur:2 q:26.97 aq:22.51 tex:32905 mv:2058 misc:717 imb:29 pmb:535 smb:356 d:- ref:0 ;
in:5406 out:5406 type:P dur:2 cpbdur:2 q:26.98 aq:23.58 tex:13951 mv:594 misc:831 imb:5 pmb:305 smb:610 d:- ref:0 ;
in:5407 out:5407 type:P dur:2 cpbdur:2 q:26.98 aq:23.43 tex:20644 mv:1119 misc:789 imb:23 pmb:398 smb:499 d:- ref:0 ;
in:5408 out:5408 type:P dur:2 cpbdur:2 q:26.97 aq:22.58 tex:18978 mv:1028 misc:834 imb:19 pmb:390 smb:511 d:- ref:0 ;
in:5409 out:5409 type:P dur:2 cpbdur:2 q:26.96 aq:23.77 tex:18385 mv:874 misc:805 imb:11 pmb:358 smb:551 d:- ref:0 ;
in:5410 out:5410 type:P dur:2 cpbdur:2 q:26.95 aq:22.19 tex:28373 mv:1944 misc:779 imb:34 pmb:508 smb:378 d:- ref:0 ;
in:5411 out:5411 type:P dur:2 cpbdur:2 q:26.96 aq:23.47 tex:7619 mv:456 misc:781 imb:8 pmb:215 smb:697 d:- ref:0 ;
in:5412 out:5412 type:P dur:2 cpbdur:2 q:26.95 aq:24.40 tex:11549 mv:686 misc:773 imb:19 pmb:270 smb:631 d:- ref:0 ;
in:5413 out:5413 type:P dur:2 cpbdur:2 q:26.94 aq:23.20 tex:10914 mv:639 misc:847 imb:12 pmb:277 smb:631 d:- ref:0 ;
in:5414 out:5414 type:P dur:2 cpbdur:2 q:26.93 aq:23.93 tex:8407 mv:564 misc:813 imb:14 pmb:234 smb:672 d:- ref:0 ;
in:5415 out:5415 type:P dur:2 cpbdur:2 q:26.92 aq:23.90 tex:13139 mv:939 misc:826 imb:16 pmb:309 smb:595 d:- ref:0 ;
in:5416 out:5416 type:P dur:2 cpbdur:2 q:26.92 aq:24.30 tex:3047 mv:245 misc:620 imb:4 pmb:116 smb:800 d:- ref:0 ;
in:5417 out:5417 type:P dur:2 cpbdur:2 q:26.92 aq:22.29 tex:1906 mv:207 misc:535 imb:5 pmb:76 smb:839 d:- ref:0 ;
in:5418 out:5418 type:P dur:2 cpbdur:2 q:26.92 aq:22.86 tex:368 mv:57 misc:287 imb:1 pmb:21 smb:898 d:- ref:0 ;
in:5419 out:5419 type:P dur:2 cpbdur:2 q:26.91 aq:22.70 tex:115 mv:16 misc:181 imb:0 pmb:6 smb:914 d:- ref:0 ;
in:5420 out:5420 type:I dur:2 cpbdur:2 q:24.03 aq:15.92 tex:241527 mv:31481 misc:128 imb:920 pmb:0 smb:0 d:- ref:;
in:5424 out:5421 type:P dur:2 cpbdur:2 q:27.06 aq:20.07 tex:21503 mv:2146 misc:839 imb:6 pmb:421 smb:493 d:- ref:0 ;
in:5422 out:5422 type:B dur:2 cpbdur:2 q:27.06 aq:18.96 tex:186 mv:182 misc:480 imb:0 pmb:95 smb:825 d:- ref:0 ;
in:5421 out:5423 type:b dur:2 cpbdur:2 q:27.06 aq:23.00 tex:11 mv:4 misc:129 imb:0 pmb:1 smb:919 d:- ref:0 ;
in:5423 out:5424 type:b dur:2 cpbdur:2 q:27.06 aq:25.15 tex:880 mv:564 misc:356 imb:3 pmb:55 smb:862 d:- ref:0 ;
in:5425 out:5425 type:P dur:2 cpbdur:2 q:27.05 aq:20.87 tex:29006 mv:2052 misc:710 imb:33 pmb:287 smb:600 d:- ref:0 ;
in:5429 out:5426 type:P dur:2 cpbdur:2 q:27.06 aq:20.43 tex:37184 mv:3096 misc:792 imb:52 pmb:456 smb:412 d:- ref:0 ;
in:5427 out:5427 type:B dur:2 cpbdur:2 q:27.05 aq:25.07 tex:4540 mv:1787 misc:497 imb:9 pmb:132 smb:779 d:- ref:0 ;
in:5426 out:5428 type:b dur:2 cpbdur:2 q:27.05 aq:23.00 tex:17 mv:133 misc:362 imb:0 pmb:61 smb:859 d:- ref:0 ;
in:5428 out:5429 type:b dur:2 cpbdur:2 q:27.05 aq:26.13 tex:3166 mv:1599 misc:379 imb:4 pmb:99 smb:817 d:- ref:0 ;
in:5433 out:5430 type:P dur:2 cpbdur:2 q:27.05 aq:20.12 tex:56815 mv:4771 misc:606 imb:150 pmb:517 smb:253 d:- ref:0 ;
in:5431 out:5431 type:B dur:2 cpbdur:2 q:27.05 aq:24.54 tex:13244 mv:3286 misc:606 imb:15 pmb:274 smb:631 d:- ref:0 ;
in:5430 out:5432 type:b dur:2 cpbdur:2 q:27.05 aq:23.80 tex:64 mv:72 misc:280 imb:0 pmb:30 smb:890 d:- ref:0 ;
in:5432 out:5433 type:b dur:2 cpbdur:2 q:27.05 aq:25.25 tex:3445 mv:1425 misc:450 imb:10 pmb:103 smb:807 d:- ref:0 ;
in:5434 out:5434 type:P dur:2 cpbdur:2 q:27.05 aq:19.57 tex:5703 mv:413 misc:852 imb:5 pmb:213 smb:702 d:- ref:0 ;
in:5438 out:5435 type:P dur:2 cpbdur:2 q:27.04 aq:19.52 tex:62005 mv:4554 misc:529 imb:98 pmb:625 smb:197 d:- ref:0 ;
in:5436 out:5436 type:B dur:2 cpbdur:2 q:27.05 aq:25.05 tex:8446 mv:2439 misc:723 imb:9 pmb:253 smb:658 d:- ref:0 ;
in:5435 out:5437 type:b dur:2 cpbdur:2 q:27.05 aq:22.15 tex:127 mv:219 misc:558 imb:1 pmb:119 smb:800 d:- ref:0 ;
in:5437 out:5438 type:b dur:2 cpbdur:2 q:27.05 aq:28.57 tex:1256 mv:913 misc:375 imb:1 pmb:78 smb:841 d:- ref:0 ;
in:5442 out:5439 type:P dur:2 cpbdur:2 q:27.03 aq:19.98 tex:36240 mv:2817 misc:823 imb:30 pmb:529 smb:361 d:- ref:0 ;
in:5440 out:5440 type:B dur:2 cpbdur:2 q:27.04 aq:26.52 tex:3882 mv:1292 misc:570 imb:2 pmb:162 smb:756 d:- ref:0 ;
in:5439 out:5441 type:b dur:2 cpbdur:2 q:27.04 aq:28.52 tex:1089 mv:1089 misc:478 imb:0 pmb:126 smb:794 d:- ref:0 ;
in:5441 out:5442 type:b dur:2 cpbdur:2 q:27.03 aq:23.64 tex:108 mv:152 misc:364 imb:0 pmb:67 smb:853 d:- ref:0 ;
in:5444 out:5443 type:P dur:2 cpbdur:2 q:27.04 aq:21.09 tex:23543 mv:1843 misc:822 imb:16 pmb:346 smb:558 d:- ref:0 ;
in:5443 out:5444 type:b dur:2 cpbdur:2 q:27.04 aq:28.82 tex:1563 mv:851 misc:330 imb:2 pmb:70 smb:848 d:- ref:0 ;
in:5446 out:5445 type:P dur:2 cpbdur:2 q:27.03 aq:20.20 tex:34596 mv:2692 misc:808 imb:53 pmb:375 smb:492 d:- ref:0 ;
in:5445 out:5446 type:b dur:2 cpbdur:2 q:27.04 aq:21.48 tex:138 mv:127 misc:407 imb:1 pmb:78 smb:841 d:- ref:0 ;
in:5450 out:5447 type:P dur:2 cpbdur:2 q:27.06 aq:20.04 tex:46644 mv:3295 misc:725 imb:61 pmb:376 smb:483 d:- ref:0 ;
in:5448 out:5448 type:B dur:2 cpbdur:2 q:27.05 aq:27.20 tex:10315 mv:3209 misc:508 imb:19 pmb:198 smb:703 d:- ref:0 ;
in:5447 out:5449 type:b dur:2 cpbdur:2 q:27.04 aq:28.24 tex:3215 mv:1787 misc:398 imb:3 pmb:125 smb:792 d:- ref:0 ;
in:5449 out:5450 type:b dur:2 cpbdur:2 q:27.06 aq:28.81 tex:4777 mv:2083 misc:508 imb:4 pmb:159 smb:757 d:- ref:0 ;
in:5454 out:5451 type:P dur:2 cpbdur:2 q:27.10 aq:21.21 tex:36170 mv:2816 misc:718 imb:42 pmb:379 smb:499 d:- ref:0 ;
in:5452 out:5452 type:B dur:2 cpbdur:2 q:27.08 aq:26.00 tex:5398 mv:2038 misc:564 imb:2 pmb:175 smb:743 d:- ref:0 ;
in:5451 out:5453 type:b dur:2 cpbdur:2 q:27.07 aq:23.00 tex:93 mv:186 misc:369 imb:0 pmb:67 smb:853 d:- ref:0 ;
in:5453 out:5454 type:b dur:2 cpbdur:2 q:27.09 aq:29.36 tex:3175 mv:1606 misc:419 imb:3 pmb:143 smb:774 d:- ref:0 ;
in:5458 out:5455 type:P dur:2 cpbdur:2 q:27.09 aq:19.70 tex:70804 mv:5463 misc:421 imb:204 pmb:620 smb:96 d:- ref:0 ;
in:5456 out:5456 type:B dur:2 cpbdur:2 q:27.09 aq:23.43 tex:10446 mv:3368 misc:786 imb:34 pmb:303 smb:583 d:- ref:0 ;
in:5455 out:5457 type:b dur:2 cpbdur:2 q:27.10 aq:21.77 tex:159 mv:153 misc:320 imb:5 pmb:37 smb:878 d:- ref:0 ;
in:5457 out:5458 type:b dur:2 cpbdur:2 q:27.09 aq:24.39 tex:2332 mv:1292 misc:424 imb:12 pmb:92 smb:816 d:- ref:0 ;
in:5460 out:5459 type:P dur:2 cpbdur:2 q:27.11 aq:19.14 tex:40313 mv:3508 misc:859 imb:75 pmb:604 smb:241 d:- ref:0 ;
in:5459 out:5460 type:b dur:2 cpbdur:2 q:27.10 aq:26.95 tex:1812 mv:1539 misc:497 imb:5 pmb:117 smb:798 d:- ref:0 ;
in:5461 out:5461 type:P dur:2 cpbdur:2 q:27.09 aq:18.75 tex:5281 mv:347 misc:852 imb:6 pmb:188 smb:726 d:- ref:0 ;
in:5464 out:5462 type:P dur:2 cpbdur:2 q:27.08 aq:20.40 tex:26891 mv:2030 misc:951 imb:22 pmb:443 smb:455 d:- ref:0 ;
in:5462 out:5463 type:B dur:2 cpbdur:2 q:27.08 aq:25.79 tex:1094 mv:755 misc:455 imb:1 pmb:89 smb:830 d:- ref:0 ;
in:5463 out:5464 type:b dur:2 cpbdur:2 q:27.08 aq:25.24 tex:949 mv:559 misc:252 imb:1 pmb:43 smb:876 d:- ref:0 ;
in:5468 out:5465 type:P dur:2 cpbdur:2 q:27.07 aq:20.52 tex:35529 mv:2862 misc:889 imb:79 pmb:421 smb:420 d:- ref:0 ;
in:5466 out:5466 type:B dur:2 cpbdur:2 q:27.07 aq:25.58 tex:8124 mv:2479 misc:589 imb:9 pmb:195 smb:716 d:- ref:0 ;
in:5465 out:5467 type:b dur:2 cpbdur:2 q:27.08 aq:20.85 tex:64 mv:188 misc:428 imb:0 pmb:78 smb:842 d:- ref:0 ;
in:5467 out:5468 type:b dur:2 cpbdur:2 q:27.07 aq:28.10 tex:3135 mv:1882 misc:423 imb:3 pmb:131 smb:786 d:- ref:0 ;
in:5471 out:5469 type:P dur:2 cpbdur:2 q:27.06 aq:20.44 tex:43759 mv:3388 misc:845 imb:117 pmb:371 smb:432 d:- ref:0 ;
in:5469 out:5470 type:B dur:2 cpbdur:2 q:27.07 aq:27.26 tex:4955 mv:2333 misc:512 imb:11 pmb:158 smb:751 d:- ref:0 ;
in:5470 out:5471 type:b dur:2 cpbdur:2 q:27.06 aq:23.14 tex:116 mv:73 misc:291 imb:0 pmb:38 smb:882 d:- ref:0 ;
in:5473 out:5472 type:P dur:2 cpbdur:2 q:27.08 aq:20.92 tex:26101 mv:2595 misc:816 imb:38 pmb:333 smb:549 d:- ref:0 ;
in:5472 out:5473 type:b dur:2 cpbdur:2 q:27.07 aq:25.72 tex:3078 mv:1702 misc:476 imb:2 pmb:132 smb:786 d:- ref:0 ;
in:5474 out:5474 type:P dur:2 cpbdur:2 q:27.08 aq:20.98 tex:20636 mv:2089 misc:707 imb:27 pmb:304 smb:589 d:- ref:0 ;
in:5475 out:5475 type:P dur:2 cpbdur:2 q:27.08 aq:19.95 tex:34541 mv:2797 misc:614 imb:64 pmb:283 smb:573 d:- ref:0 ;
in:5476 out:5476 type:P dur:2 cpbdur:2 q:27.09 aq:19.47 tex:6191 mv:511 misc:922 imb:8 pmb:243 smb:669 d:- ref:0 ;
in:5480 out:5477 type:P dur:2 cpbdur:2 q:27.09 aq:20.56 tex:41009 mv:3203 misc:732 imb:82 pmb:327 smb:511 d:- ref:0 ;
in:5478 out:5478 type:B dur:2 cpbdur:2 q:27.09 aq:24.80 tex:9299 mv:2640 misc:525 imb:4 pmb:210 smb:706 d:- ref:0 ;
in:5477 out:5479 type:b dur:2 cpbdur:2 q:27.09 aq:26.60 tex:3066 mv:1243 misc:475 imb:1 pmb:125 smb:794 d:- ref:0 ;
in:5479 out:5480 type:b dur:2 cpbdur:2 q:27.09 aq:27.61 tex:4278 mv:1954 misc:448 imb:8 pmb:155 smb:757 d:- ref:0 ;
in:5481 out:5481 type:P dur:2 cpbdur:2 q:27.09 aq:21.52 tex:2860 mv:215 misc:613 imb:4 pmb:99 smb:817 d:- ref:0 ;
in:5482 out:5482 type:P dur:2 cpbdur:2 q:27.08 aq:20.56 tex:48127 mv:4362 misc:631 imb:118 pmb:561 smb:241 d:- ref:0 ;
in:5483 out:5483 type:P dur:2 cpbdur:2 q:27.10 aq:20.57 tex:25721 mv:1837 misc:914 imb:15 pmb:433 smb:472 d:- ref:0 ;
in:5485 out:5484 type:P dur:2 cpbdur:2 q:27.10 aq:20.74 tex:42632 mv:2767 misc:865 imb:45 pmb:571 smb:304 d:- ref:0 ;
in:5484 out:5485 type:b dur:2 cpbdur:2 q:27.10 aq:26.98 tex:3231 mv:1125 misc:412 imb:2 pmb:108 smb:810 d:- ref:0 ;
in:5486 out:5486 type:P dur:2 cpbdur:2 q:27.12 aq:19.90 tex:3622 mv:283 misc:743 imb:6 pmb:134 smb:780 d:- ref:0 ;
in:5487 out:5487 type:P dur:2 cpbdur:2 q:27.10 aq:20.87 tex:17061 mv:1325 misc:902 imb:12 pmb:376 smb:532 d:- ref:0 ;
in:5491 out:5488 type:P dur:2 cpbdur:2 q:27.10 aq:20.45 tex:40603 mv:3578 misc:779 imb:67 pmb:630 smb:223 d:- ref:0 ;
in:5489 out:5489 type:B dur:2 cpbdur:2 q:27.10 aq:23.05 tex:2512 mv:1268 misc:540 imb:3 pmb:126 smb:791 d:- ref:0 ;
in:5488 out:5490 type:b dur:2 cpbdur:2 q:27.10 aq:20.12 tex:221 mv:163 misc:416 imb:0 pmb:64 smb:856 d:- ref:0 ;
in:5490 out:5491 type:b dur:2 cpbdur:2 q:27.10 aq:22.65 tex:198 mv:223 misc:483 imb:0 pmb:92 smb:828 d:- ref:0 ;
in:5495 out:5492 type:P dur:2 cpbdur:2 q:27.09 aq:20.47 tex:41727 mv:3209 misc:848 imb:104 pmb:386 smb:430 d:- ref:0 ;
in:5493 out:5493 type:B dur:2 cpbdur:2 q:27.10 aq:25.98 tex:9217 mv:2697 misc:510 imb:5 pmb:213 smb:702 d:- ref:0 ;
in:5492 out:5494 type:b dur:2 cpbdur:2 q:27.10 aq:26.05 tex:3382 mv:1220 misc:446 imb:0 pmb:128 smb:792 d:- ref:0 ;
in:5494 out:5495 type:b dur:2 cpbdur:2 q:27.10 aq:27.05 tex:4471 mv:1895 misc:474 imb:3 pmb:166 smb:751 d:- ref:0 ;
in:5498 out:5496 type:P dur:2 cpbdur:2 q:27.10 aq:21.76 tex:25923 mv:2573 misc:736 imb:68 pmb:313 smb:539 d:- ref:0 ;
in:5496 out:5497 type:B dur:2 cpbdur:2 q:27.10 aq:21.37 tex:95 mv:262 misc:435 imb:2 pmb:79 smb:839 d:- ref:0 ;
in:5497 out:5498 type:b dur:2 cpbdur:2 q:27.10 aq:26.27 tex:3743 mv:1703 misc:466 imb:9 pmb:127 smb:784 d:- ref:0 ;
in:5502 out:5499 type:P dur:2 cpbdur:2 q:27.10 aq:22.41 tex:41939 mv:3148 misc:681 imb:128 pmb:264 smb:528 d:- ref:0 ;
in:5500 out:5500 type:B dur:2 cpbdur:2 q:27.10 aq:25.51 tex:20815 mv:3647 misc:498 imb:45 pmb:232 smb:643 d:- ref:0 ;
in:5499 out:5501 type:b dur:2 cpbdur:2 q:27.10 aq:28.38 tex:10114 mv:2558 misc:456 imb:30 pmb:169 smb:721 d:- ref:0 ;
in:5501 out:5502 type:b dur:2 cpbdur:2 q:27.10 aq:24.10 tex:154 mv:230 misc:440 imb:0 pmb:85 smb:835 d:- ref:0 ;
in:5506 out:5503 type:P dur:2 cpbdur:2 q:27.09 aq:23.57 tex:35462 mv:3122 misc:488 imb:133 pmb:201 smb:586 d:- ref:0 ;
in:5504 out:5504 type:B dur:2 cpbdur:2 q:27.10 aq:25.61 tex:15776 mv:3885 misc:483 imb:30 pmb:228 smb:662 d:- ref:0 ;
in:5503 out:5505 type:b dur:2 cpbdur:2 q:27.10 aq:27.04 tex:8101 mv:3200 misc:371 imb:11 pmb:182 smb:727 d:- ref:0 ;
in:5505 out:5506 type:b dur:2 cpbdur:2 q:27.09 aq:24.51 tex:57 mv:155 misc:412 imb:1 pmb:80 smb:839 d:- ref:0 ;
in:5509 out:5507 type:P dur:2 cpbdur:2 q:27.09 aq:27.82 tex:17981 mv:2436 misc:487 imb:48 pmb:202 smb:670 d:- ref:0 ;
in:5507 out:5508 type:B dur:2 cpbdur:2 q:27.09 aq:26.83 tex:246 mv:263 misc:443 imb:0 pmb:88 smb:832 d:- ref:0 ;
in:5508 out:5509 type:b dur:2 cpbdur:2 q:27.09 aq:24.73 tex:6162 mv:1807 misc:439 imb:10 pmb:163 smb:747 d:- ref:0 ;
